id_partida,id_partida_fonte,temporada,data_partida,ano_calendario,mes,dia_semana,hora,home_team,away_team,stadium,ref,public,publico,game_date,home_team_score,away_team_score,resultado,resultado_codigo,link,gols_eventos_mandante,amarelos_mandante,vermelhos_diretos_mandante,segundos_amarelos_mandante,expulsoes_mandante,penaltis_convertidos_mandante,gols_contra_mandante,gols_eventos_visitante,amarelos_visitante,vermelhos_diretos_visitante,segundos_amarelos_visitante,expulsoes_visitante,penaltis_convertidos_visitante,gols_contra_visitante,total_gols,saldo_gols_mandante,total_amarelos,total_expulsoes,teve_expulsao,teve_penalti_convertido,teve_gol_contra,pontos_media_ultimos_5_mandante,vitorias_ultimos_5_mandante,empates_ultimos_5_mandante,derrotas_ultimos_5_mandante,gols_marcados_media_ultimos_5_mandante,gols_sofridos_media_ultimos_5_mandante,saldo_gols_media_ultimos_5_mandante,amarelos_media_ultimos_5_mandante,expulsoes_media_ultimos_5_mandante,aproveitamento_ultimos_5_mandante,jogos_anteriores_mandante,aproveitamento_mandante_em_casa,pontos_media_ultimos_5_visitante,vitorias_ultimos_5_visitante,empates_ultimos_5_visitante,derrotas_ultimos_5_visitante,gols_marcados_media_ultimos_5_visitante,gols_sofridos_media_ultimos_5_visitante,saldo_gols_media_ultimos_5_visitante,amarelos_media_ultimos_5_visitante,expulsoes_media_ultimos_5_visitante,aproveitamento_ultimos_5_visitante,jogos_anteriores_visitante,aproveitamento_visitante_fora,utilizavel_ml
1,3bsncmf0ph1ineln09ljzxgtm,2020,2020-08-08 19:00:00,2020,8,sábado,19,Fortaleza EC,Club Athletico Paranaense,Castelão,Braulio da Silva Machado,No data,,8 de agosto de 2020 19:00,0,2,away_win,2,https://optaplayerstats.statsperform.com/pt_BR/soccer/brasileir%C3%A3o-s%C3%A9rie-a-2020/1ruuku31y4hamxz48qnbvwfoq/match/view/3bsncmf0ph1ineln09ljzxgtm,0,3,1,0,1,0,0,2,2,0,0,0,0,0,2,-2,5,1,1,0,0,,,,,,,,,,,0,,,,,,,,,,,,0,,0
2,3bi42kd4unso8o8xcb3uf2s8a,2020,2020-08-08 19:30:00,2020,8,sábado,19,Coritiba FBC,SC Internacional,Couto Pereira,Bruno Arleu de Araújo,No data,,8 de agosto de 2020 19:30,0,1,away_win,2,https://optaplayerstats.statsperform.com/pt_BR/soccer/brasileir%C3%A3o-s%C3%A9rie-a-2020/1ruuku31y4hamxz48qnbvwfoq/match/view/3bi42kd4unso8o8xcb3uf2s8a,0,3,0,0,0,0,0,1,4,0,0,0,0,0,1,-1,7,0,0,0,0,,,,,,,,,,,0,,,,,,,,,,,,0,,0
3,3b8f88c11wk55mpx2awedql4a,2020,2020-08-08 21:00:00,2020,8,sábado,21,SC do Recife,Ceará SC,Ilha do Retiro,Edina Alves Batista,No data,,8 de agosto de 2020 21:00,3,2,home_win,0,https://optaplayerstats.statsperform.com/pt_BR/soccer/brasileir%C3%A3o-s%C3%A9rie-a-2020/1ruuku31y4hamxz48qnbvwfoq/match/view/3b8f88c11wk55mpx2awedql4a,3,3,0,0,0,1,0,2,3,0,0,0,0,0,5,1,6,0,0,1,0,,,,,,,,,,,0,,,,,,,,,,,,0,,0
4,39itqdrm9wuvukv6f8r3b2ve2,2020,2020-08-09 16:00:00,2020,8,domingo,16,CR Flamengo,Clube Atlético Mineiro,Estádio Jornalista Mário Filho (Maracanã),Raphael Claus,No data,,9 de agosto de 2020 16:00,0,1,away_win,2,https://optaplayerstats.statsperform.com/pt_BR/soccer/brasileir%C3%A3o-s%C3%A9rie-a-2020/1ruuku31y4hamxz48qnbvwfoq/match/view/39itqdrm9wuvukv6f8r3b2ve2,0,3,0,0,0,0,0,1,2,0,0,0,0,1,1,-1,5,0,0,0,1,,,,,,,,,,,0,,,,,,,,,,,,0,,0
5,3ae3e0q3biy38axql4mv4dsoa,2020,2020-08-09 16:00:00,2020,8,domingo,16,Santos FC Sao Paulo,Red Bull Bragantino,Vila Belmiro,Ricardo Marques Ribeiro,No data,,9 de agosto de 2020 16:00,1,1,draw,1,https://optaplayerstats.statsperform.com/pt_BR/soccer/brasileir%C3%A3o-s%C3%A9rie-a-2020/1ruuku31y4hamxz48qnbvwfoq/match/view/3ae3e0q3biy38axql4mv4dsoa,1,0,0,0,0,0,0,1,1,0,0,0,0,0,2,0,1,0,0,0,0,,,,,,,,,,,0,,,,,,,,,,,,0,,0
6,3axbyg76gagl9id8ntkxcwui2,2020,2020-08-09 19:00:00,2020,8,domingo,19,Grêmio FB Porto Alegrense,Fluminense FC,Arena do Grêmio,Wilton Pereira Sampaio,No data,,9 de agosto de 2020 19:00,1,0,home_win,0,https://optaplayerstats.statsperform.com/pt_BR/soccer/brasileir%C3%A3o-s%C3%A9rie-a-2020/1ruuku31y4hamxz48qnbvwfoq/match/view/3axbyg76gagl9id8ntkxcwui2,1,2,0,0,0,0,0,0,3,0,0,0,0,0,1,1,5,0,0,0,0,,,,,,,,,,,0,,,,,,,,,,,,0,,0
7,3d2j39ovz4nk9wj3koj76qv6y,2020,2020-08-12 19:15:00,2020,8,quarta-feira,19,Red Bull Bragantino,Botafogo FR,Nabizão,André Luiz de Freitas Castro,No data,,12 de agosto de 2020 19:15,1,1,draw,1,https://optaplayerstats.statsperform.com/pt_BR/soccer/brasileir%C3%A3o-s%C3%A9rie-a-2020/1ruuku31y4hamxz48qnbvwfoq/match/view/3d2j39ovz4nk9wj3koj76qv6y,1,3,0,0,0,0,0,1,1,0,0,0,0,0,2,0,4,0,0,0,0,,,,,,,,,,,1,,,,,,,,,,,,0,,0
8,3d8buc0qnb2i849mjlx66ey5m,2020,2020-08-12 19:15:00,2020,8,quarta-feira,19,Clube Atlético Mineiro,SC Corinthians Paulista,Mineirão,Wagner do Nascimento Magalhaes,No data,,12 de agosto de 2020 19:15,3,2,home_win,0,https://optaplayerstats.statsperform.com/pt_BR/soccer/brasileir%C3%A3o-s%C3%A9rie-a-2020/1ruuku31y4hamxz48qnbvwfoq/match/view/3d8buc0qnb2i849mjlx66ey5m,3,0,0,0,0,0,0,2,1,0,0,0,0,0,5,1,1,0,0,0,0,,,,,,,,,,,1,,,,,,,,,,,,0,,0
9,3dpf10h8f09xnu8x19ks0l9be,2020,2020-08-12 19:15:00,2020,8,quarta-feira,19,Club Athletico Paranaense,Goiás EC,Arena da Baixada,Diego Pombo Lopez,No data,,12 de agosto de 2020 19:15,2,1,home_win,0,https://optaplayerstats.statsperform.com/pt_BR/soccer/brasileir%C3%A3o-s%C3%A9rie-a-2020/1ruuku31y4hamxz48qnbvwfoq/match/view/3dpf10h8f09xnu8x19ks0l9be,2,3,0,0,0,0,0,1,3,0,0,0,1,0,3,1,6,0,0,1,0,,,,,,,,,,,1,,,,,,,,,,,,0,,0
10,3djknx1strnyxaxr2hh6godii,2020,2020-08-12 20:30:00,2020,8,quarta-feira,20,EC Bahia,Coritiba FBC,Pituaçu,Flavio Rodrigues De Souza,No data,,12 de agosto de 2020 20:30,1,0,home_win,0,https://optaplayerstats.statsperform.com/pt_BR/soccer/brasileir%C3%A3o-s%C3%A9rie-a-2020/1ruuku31y4hamxz48qnbvwfoq/match/view/3djknx1strnyxaxr2hh6godii,1,0,0,0,0,1,0,0,5,0,0,0,0,0,1,1,5,0,0,1,0,,,,,,,,,,,0,,,,,,,,,,,,1,,0
11,3dzdx0b3fvyg0lqnvhxmjh5re,2020,2020-08-12 20:30:00,2020,8,quarta-feira,20,Atlético Goianiense,CR Flamengo,Estádio Olímpico Pedro Ludovico Teixeira,Luiz Flávio de Oliveira,No data,,12 de agosto de 2020 20:30,3,0,home_win,0,https://optaplayerstats.statsperform.com/pt_BR/soccer/brasileir%C3%A3o-s%C3%A9rie-a-2020/1ruuku31y4hamxz48qnbvwfoq/match/view/3dzdx0b3fvyg0lqnvhxmjh5re,3,1,0,0,0,0,0,0,1,1,0,1,0,0,3,3,2,1,1,0,0,,,,,,,,,,,0,,,,,,,,,,,,1,,0
12,3ccvkh3vydouatzjly9wpzip6,2020,2020-08-12 21:30:00,2020,8,quarta-feira,21,Fluminense FC,SE Palmeiras,Estádio Jornalista Mário Filho (Maracanã),Rafael Traci,No data,,12 de agosto de 2020 21:30,1,1,draw,1,https://optaplayerstats.statsperform.com/pt_BR/soccer/brasileir%C3%A3o-s%C3%A9rie-a-2020/1ruuku31y4hamxz48qnbvwfoq/match/view/3ccvkh3vydouatzjly9wpzip6,1,3,0,0,0,0,0,1,3,0,0,0,0,0,2,0,6,0,0,0,0,,,,,,,,,,,1,,,,,,,,,,,,0,,0
13,3du4marq9bpspmgxxuuq9goru,2020,2020-08-12 21:30:00,2020,8,quarta-feira,21,Ceará SC,Grêmio FB Porto Alegrense,Castelão,Caio Max Augusto Vieira,No data,,12 de agosto de 2020 21:30,1,1,draw,1,https://optaplayerstats.statsperform.com/pt_BR/soccer/brasileir%C3%A3o-s%C3%A9rie-a-2020/1ruuku31y4hamxz48qnbvwfoq/match/view/3du4marq9bpspmgxxuuq9goru,1,3,0,0,0,0,0,1,1,0,0,0,0,0,2,0,4,0,0,0,0,,,,,,,,,,,1,,,,,,,,,,,,1,,0
14,3cube1nxxsvxl41ial0ac0ine,2020,2020-08-13 19:15:00,2020,8,quinta-feira,19,São Paulo FC,Fortaleza EC,Morumbi,Leandro Pedro Vuaden,No data,,13 de agosto de 2020 19:15,1,0,home_win,0,https://optaplayerstats.statsperform.com/pt_BR/soccer/brasileir%C3%A3o-s%C3%A9rie-a-2020/1ruuku31y4hamxz48qnbvwfoq/match/view/3cube1nxxsvxl41ial0ac0ine,1,1,0,0,0,0,0,0,2,0,0,0,0,0,1,1,3,0,0,0,0,,,,,,,,,,,0,,,,,,,,,,,,1,,0
15,3ddkuj1hgpjpod4wxpmyzmove,2020,2020-08-13 19:30:00,2020,8,quinta-feira,19,SC Internacional,Santos FC Sao Paulo,Beira-Rio,Marcelo de Lima Henrique,No data,,13 de agosto de 2020 19:30,2,0,home_win,0,https://optaplayerstats.statsperform.com/pt_BR/soccer/brasileir%C3%A3o-s%C3%A9rie-a-2020/1ruuku31y4hamxz48qnbvwfoq/match/view/3ddkuj1hgpjpod4wxpmyzmove,2,2,0,0,0,0,0,0,3,0,0,0,0,0,2,2,5,0,0,0,0,,,,,,,,,,,1,,,,,,,,,,,,1,,0
16,3ckvgs2dzxzp5ibefxk3wiane,2020,2020-08-13 20:00:00,2020,8,quinta-feira,20,CR Vasco da Gama,SC do Recife,São Januário,Rodolpho Toski Marques,No data,,13 de agosto de 2020 20:00,2,0,home_win,0,https://optaplayerstats.statsperform.com/pt_BR/soccer/brasileir%C3%A3o-s%C3%A9rie-a-2020/1ruuku31y4hamxz48qnbvwfoq/match/view/3ckvgs2dzxzp5ibefxk3wiane,2,2,0,0,0,0,0,0,3,1,0,1,0,0,2,2,5,1,1,0,0,,,,,,,,,,,0,,,,,,,,,,,,1,,0
17,3evz5i5qn16rnxh2lfbh1syga,2020,2020-08-15 19:00:00,2020,8,sábado,19,Grêmio FB Porto Alegrense,SC Corinthians Paulista,Arena do Grêmio,Bruno Arleu de Araújo,No data,,15 de agosto de 2020 19:00,0,0,draw,1,https://optaplayerstats.statsperform.com/pt_BR/soccer/brasileir%C3%A3o-s%C3%A9rie-a-2020/1ruuku31y4hamxz48qnbvwfoq/match/view/3evz5i5qn16rnxh2lfbh1syga,0,2,0,0,0,0,0,0,3,0,0,0,0,0,0,0,5,0,0,0,0,,,,,,,,,,,2,,,,,,,,,,,,1,,0
18,3f7xozr1vdzjd9rodtwsk6r1m,2020,2020-08-15 19:30:00,2020,8,sábado,19,Coritiba FBC,CR Flamengo,Couto Pereira,Rodrigo D'Alonso Ferreira,No data,,15 de agosto de 2020 19:30,0,1,away_win,2,https://optaplayerstats.statsperform.com/pt_BR/soccer/brasileir%C3%A3o-s%C3%A9rie-a-2020/1ruuku31y4hamxz48qnbvwfoq/match/view/3f7xozr1vdzjd9rodtwsk6r1m,0,5,0,1,1,0,0,1,3,0,0,0,0,0,1,-1,8,1,1,0,0,,,,,,,,,,,2,,,,,,,,,,,,2,,0
19,3eeybehcvl45ewu937n8q9pbe,2020,2020-08-15 21:30:00,2020,8,sábado,21,SE Palmeiras,Goiás EC,Allianz Parque,Paulo Roberto Alves Júnior,No data,,15 de agosto de 2020 21:30,1,1,draw,1,https://optaplayerstats.statsperform.com/pt_BR/soccer/brasileir%C3%A3o-s%C3%A9rie-a-2020/1ruuku31y4hamxz48qnbvwfoq/match/view/3eeybehcvl45ewu937n8q9pbe,1,1,0,0,0,0,0,1,3,0,0,0,0,0,2,0,4,0,0,0,0,,,,,,,,,,,1,,,,,,,,,,,,1,,0
20,3eqj1k1c73of82c9z7h8g27hm,2020,2020-08-16 11:00:00,2020,8,domingo,11,Clube Atlético Mineiro,Ceará SC,Mineirão,Sávio Pereira Sampaio,No data,,16 de agosto de 2020 11:00,2,0,home_win,0,https://optaplayerstats.statsperform.com/pt_BR/soccer/brasileir%C3%A3o-s%C3%A9rie-a-2020/1ruuku31y4hamxz48qnbvwfoq/match/view/3eqj1k1c73of82c9z7h8g27hm,2,2,0,0,0,1,0,0,4,0,0,0,0,0,2,2,6,0,0,1,0,,,,,,,,,,,2,,,,,,,,,,,,2,,0
21,3e9i2nbfa4jyd9kd0p2dm9vmy,2020,2020-08-16 16:00:00,2020,8,domingo,16,CR Vasco da Gama,São Paulo FC,São Januário,Wilton Pereira Sampaio,No data,,16 de agosto de 2020 16:00,2,1,home_win,0,https://optaplayerstats.statsperform.com/pt_BR/soccer/brasileir%C3%A3o-s%C3%A9rie-a-2020/1ruuku31y4hamxz48qnbvwfoq/match/view/3e9i2nbfa4jyd9kd0p2dm9vmy,2,2,0,0,0,0,0,1,5,0,0,0,1,0,3,1,7,0,0,1,0,,,,,,,,,,,1,,,,,,,,,,,,1,,0
22,3f0qng4dru1k6nxp49wmmr8mi,2020,2020-08-16 16:00:00,2020,8,domingo,16,EC Bahia,Red Bull Bragantino,Pituaçu,Felipe Fernandes de Lima,No data,,16 de agosto de 2020 16:00,2,1,home_win,0,https://optaplayerstats.statsperform.com/pt_BR/soccer/brasileir%C3%A3o-s%C3%A9rie-a-2020/1ruuku31y4hamxz48qnbvwfoq/match/view/3f0qng4dru1k6nxp49wmmr8mi,2,1,0,0,0,0,0,1,1,0,0,0,0,0,3,1,2,0,0,0,0,,,,,,,,,,,1,,,,,,,,,,,,2,,0
23,3e4l5g44jppwvp5mp04azqjxm,2020,2020-08-16 18:00:00,2020,8,domingo,18,Fluminense FC,SC Internacional,Estádio Jornalista Mário Filho (Maracanã),Raphael Claus,No data,,16 de agosto de 2020 18:00,2,1,home_win,0,https://optaplayerstats.statsperform.com/pt_BR/soccer/brasileir%C3%A3o-s%C3%A9rie-a-2020/1ruuku31y4hamxz48qnbvwfoq/match/view/3e4l5g44jppwvp5mp04azqjxm,2,2,0,0,0,2,0,1,2,0,0,0,0,0,3,1,4,0,0,1,0,,,,,,,,,,,2,,,,,,,,,,,,2,,0
24,3fnrd4bsq25a316kelcl7f1wq,2020,2020-08-16 19:00:00,2020,8,domingo,19,Atlético Goianiense,SC do Recife,Estádio Olímpico Pedro Ludovico Teixeira,Grazianni Maciel Rocha,No data,,16 de agosto de 2020 19:00,1,1,draw,1,https://optaplayerstats.statsperform.com/pt_BR/soccer/brasileir%C3%A3o-s%C3%A9rie-a-2020/1ruuku31y4hamxz48qnbvwfoq/match/view/3fnrd4bsq25a316kelcl7f1wq,1,1,0,1,1,0,0,1,2,0,0,0,0,0,2,0,3,1,1,0,0,,,,,,,,,,,1,,,,,,,,,,,,2,,0
25,3fe5ywof2nes85jek30a4ryay,2020,2020-08-16 19:30:00,2020,8,domingo,19,Fortaleza EC,Botafogo FR,Castelão,Marielson Alves Silva,No data,,16 de agosto de 2020 19:30,0,0,draw,1,https://optaplayerstats.statsperform.com/pt_BR/soccer/brasileir%C3%A3o-s%C3%A9rie-a-2020/1ruuku31y4hamxz48qnbvwfoq/match/view/3fe5ywof2nes85jek30a4ryay,0,2,0,0,0,0,0,0,1,0,0,0,0,0,0,0,3,0,0,0,0,,,,,,,,,,,2,,,,,,,,,,,,1,,0
26,3ekx4s240f9mzk3adocz7s38q,2020,2020-08-16 19:45:00,2020,8,domingo,19,Santos FC Sao Paulo,Club Athletico Paranaense,Vila Belmiro,Anderson Daronco,No data,,16 de agosto de 2020 19:45,3,1,home_win,0,https://optaplayerstats.statsperform.com/pt_BR/soccer/brasileir%C3%A3o-s%C3%A9rie-a-2020/1ruuku31y4hamxz48qnbvwfoq/match/view/3ekx4s240f9mzk3adocz7s38q,3,1,0,0,0,0,0,1,1,0,0,0,0,0,4,2,2,0,0,0,0,,,,,,,,,,,2,,,,,,,,,,,,2,,0
27,3fua15cbqwyq93z9op84270x6,2020,2020-08-19 19:15:00,2020,8,quarta-feira,19,CR Flamengo,Grêmio FB Porto Alegrense,Estádio Jornalista Mário Filho (Maracanã),Rafael Traci,No data,,19 de agosto de 2020 19:15,1,1,draw,1,https://optaplayerstats.statsperform.com/pt_BR/soccer/brasileir%C3%A3o-s%C3%A9rie-a-2020/1ruuku31y4hamxz48qnbvwfoq/match/view/3fua15cbqwyq93z9op84270x6,1,3,0,0,0,1,0,1,3,0,0,0,0,0,2,0,6,0,0,1,0,,,,,,,,,,,3,,,,,,,,,,,,3,,0
28,3g9qke13bocubf4hf05kzwx2i,2020,2020-08-19 19:15:00,2020,8,quarta-feira,19,Red Bull Bragantino,Fluminense FC,Nabizão,Jean Pierre Goncalves Lima,No data,,19 de agosto de 2020 19:15,2,1,home_win,0,https://optaplayerstats.statsperform.com/pt_BR/soccer/brasileir%C3%A3o-s%C3%A9rie-a-2020/1ruuku31y4hamxz48qnbvwfoq/match/view/3g9qke13bocubf4hf05kzwx2i,2,5,0,0,0,0,0,1,5,0,0,0,0,0,3,1,10,0,0,0,0,,,,,,,,,,,3,,,,,,,,,,,,3,,0
29,3gwmp87y83so0tiow91g52may,2020,2020-08-19 19:30:00,2020,8,quarta-feira,19,Club Athletico Paranaense,SE Palmeiras,Arena da Baixada,Caio Max Augusto Vieira,No data,,19 de agosto de 2020 19:30,0,1,away_win,2,https://optaplayerstats.statsperform.com/pt_BR/soccer/brasileir%C3%A3o-s%C3%A9rie-a-2020/1ruuku31y4hamxz48qnbvwfoq/match/view/3gwmp87y83so0tiow91g52may,0,5,0,0,0,0,0,1,0,0,0,0,0,0,1,-1,5,0,0,0,0,,,,,,,,,,,3,,,,,,,,,,,,2,,0
30,3gmedkemk3hlfux8zzuzl4nsa,2020,2020-08-19 20:30:00,2020,8,quarta-feira,20,SC Internacional,Atlético Goianiense,Beira-Rio,Wagner Reway,No data,,19 de agosto de 2020 20:30,3,0,home_win,0,https://optaplayerstats.statsperform.com/pt_BR/soccer/brasileir%C3%A3o-s%C3%A9rie-a-2020/1ruuku31y4hamxz48qnbvwfoq/match/view/3gmedkemk3hlfux8zzuzl4nsa,3,3,1,0,1,1,0,0,3,0,0,0,0,0,3,3,6,1,1,1,0,,,,,,,,,,,3,,,,,,,,,,,,2,,0
31,3h6o99hjw6uu7776735cc4lm2,2020,2020-08-19 20:30:00,2020,8,quarta-feira,20,Goiás EC,Fortaleza EC,Estádio Hailé Pinheiro (Serrinha),Dyorgines José Padovani Andrade,No data,,19 de agosto de 2020 20:30,1,3,away_win,2,https://optaplayerstats.statsperform.com/pt_BR/soccer/brasileir%C3%A3o-s%C3%A9rie-a-2020/1ruuku31y4hamxz48qnbvwfoq/match/view/3h6o99hjw6uu7776735cc4lm2,1,4,0,0,0,0,0,3,2,0,0,0,0,0,4,-2,6,0,0,0,0,,,,,,,,,,,2,,,,,,,,,,,,3,,0
32,3fz1peywvb8ttwvx5n77nd94a,2020,2020-08-19 21:30:00,2020,8,quarta-feira,21,Botafogo FR,Clube Atlético Mineiro,Estádio Nilton Santos,Flavio Rodrigues De Souza,No data,,19 de agosto de 2020 21:30,2,1,home_win,0,https://optaplayerstats.statsperform.com/pt_BR/soccer/brasileir%C3%A3o-s%C3%A9rie-a-2020/1ruuku31y4hamxz48qnbvwfoq/match/view/3fz1peywvb8ttwvx5n77nd94a,2,2,0,0,0,0,0,1,0,0,0,0,0,0,3,1,2,0,0,0,0,,,,,,,,,,,2,,,,,,,,,,,,3,,0
33,3ggof362icyz5hqst83ohhawa,2020,2020-08-19 21:30:00,2020,8,quarta-feira,21,SC Corinthians Paulista,Coritiba FBC,Neo Química Arena,Braulio da Silva Machado,No data,,19 de agosto de 2020 21:30,3,1,home_win,0,https://optaplayerstats.statsperform.com/pt_BR/soccer/brasileir%C3%A3o-s%C3%A9rie-a-2020/1ruuku31y4hamxz48qnbvwfoq/match/view/3ggof362icyz5hqst83ohhawa,3,2,0,0,0,0,0,1,1,1,0,1,0,0,4,2,3,1,1,0,0,,,,,,,,,,,2,,,,,,,,,,,,3,,0
34,3grwm2enutn0inwn4vmrjmr8q,2020,2020-08-20 19:15:00,2020,8,quinta-feira,19,SC do Recife,Santos FC Sao Paulo,Ilha do Retiro,José Mendonça da Silva Jr.,No data,,20 de agosto de 2020 19:15,0,1,away_win,2,https://optaplayerstats.statsperform.com/pt_BR/soccer/brasileir%C3%A3o-s%C3%A9rie-a-2020/1ruuku31y4hamxz48qnbvwfoq/match/view/3grwm2enutn0inwn4vmrjmr8q,0,5,0,0,0,0,0,1,2,0,0,0,0,0,1,-1,7,0,0,0,0,,,,,,,,,,,3,,,,,,,,,,,,3,,0
35,3g48xsut8hkx1dfuimstl4yui,2020,2020-08-20 20:00:00,2020,8,quinta-feira,20,São Paulo FC,EC Bahia,Morumbi,Rodrigo Carvalhaes de Miranda,No data,,20 de agosto de 2020 20:00,1,1,draw,1,https://optaplayerstats.statsperform.com/pt_BR/soccer/brasileir%C3%A3o-s%C3%A9rie-a-2020/1ruuku31y4hamxz48qnbvwfoq/match/view/3g48xsut8hkx1dfuimstl4yui,1,2,0,0,0,0,0,1,2,0,0,0,0,0,2,0,4,0,0,0,0,,,,,,,,,,,2,,,,,,,,,,,,2,,0
36,3h163p3rb97a8bn0alkemmulm,2020,2020-08-20 20:00:00,2020,8,quinta-feira,20,Ceará SC,CR Vasco da Gama,Castelão,Thiago Duarte Peixoto,No data,,20 de agosto de 2020 20:00,0,3,away_win,2,https://optaplayerstats.statsperform.com/pt_BR/soccer/brasileir%C3%A3o-s%C3%A9rie-a-2020/1ruuku31y4hamxz48qnbvwfoq/match/view/3h163p3rb97a8bn0alkemmulm,0,3,0,0,0,0,0,3,3,0,0,0,0,0,3,-3,6,0,0,0,0,,,,,,,,,,,3,,,,,,,,,,,,2,,0
37,3imrtfamzhbu2414fx8oajvxm,2020,2020-08-22 16:00:00,2020,8,sábado,16,Club Athletico Paranaense,Fluminense FC,Arena da Baixada,Daniel Nobre Bins,No data,,22 de agosto de 2020 16:00,0,1,away_win,2,https://optaplayerstats.statsperform.com/pt_BR/soccer/brasileir%C3%A3o-s%C3%A9rie-a-2020/1ruuku31y4hamxz48qnbvwfoq/match/view/3imrtfamzhbu2414fx8oajvxm,0,4,0,0,0,0,0,1,3,0,0,0,0,1,1,-1,7,0,0,0,1,,,,,,,,,,,4,,,,,,,,,,,,4,,0
38,3ibmmoe7peghshchzr89et5d6,2020,2020-08-22 19:00:00,2020,8,sábado,19,SC Internacional,Clube Atlético Mineiro,Beira-Rio,Luiz Flávio de Oliveira,No data,,22 de agosto de 2020 19:00,1,0,home_win,0,https://optaplayerstats.statsperform.com/pt_BR/soccer/brasileir%C3%A3o-s%C3%A9rie-a-2020/1ruuku31y4hamxz48qnbvwfoq/match/view/3ibmmoe7peghshchzr89et5d6,1,1,0,0,0,0,0,0,2,0,0,0,0,0,1,1,3,0,0,0,0,,,,,,,,,,,4,,,,,,,,,,,,4,,0
39,3iybh72jeapt8ivrnjxrazcyy,2020,2020-08-22 21:00:00,2020,8,sábado,21,Goiás EC,Atlético Goianiense,Estádio Hailé Pinheiro (Serrinha),Wilton Pereira Sampaio,No data,,22 de agosto de 2020 21:00,2,0,home_win,0,https://optaplayerstats.statsperform.com/pt_BR/soccer/brasileir%C3%A3o-s%C3%A9rie-a-2020/1ruuku31y4hamxz48qnbvwfoq/match/view/3iybh72jeapt8ivrnjxrazcyy,2,5,0,0,0,0,0,0,2,0,0,0,0,0,2,2,7,0,0,0,0,,,,,,,,,,,3,,,,,,,,,,,,3,,0
40,3hclvg10fu6h0p4a71x7bywyy,2020,2020-08-23 11:00:00,2020,8,domingo,11,CR Flamengo,Botafogo FR,Estádio Jornalista Mário Filho (Maracanã),Leandro Pedro Vuaden,No data,,23 de agosto de 2020 11:00,1,1,draw,1,https://optaplayerstats.statsperform.com/pt_BR/soccer/brasileir%C3%A3o-s%C3%A9rie-a-2020/1ruuku31y4hamxz48qnbvwfoq/match/view/3hclvg10fu6h0p4a71x7bywyy,1,3,0,0,0,1,0,1,3,0,0,0,0,0,2,0,6,0,0,1,0,,,,,,,,,,,4,,,,,,,,,,,,3,,0
41,3hjnioccom0wi0wjfjwomhppm,2020,2020-08-23 16:00:00,2020,8,domingo,16,CR Vasco da Gama,Grêmio FB Porto Alegrense,São Januário,Sávio Pereira Sampaio,No data,,23 de agosto de 2020 16:00,0,0,draw,1,https://optaplayerstats.statsperform.com/pt_BR/soccer/brasileir%C3%A3o-s%C3%A9rie-a-2020/1ruuku31y4hamxz48qnbvwfoq/match/view/3hjnioccom0wi0wjfjwomhppm,0,5,0,0,0,0,0,0,2,0,0,0,0,0,0,0,7,0,0,0,0,,,,,,,,,,,3,,,,,,,,,,,,4,,0
42,3hr1b5rpol9k2kzehnfuihca2,2020,2020-08-23 16:00:00,2020,8,domingo,16,SE Palmeiras,Santos FC Sao Paulo,Morumbi,Vinicius Gonçalves Dias Araujo,No data,,23 de agosto de 2020 16:00,2,1,home_win,0,https://optaplayerstats.statsperform.com/pt_BR/soccer/brasileir%C3%A3o-s%C3%A9rie-a-2020/1ruuku31y4hamxz48qnbvwfoq/match/view/3hr1b5rpol9k2kzehnfuihca2,2,5,0,0,0,1,0,1,3,0,1,1,0,1,3,1,8,1,1,1,1,,,,,,,,,,,3,,,,,,,,,,,,4,,0
43,3hwq2xoiux05jro6u8nlazo16,2020,2020-08-23 16:00:00,2020,8,domingo,16,Red Bull Bragantino,Coritiba FBC,Nabizão,Gilberto Rodrigues Castro Junior,No data,,23 de agosto de 2020 16:00,1,2,away_win,2,https://optaplayerstats.statsperform.com/pt_BR/soccer/brasileir%C3%A3o-s%C3%A9rie-a-2020/1ruuku31y4hamxz48qnbvwfoq/match/view/3hwq2xoiux05jro6u8nlazo16,1,2,1,0,1,0,0,2,0,0,0,0,1,0,3,-1,2,1,1,1,0,,,,,,,,,,,4,,,,,,,,,,,,4,,0
44,3ih6wzhfzw1syc1mlmtnet3sa,2020,2020-08-23 19:00:00,2020,8,domingo,19,SC do Recife,São Paulo FC,Ilha do Retiro,Rodrigo D'Alonso Ferreira,No data,,23 de agosto de 2020 19:00,0,1,away_win,2,https://optaplayerstats.statsperform.com/pt_BR/soccer/brasileir%C3%A3o-s%C3%A9rie-a-2020/1ruuku31y4hamxz48qnbvwfoq/match/view/3ih6wzhfzw1syc1mlmtnet3sa,0,2,0,0,0,0,0,1,3,0,0,0,0,0,1,-1,5,0,0,0,0,,,,,,,,,,,4,,,,,,,,,,,,3,,0
45,3isci9s39s4vdtyinecreectm,2020,2020-08-23 20:00:00,2020,8,domingo,20,Ceará SC,EC Bahia,Castelão,Wagner do Nascimento Magalhaes,No data,,23 de agosto de 2020 20:00,2,0,home_win,0,https://optaplayerstats.statsperform.com/pt_BR/soccer/brasileir%C3%A3o-s%C3%A9rie-a-2020/1ruuku31y4hamxz48qnbvwfoq/match/view/3isci9s39s4vdtyinecreectm,2,1,0,0,0,0,0,0,2,0,0,0,0,0,2,2,3,0,0,0,0,,,,,,,,,,,4,,,,,,,,,,,,3,,0
46,3sh8ujn7z0wpx420c4gd1oqqy,2020,2020-08-26 19:00:00,2020,8,quarta-feira,19,São Paulo FC,Club Athletico Paranaense,Morumbi,Marcelo de Lima Henrique,No data,,26 de agosto de 2020 19:00,1,0,home_win,0,https://optaplayerstats.statsperform.com/pt_BR/soccer/brasileir%C3%A3o-s%C3%A9rie-a-2020/1ruuku31y4hamxz48qnbvwfoq/match/view/3sh8ujn7z0wpx420c4gd1oqqy,1,2,0,0,0,0,0,0,1,0,0,0,0,0,1,1,3,0,0,0,0,,,,,,,,,,,4,,1.2,2.0,0.0,3.0,1.0,1.2,-0.2,3.0,0.0,0.4,5,,0
47,3i5cgxvrh6n9exih1zznvu2cq,2020,2020-08-26 21:30:00,2020,8,quarta-feira,21,SC Corinthians Paulista,Fortaleza EC,Neo Química Arena,Rodolpho Toski Marques,No data,,26 de agosto de 2020 21:30,1,1,draw,1,https://optaplayerstats.statsperform.com/pt_BR/soccer/brasileir%C3%A3o-s%C3%A9rie-a-2020/1ruuku31y4hamxz48qnbvwfoq/match/view/3i5cgxvrh6n9exih1zznvu2cq,1,0,0,0,0,0,0,1,2,0,0,0,0,0,2,0,2,0,0,0,0,,,,,,,,,,,3,,,,,,,,,,,,4,,0
48,3jb5csylmlnabx00ss9qz4oyy,2020,2020-08-29 17:00:00,2020,8,sábado,17,Botafogo FR,SC Internacional,Estádio Nilton Santos,Thiago Duarte Peixoto,No data,,29 de agosto de 2020 17:00,0,2,away_win,2,https://optaplayerstats.statsperform.com/pt_BR/soccer/brasileir%C3%A3o-s%C3%A9rie-a-2020/1ruuku31y4hamxz48qnbvwfoq/match/view/3jb5csylmlnabx00ss9qz4oyy,0,3,0,0,0,0,0,2,1,0,0,0,0,0,2,-2,4,0,0,0,0,,,,,,,,,,,4,,2.4,4.0,0.0,1.0,1.6,0.4,1.2,2.4,0.2,0.8,5,,0
49,3j5a4251gkw8pwrhacwpzu9gq,2020,2020-08-29 19:00:00,2020,8,sábado,19,Fluminense FC,CR Vasco da Gama,Estádio Jornalista Mário Filho (Maracanã),Braulio da Silva Machado,No data,,29 de agosto de 2020 19:00,2,1,home_win,0,https://optaplayerstats.statsperform.com/pt_BR/soccer/brasileir%C3%A3o-s%C3%A9rie-a-2020/1ruuku31y4hamxz48qnbvwfoq/match/view/3j5a4251gkw8pwrhacwpzu9gq,2,4,0,0,0,0,0,1,1,1,0,1,0,0,3,1,5,1,1,0,0,1.4,2.0,1.0,2.0,1.0,1.0,0.0,3.2,0.0,0.4666666666666667,5,,,,,,,,,,,,4,,0
50,3k4ymza5yrd7y8ai3ou6ide22,2020,2020-08-29 19:00:00,2020,8,sábado,19,EC Bahia,SE Palmeiras,Pituaçu,Bruno Arleu de Araújo,No data,,29 de agosto de 2020 19:00,1,1,draw,1,https://optaplayerstats.statsperform.com/pt_BR/soccer/brasileir%C3%A3o-s%C3%A9rie-a-2020/1ruuku31y4hamxz48qnbvwfoq/match/view/3k4ymza5yrd7y8ai3ou6ide22,1,2,0,0,0,0,0,1,2,0,0,0,0,0,2,0,4,0,0,0,0,,,,,,,,,,,4,,,,,,,,,,,,4,,0
51,3kg8evakom9bbdx4scsfcgdwq,2020,2020-08-29 21:00:00,2020,8,sábado,21,Fortaleza EC,Red Bull Bragantino,Castelão,Rafael Traci,No data,,29 de agosto de 2020 21:00,3,0,home_win,0,https://optaplayerstats.statsperform.com/pt_BR/soccer/brasileir%C3%A3o-s%C3%A9rie-a-2020/1ruuku31y4hamxz48qnbvwfoq/match/view/3kg8evakom9bbdx4scsfcgdwq,3,2,0,0,0,0,0,0,2,1,0,1,0,0,3,3,4,1,1,0,0,1.0,1.0,2.0,2.0,0.8,1.0,-0.2,2.2,0.2,0.3333333333333333,5,,1.0,1.0,2.0,2.0,1.2,1.4,-0.2,2.4,0.2,0.3333333333333333,5,,1
52,3jilecfdrvtpr9iok95ohck8a,2020,2020-08-30 11:00:00,2020,8,domingo,11,São Paulo FC,SC Corinthians Paulista,Morumbi,Flavio Rodrigues De Souza,No data,,30 de agosto de 2020 11:00,2,1,home_win,0,https://optaplayerstats.statsperform.com/pt_BR/soccer/brasileir%C3%A3o-s%C3%A9rie-a-2020/1ruuku31y4hamxz48qnbvwfoq/match/view/3jilecfdrvtpr9iok95ohck8a,2,3,0,0,0,0,0,1,0,0,0,0,0,0,3,1,3,0,0,0,0,2.0,3.0,1.0,1.0,1.0,0.6,0.4,2.6,0.0,0.6666666666666666,5,0.7777777777777778,,,,,,,,,,,4,,0
53,3jptayjeu0tb3zc1hm1ugt46i,2020,2020-08-30 16:00:00,2020,8,domingo,16,Santos FC Sao Paulo,CR Flamengo,Vila Belmiro,Wilton Pereira Sampaio,No data,,30 de agosto de 2020 16:00,0,1,away_win,2,https://optaplayerstats.statsperform.com/pt_BR/soccer/brasileir%C3%A3o-s%C3%A9rie-a-2020/1ruuku31y4hamxz48qnbvwfoq/match/view/3jptayjeu0tb3zc1hm1ugt46i,0,6,0,0,0,0,0,1,7,0,0,0,0,0,1,-1,13,0,0,0,0,1.4,2.0,1.0,2.0,1.2,1.2,0.0,1.8,0.2,0.4666666666666667,5,,1.0,1.0,2.0,2.0,0.6,1.2,-0.6,2.6,0.2,0.3333333333333333,5,,1
54,3karkwwn2yook46cxjlh7a4x6,2020,2020-08-30 16:00:00,2020,8,domingo,16,Coritiba FBC,SC do Recife,Couto Pereira,Raphael Claus,No data,,30 de agosto de 2020 16:00,1,0,home_win,0,https://optaplayerstats.statsperform.com/pt_BR/soccer/brasileir%C3%A3o-s%C3%A9rie-a-2020/1ruuku31y4hamxz48qnbvwfoq/match/view/3karkwwn2yook46cxjlh7a4x6,1,1,0,0,0,1,0,0,4,0,0,0,0,0,1,1,5,0,0,1,0,0.6,1.0,0.0,4.0,0.6,1.4,-0.8,2.8,0.4,0.2,5,,0.8,1.0,1.0,3.0,0.8,1.4,-0.6,3.0,0.2,0.26666666666666666,5,,1
55,3kkp5lepgmfpkkv5tute4kr56,2020,2020-08-30 18:00:00,2020,8,domingo,18,Atlético Goianiense,Ceará SC,Estádio Olímpico Pedro Ludovico Teixeira,Igor Junior Benevenuto,No data,,30 de agosto de 2020 18:00,0,2,away_win,2,https://optaplayerstats.statsperform.com/pt_BR/soccer/brasileir%C3%A3o-s%C3%A9rie-a-2020/1ruuku31y4hamxz48qnbvwfoq/match/view/3kkp5lepgmfpkkv5tute4kr56,0,1,1,0,1,0,0,2,2,0,0,0,0,0,2,-2,3,1,1,0,0,,,,,,,,,,,4,,0.8,1.0,1.0,3.0,1.0,1.8,-0.8,2.8,0.0,0.26666666666666666,5,,0
56,3m7yfjxxk2wgi3adkd120uve2,2020,2020-09-02 19:00:00,2020,9,quarta-feira,19,Ceará SC,Fortaleza EC,Castelão,Luiz Flávio de Oliveira,No data,,2 de setembro de 2020 19:00,1,0,home_win,0,https://optaplayerstats.statsperform.com/pt_BR/soccer/brasileir%C3%A3o-s%C3%A9rie-a-2020/1ruuku31y4hamxz48qnbvwfoq/match/view/3m7yfjxxk2wgi3adkd120uve2,1,2,0,0,0,0,0,0,2,0,0,0,0,0,1,1,4,0,0,0,0,1.4,2.0,1.0,2.0,1.0,1.2,-0.2,2.6,0.0,0.4666666666666667,6,0.4444444444444444,1.6,2.0,2.0,1.0,1.4,0.6,0.8,2.0,0.0,0.5333333333333333,6,0.4444444444444444,1
57,3kptynq1yift1fxr5qbp8fxbe,2020,2020-09-02 19:15:00,2020,9,quarta-feira,19,Fluminense FC,Atlético Goianiense,Estádio Jornalista Mário Filho (Maracanã),Marielson Alves Silva,No data,,2 de setembro de 2020 19:15,1,1,draw,1,https://optaplayerstats.statsperform.com/pt_BR/soccer/brasileir%C3%A3o-s%C3%A9rie-a-2020/1ruuku31y4hamxz48qnbvwfoq/match/view/3kptynq1yift1fxr5qbp8fxbe,1,3,0,1,1,0,0,1,1,0,0,0,0,0,2,0,4,1,1,0,0,2.0,3.0,1.0,1.0,1.4,1.0,0.4,3.4,0.0,0.6666666666666666,6,0.7777777777777778,0.8,1.0,1.0,3.0,0.8,1.6,-0.8,1.6,0.4,0.26666666666666666,5,,1
58,3mdpos0vorgigneo4vojwuxre,2020,2020-09-02 19:15:00,2020,9,quarta-feira,19,Goiás EC,SC Corinthians Paulista,Estádio Hailé Pinheiro (Serrinha),José Mendonça da Silva Jr.,No data,,2 de setembro de 2020 19:15,1,2,away_win,2,https://optaplayerstats.statsperform.com/pt_BR/soccer/brasileir%C3%A3o-s%C3%A9rie-a-2020/1ruuku31y4hamxz48qnbvwfoq/match/view/3mdpos0vorgigneo4vojwuxre,1,1,0,0,0,0,0,2,3,0,0,0,0,1,3,-1,4,0,0,0,1,,,,,,,,,,,4,,1.0,1.0,2.0,2.0,1.4,1.4,0.0,1.2,0.0,0.3333333333333333,5,0.1111111111111111,0
59,3kx0b6pyuv0vb7dq95u49jzai,2020,2020-09-02 20:30:00,2020,9,quarta-feira,20,Botafogo FR,Coritiba FBC,Estádio Nilton Santos,Felipe Fernandes de Lima,No data,,2 de setembro de 2020 20:30,0,0,draw,1,https://optaplayerstats.statsperform.com/pt_BR/soccer/brasileir%C3%A3o-s%C3%A9rie-a-2020/1ruuku31y4hamxz48qnbvwfoq/match/view/3kx0b6pyuv0vb7dq95u49jzai,0,1,0,0,0,0,0,0,1,0,0,0,0,0,0,0,2,0,0,0,0,1.2,1.0,3.0,1.0,0.8,1.0,-0.2,2.0,0.0,0.4,5,,1.2,2.0,0.0,3.0,0.8,1.2,-0.4,2.4,0.4,0.4,6,0.3333333333333333,1
60,3lt4v25bcf55gzerdp6fqe0yy,2020,2020-09-02 20:30:00,2020,9,quarta-feira,20,EC Bahia,CR Flamengo,Pituaçu,Sávio Pereira Sampaio,No data,,2 de setembro de 2020 20:30,3,5,away_win,2,https://optaplayerstats.statsperform.com/pt_BR/soccer/brasileir%C3%A3o-s%C3%A9rie-a-2020/1ruuku31y4hamxz48qnbvwfoq/match/view/3lt4v25bcf55gzerdp6fqe0yy,3,1,0,0,0,0,0,5,2,0,0,0,0,0,8,-2,3,0,0,0,0,1.6,2.0,2.0,1.0,1.0,1.0,0.0,1.4,0.0,0.5333333333333333,5,0.7777777777777778,1.6,2.0,2.0,1.0,0.8,1.0,-0.2,3.4,0.2,0.5333333333333333,6,0.6666666666666666,1
61,3m1i5ow3p2ts6imgpikbjceay,2020,2020-09-02 20:30:00,2020,9,quarta-feira,20,Club Athletico Paranaense,Red Bull Bragantino,Arena da Baixada,Wagner do Nascimento Magalhaes,No data,,2 de setembro de 2020 20:30,1,1,draw,1,https://optaplayerstats.statsperform.com/pt_BR/soccer/brasileir%C3%A3o-s%C3%A9rie-a-2020/1ruuku31y4hamxz48qnbvwfoq/match/view/3m1i5ow3p2ts6imgpikbjceay,1,2,0,0,0,0,0,1,2,0,0,0,0,0,2,0,4,0,0,0,0,0.6,1.0,0.0,4.0,0.6,1.4,-0.8,2.8,0.0,0.2,6,0.3333333333333333,0.8,1.0,1.0,3.0,1.0,1.8,-0.8,2.6,0.4,0.26666666666666666,6,0.1111111111111111,1
62,3l4vy7b2v1clul9h0x8o2v622,2020,2020-09-02 21:30:00,2020,9,quarta-feira,21,SE Palmeiras,SC Internacional,Allianz Parque,Wilton Pereira Sampaio,No data,,2 de setembro de 2020 21:30,1,1,draw,1,https://optaplayerstats.statsperform.com/pt_BR/soccer/brasileir%C3%A3o-s%C3%A9rie-a-2020/1ruuku31y4hamxz48qnbvwfoq/match/view/3l4vy7b2v1clul9h0x8o2v622,1,3,0,0,0,0,0,1,5,0,0,0,1,0,2,0,8,0,0,1,0,1.8,2.0,3.0,0.0,1.2,0.8,0.4,2.2,0.0,0.6,5,,2.4,4.0,0.0,1.0,1.8,0.4,1.4,1.8,0.2,0.8,6,0.6666666666666666,1
63,3lagx2tabogylpahhgdvr1ai2,2020,2020-09-02 21:30:00,2020,9,quarta-feira,21,Santos FC Sao Paulo,CR Vasco da Gama,Vila Belmiro,Rodrigo D'Alonso Ferreira,No data,,2 de setembro de 2020 21:30,2,2,draw,1,https://optaplayerstats.statsperform.com/pt_BR/soccer/brasileir%C3%A3o-s%C3%A9rie-a-2020/1ruuku31y4hamxz48qnbvwfoq/match/view/3lagx2tabogylpahhgdvr1ai2,2,2,0,0,0,0,0,2,3,0,0,0,1,0,4,0,5,0,0,1,0,1.2,2.0,0.0,3.0,1.0,1.2,-0.2,3.0,0.2,0.4,6,0.4444444444444444,2.0,3.0,1.0,1.0,1.6,0.6,1.0,2.6,0.2,0.6666666666666666,5,,1
64,3llvqj6jyscxrcw5jsh4gnpt6,2020,2020-09-03 19:00:00,2020,9,quinta-feira,19,Grêmio FB Porto Alegrense,SC do Recife,Arena do Grêmio,Dyorgines José Padovani Andrade,No data,,3 de setembro de 2020 19:00,1,2,away_win,2,https://optaplayerstats.statsperform.com/pt_BR/soccer/brasileir%C3%A3o-s%C3%A9rie-a-2020/1ruuku31y4hamxz48qnbvwfoq/match/view/3llvqj6jyscxrcw5jsh4gnpt6,1,1,0,0,0,0,0,2,5,0,0,0,1,0,3,-1,6,0,0,1,0,1.4,1.0,4.0,0.0,0.6,0.4,0.2,2.0,0.0,0.4666666666666667,5,,0.2,0.0,1.0,4.0,0.2,1.2,-1.0,3.2,0.2,0.06666666666666667,6,0.1111111111111111,1
65,3lfnfqw1c8ahufpfjrthu1rai,2020,2020-09-03 20:00:00,2020,9,quinta-feira,20,Clube Atlético Mineiro,São Paulo FC,Mineirão,Jean Pierre Goncalves Lima,No data,,3 de setembro de 2020 20:00,3,0,home_win,0,https://optaplayerstats.statsperform.com/pt_BR/soccer/brasileir%C3%A3o-s%C3%A9rie-a-2020/1ruuku31y4hamxz48qnbvwfoq/match/view/3lfnfqw1c8ahufpfjrthu1rai,3,0,0,0,0,0,0,0,0,0,0,0,0,0,3,3,0,0,0,0,0,1.8,3.0,0.0,2.0,1.4,1.0,0.4,1.2,0.0,0.6,5,,2.0,3.0,1.0,1.0,1.2,0.8,0.4,3.0,0.0,0.6666666666666666,6,,1
66,3mlk2f9nszn9d3oq4na1qh562,2020,2020-09-05 17:00:00,2020,9,sábado,17,CR Flamengo,Fortaleza EC,Estádio Jornalista Mário Filho (Maracanã),Flavio Rodrigues De Souza,No data,,5 de setembro de 2020 17:00,2,1,home_win,0,https://optaplayerstats.statsperform.com/pt_BR/soccer/brasileir%C3%A3o-s%C3%A9rie-a-2020/1ruuku31y4hamxz48qnbvwfoq/match/view/3mlk2f9nszn9d3oq4na1qh562,2,1,0,0,0,0,0,1,1,0,0,0,1,0,3,1,2,0,0,1,0,2.2,3.0,2.0,0.0,1.8,1.0,0.8,3.6,0.0,0.7333333333333333,7,0.2222222222222222,1.6,2.0,2.0,1.0,1.4,0.6,0.8,2.0,0.0,0.5333333333333333,7,0.3333333333333333,1
67,3n94ugpwepjti3vsfyjwbg3u2,2020,2020-09-05 19:00:00,2020,9,sábado,19,SC Corinthians Paulista,Botafogo FR,Neo Química Arena,Rafael Traci,No data,,5 de setembro de 2020 19:00,2,2,draw,1,https://optaplayerstats.statsperform.com/pt_BR/soccer/brasileir%C3%A3o-s%C3%A9rie-a-2020/1ruuku31y4hamxz48qnbvwfoq/match/view/3n94ugpwepjti3vsfyjwbg3u2,2,3,0,0,0,1,0,2,1,0,0,0,0,0,4,0,4,0,0,1,0,1.6,2.0,2.0,1.0,1.4,1.0,0.4,1.6,0.0,0.5333333333333333,6,,1.2,1.0,3.0,1.0,0.6,0.8,-0.2,2.0,0.0,0.4,6,0.3333333333333333,1
68,3o0j84nrsxk47wm0hv27msmei,2020,2020-09-05 21:00:00,2020,9,sábado,21,Ceará SC,Santos FC Sao Paulo,Castelão,Wagner Reway,No data,,5 de setembro de 2020 21:00,0,1,away_win,2,https://optaplayerstats.statsperform.com/pt_BR/soccer/brasileir%C3%A3o-s%C3%A9rie-a-2020/1ruuku31y4hamxz48qnbvwfoq/match/view/3o0j84nrsxk47wm0hv27msmei,0,3,1,1,2,0,0,1,4,2,0,2,0,0,1,-1,7,4,1,0,0,1.8,3.0,0.0,2.0,1.0,1.0,0.0,2.4,0.0,0.6,7,0.5833333333333334,1.4,2.0,1.0,2.0,1.4,1.2,0.2,2.8,0.2,0.4666666666666667,7,0.3333333333333333,1
69,3n3vqler1d759o25k2imceh62,2020,2020-09-06 11:00:00,2020,9,domingo,11,Red Bull Bragantino,SE Palmeiras,Nabizão,Marcelo de Lima Henrique,No data,,6 de setembro de 2020 11:00,1,2,away_win,2,https://optaplayerstats.statsperform.com/pt_BR/soccer/brasileir%C3%A3o-s%C3%A9rie-a-2020/1ruuku31y4hamxz48qnbvwfoq/match/view/3n3vqler1d759o25k2imceh62,1,1,1,0,1,0,0,2,3,0,0,0,0,0,3,-1,4,1,1,0,0,0.8,1.0,1.0,3.0,1.0,1.8,-0.8,2.4,0.4,0.26666666666666666,7,0.4444444444444444,1.8,2.0,3.0,0.0,1.2,0.8,0.4,2.2,0.0,0.6,6,0.5555555555555556,1
70,3mwpk41rdfp2qjo3shc46y1ka,2020,2020-09-06 16:00:00,2020,9,domingo,16,São Paulo FC,Fluminense FC,Morumbi,Paulo Roberto Alves Júnior,No data,,6 de setembro de 2020 16:00,3,1,home_win,0,https://optaplayerstats.statsperform.com/pt_BR/soccer/brasileir%C3%A3o-s%C3%A9rie-a-2020/1ruuku31y4hamxz48qnbvwfoq/match/view/3mwpk41rdfp2qjo3shc46y1ka,3,3,0,0,0,0,0,1,0,0,0,0,0,0,4,2,3,0,0,0,0,2.0,3.0,1.0,1.0,1.0,1.0,0.0,2.0,0.0,0.6666666666666666,7,0.8333333333333334,2.0,3.0,1.0,1.0,1.4,1.0,0.4,3.4,0.2,0.6666666666666666,7,0.3333333333333333,1
71,3ngf3d5no04houkmeu8q4vgq2,2020,2020-09-06 16:00:00,2020,9,domingo,16,SC Internacional,EC Bahia,Beira-Rio,Braulio da Silva Machado,No data,,6 de setembro de 2020 16:00,2,2,draw,1,https://optaplayerstats.statsperform.com/pt_BR/soccer/brasileir%C3%A3o-s%C3%A9rie-a-2020/1ruuku31y4hamxz48qnbvwfoq/match/view/3ngf3d5no04houkmeu8q4vgq2,2,2,0,0,0,1,0,2,3,0,0,0,1,0,4,0,5,0,0,1,0,2.0,3.0,1.0,1.0,1.6,0.6,1.0,2.4,0.2,0.6666666666666666,7,1.0,1.0,1.0,2.0,2.0,1.4,2.0,-0.6,1.6,0.0,0.3333333333333333,6,,1
72,3mrc45vbvzcfhwxwi0sjazmga,2020,2020-09-06 18:00:00,2020,9,domingo,18,CR Vasco da Gama,Club Athletico Paranaense,São Januário,Raphael Claus,No data,,6 de setembro de 2020 18:00,1,0,home_win,0,https://optaplayerstats.statsperform.com/pt_BR/soccer/brasileir%C3%A3o-s%C3%A9rie-a-2020/1ruuku31y4hamxz48qnbvwfoq/match/view/3mrc45vbvzcfhwxwi0sjazmga,1,1,0,0,0,0,0,0,1,0,0,0,0,0,1,1,2,0,0,0,0,1.6,2.0,2.0,1.0,1.6,1.0,0.6,2.8,0.2,0.5333333333333333,6,0.7777777777777778,0.2,0.0,1.0,4.0,0.4,1.4,-1.0,2.6,0.0,0.06666666666666667,7,0.3333333333333333,1
73,3oadhgjk108pi8bdfyrkfbfje,2020,2020-09-06 19:00:00,2020,9,domingo,19,Atlético Goianiense,Grêmio FB Porto Alegrense,Estádio Olímpico Pedro Ludovico Teixeira,Ricardo Marques Ribeiro,No data,,6 de setembro de 2020 19:00,1,1,draw,1,https://optaplayerstats.statsperform.com/pt_BR/soccer/brasileir%C3%A3o-s%C3%A9rie-a-2020/1ruuku31y4hamxz48qnbvwfoq/match/view/3oadhgjk108pi8bdfyrkfbfje,1,1,0,0,0,0,0,1,3,0,1,1,0,0,2,0,4,1,1,0,0,0.4,0.0,2.0,3.0,0.4,1.8,-1.4,1.6,0.4,0.13333333333333333,6,0.4444444444444444,0.8,0.0,4.0,1.0,0.6,0.8,-0.2,1.8,0.0,0.26666666666666666,6,0.3333333333333333,1
74,3nmld8kutxt2n9meeyw8w86ei,2020,2020-09-06 20:30:00,2020,9,domingo,20,SC do Recife,Goiás EC,Ilha do Retiro,Vinicius Gomes do Amaral,No data,,6 de setembro de 2020 20:30,2,1,home_win,0,https://optaplayerstats.statsperform.com/pt_BR/soccer/brasileir%C3%A3o-s%C3%A9rie-a-2020/1ruuku31y4hamxz48qnbvwfoq/match/view/3nmld8kutxt2n9meeyw8w86ei,2,1,0,0,0,0,0,1,0,0,0,0,0,1,3,1,1,0,0,0,1,0.8,1.0,1.0,3.0,0.6,1.0,-0.4,3.6,0.0,0.26666666666666666,7,0.3333333333333333,0.8,1.0,1.0,3.0,1.2,1.6,-0.4,3.2,0.0,0.26666666666666666,5,,1
75,3ns4jrbjdxb3jzmqxjxvzxjze,2020,2020-09-06 20:30:00,2020,9,domingo,20,Coritiba FBC,Clube Atlético Mineiro,Couto Pereira,Diego Pombo Lopez,No data,,6 de setembro de 2020 20:30,0,1,away_win,2,https://optaplayerstats.statsperform.com/pt_BR/soccer/brasileir%C3%A3o-s%C3%A9rie-a-2020/1ruuku31y4hamxz48qnbvwfoq/match/view/3ns4jrbjdxb3jzmqxjxvzxjze,0,1,0,0,0,0,0,1,3,0,0,0,0,0,1,-1,4,0,0,0,0,1.4,2.0,1.0,2.0,0.8,1.0,-0.2,1.6,0.4,0.4666666666666667,7,0.3333333333333333,1.8,3.0,0.0,2.0,1.8,1.0,0.8,0.8,0.0,0.6,6,0.3333333333333333,1
76,3pn2px4hnbgsi3191te9m3zvu,2020,2020-09-09 17:30:00,2020,9,quarta-feira,17,Club Athletico Paranaense,Botafogo FR,Arena da Baixada,Vinicius Gonçalves Dias Araujo,No data,,9 de setembro de 2020 17:30,1,1,draw,1,https://optaplayerstats.statsperform.com/pt_BR/soccer/brasileir%C3%A3o-s%C3%A9rie-a-2020/1ruuku31y4hamxz48qnbvwfoq/match/view/3pn2px4hnbgsi3191te9m3zvu,1,1,0,0,0,0,0,1,0,0,0,0,1,0,2,0,1,0,0,1,0,0.2,0.0,1.0,4.0,0.2,1.0,-0.8,2.6,0.0,0.06666666666666667,8,0.3333333333333333,1.2,1.0,3.0,1.0,1.0,1.2,-0.2,2.0,0.0,0.4,7,0.3333333333333333,1
77,3ptwdwhrdrtfkloaq9oqy5bai,2020,2020-09-09 18:00:00,2020,9,quarta-feira,18,Fortaleza EC,SC do Recife,Castelão,Felipe Fernandes de Lima,No data,,9 de setembro de 2020 18:00,1,0,home_win,0,https://optaplayerstats.statsperform.com/pt_BR/soccer/brasileir%C3%A3o-s%C3%A9rie-a-2020/1ruuku31y4hamxz48qnbvwfoq/match/view/3ptwdwhrdrtfkloaq9oqy5bai,1,5,0,0,0,1,0,0,1,0,0,0,0,0,1,1,6,0,0,1,0,1.4,2.0,1.0,2.0,1.6,1.0,0.6,1.8,0.0,0.4666666666666667,8,0.4444444444444444,1.2,2.0,0.0,3.0,0.8,1.0,-0.2,3.4,0.0,0.4,8,0.3333333333333333,1
78,3q0izt56jpsj2oxw1y9bj3j3e,2020,2020-09-09 18:00:00,2020,9,quarta-feira,18,Goiás EC,Coritiba FBC,Estádio Hailé Pinheiro (Serrinha),Caio Max Augusto Vieira,No data,,9 de setembro de 2020 18:00,3,3,draw,1,https://optaplayerstats.statsperform.com/pt_BR/soccer/brasileir%C3%A3o-s%C3%A9rie-a-2020/1ruuku31y4hamxz48qnbvwfoq/match/view/3q0izt56jpsj2oxw1y9bj3j3e,3,5,0,1,1,1,1,3,2,1,0,1,1,0,6,0,7,2,1,1,1,0.8,1.0,1.0,3.0,1.2,1.6,-0.4,2.6,0.0,0.26666666666666666,6,0.3333333333333333,1.4,2.0,1.0,2.0,0.8,1.0,-0.2,0.8,0.2,0.4666666666666667,8,0.3333333333333333,1
79,3ov0kzk2eq2v27d3hkvroy1yi,2020,2020-09-09 19:15:00,2020,9,quarta-feira,19,São Paulo FC,Red Bull Bragantino,Morumbi,Sávio Pereira Sampaio,No data,,9 de setembro de 2020 19:15,1,1,draw,1,https://optaplayerstats.statsperform.com/pt_BR/soccer/brasileir%C3%A3o-s%C3%A9rie-a-2020/1ruuku31y4hamxz48qnbvwfoq/match/view/3ov0kzk2eq2v27d3hkvroy1yi,1,4,0,0,0,0,0,1,2,0,0,0,0,0,2,0,6,0,0,0,0,2.4,4.0,0.0,1.0,1.4,1.0,0.4,2.2,0.0,0.8,8,0.8666666666666667,0.8,1.0,1.0,3.0,1.0,1.8,-0.8,2.4,0.6,0.26666666666666666,8,0.16666666666666666,1
80,3oiti22i79ad6vapwt1co6aga,2020,2020-09-09 21:30:00,2020,9,quarta-feira,21,Fluminense FC,CR Flamengo,Estádio Jornalista Mário Filho (Maracanã),Raphael Claus,No data,,9 de setembro de 2020 21:30,1,2,away_win,2,https://optaplayerstats.statsperform.com/pt_BR/soccer/brasileir%C3%A3o-s%C3%A9rie-a-2020/1ruuku31y4hamxz48qnbvwfoq/match/view/3oiti22i79ad6vapwt1co6aga,1,1,0,0,0,0,0,2,1,0,0,0,0,0,3,-1,2,0,0,0,0,1.4,2.0,1.0,2.0,1.2,1.4,-0.2,3.0,0.2,0.4666666666666667,8,0.6666666666666666,2.2,3.0,2.0,0.0,2.0,1.2,0.8,3.2,0.0,0.7333333333333333,8,0.75,1
81,3ozvj5qp66ag4dfncyi79ksiy,2020,2020-09-09 21:30:00,2020,9,quarta-feira,21,Santos FC Sao Paulo,Clube Atlético Mineiro,Vila Belmiro,Wagner do Nascimento Magalhaes,No data,,9 de setembro de 2020 21:30,3,1,home_win,0,https://optaplayerstats.statsperform.com/pt_BR/soccer/brasileir%C3%A3o-s%C3%A9rie-a-2020/1ruuku31y4hamxz48qnbvwfoq/match/view/3ozvj5qp66ag4dfncyi79ksiy,3,1,0,0,0,1,0,1,2,1,0,1,0,0,4,2,3,1,1,1,0,1.4,2.0,1.0,2.0,1.0,1.0,0.0,3.4,0.6,0.4666666666666667,8,0.4166666666666667,1.8,3.0,0.0,2.0,1.4,0.6,0.8,1.4,0.0,0.6,7,0.5,1
82,3p5rqz2htl4k54blxwngtq6wa,2020,2020-09-10 19:15:00,2020,9,quinta-feira,19,SC Corinthians Paulista,SE Palmeiras,Neo Química Arena,Leandro Pedro Vuaden,No data,,10 de setembro de 2020 19:15,0,2,away_win,2,https://optaplayerstats.statsperform.com/pt_BR/soccer/brasileir%C3%A3o-s%C3%A9rie-a-2020/1ruuku31y4hamxz48qnbvwfoq/match/view/3p5rqz2htl4k54blxwngtq6wa,0,3,1,1,2,0,0,2,2,0,0,0,1,0,2,-2,5,2,1,1,0,1.6,2.0,2.0,1.0,1.8,1.4,0.4,1.6,0.0,0.5333333333333333,7,0.5555555555555556,2.2,3.0,2.0,0.0,1.4,0.8,0.6,2.6,0.0,0.7333333333333333,7,0.6666666666666666,1
83,3pbjwjxn7fl1jnnpcgazdlk6i,2020,2020-09-10 19:15:00,2020,9,quinta-feira,19,SC Internacional,Ceará SC,Beira-Rio,Rodrigo D'Alonso Ferreira,No data,,10 de setembro de 2020 19:15,2,0,home_win,0,https://optaplayerstats.statsperform.com/pt_BR/soccer/brasileir%C3%A3o-s%C3%A9rie-a-2020/1ruuku31y4hamxz48qnbvwfoq/match/view/3pbjwjxn7fl1jnnpcgazdlk6i,2,0,0,0,0,0,0,0,2,0,0,0,0,0,2,2,2,0,0,0,0,2.2,3.0,2.0,0.0,1.8,0.6,1.2,2.4,0.2,0.7333333333333333,8,0.8333333333333334,1.8,3.0,0.0,2.0,1.0,0.8,0.2,2.2,0.4,0.6,8,0.3333333333333333,1
84,3ph3j1x3qsu1ce6euko7ges8a,2020,2020-09-10 19:15:00,2020,9,quinta-feira,19,EC Bahia,Grêmio FB Porto Alegrense,Pituaçu,José Mendonça da Silva Jr.,No data,,10 de setembro de 2020 19:15,0,2,away_win,2,https://optaplayerstats.statsperform.com/pt_BR/soccer/brasileir%C3%A3o-s%C3%A9rie-a-2020/1ruuku31y4hamxz48qnbvwfoq/match/view/3ph3j1x3qsu1ce6euko7ges8a,0,1,1,0,1,0,0,2,3,0,1,1,0,0,2,-2,4,2,1,0,0,0.6,0.0,3.0,2.0,1.4,2.2,-0.8,2.0,0.0,0.2,7,0.5833333333333334,0.8,0.0,4.0,1.0,0.6,0.8,-0.2,2.2,0.2,0.26666666666666666,7,0.3333333333333333,1
85,3opljnyogwgvgr136yuf8svhm,2020,2020-09-10 21:00:00,2020,9,quinta-feira,21,CR Vasco da Gama,Atlético Goianiense,São Januário,Heber Roberto Lopes,No data,,10 de setembro de 2020 21:00,1,2,away_win,2,https://optaplayerstats.statsperform.com/pt_BR/soccer/brasileir%C3%A3o-s%C3%A9rie-a-2020/1ruuku31y4hamxz48qnbvwfoq/match/view/3opljnyogwgvgr136yuf8svhm,1,2,1,0,1,0,0,2,1,0,0,0,0,0,3,-1,3,1,1,0,0,1.6,2.0,2.0,1.0,1.4,0.8,0.6,2.6,0.2,0.5333333333333333,7,0.8333333333333334,0.4,0.0,2.0,3.0,0.4,1.8,-1.4,1.6,0.2,0.13333333333333333,7,0.1111111111111111,1
86,3rkh16p7qoh97ltvyo74uq9uy,2020,2020-09-12 16:30:00,2020,9,sábado,16,Club Athletico Paranaense,Coritiba FBC,Arena da Baixada,Jean Pierre Goncalves Lima,No data,,12 de setembro de 2020 16:30,1,0,home_win,0,https://optaplayerstats.statsperform.com/pt_BR/soccer/brasileir%C3%A3o-s%C3%A9rie-a-2020/1ruuku31y4hamxz48qnbvwfoq/match/view/3rkh16p7qoh97ltvyo74uq9uy,1,4,0,0,0,0,0,0,1,0,1,1,0,0,1,1,5,1,1,0,0,0.4,0.0,2.0,3.0,0.4,1.0,-0.6,1.8,0.0,0.13333333333333333,9,0.3333333333333333,1.6,2.0,2.0,1.0,1.2,1.0,0.2,1.0,0.2,0.5333333333333333,9,0.3333333333333333,1
87,3qndobhv7r57q3hcgqzosi4bu,2020,2020-09-12 19:00:00,2020,9,sábado,19,Santos FC Sao Paulo,São Paulo FC,Vila Belmiro,Luiz Flávio de Oliveira,No data,,12 de setembro de 2020 19:00,2,2,draw,1,https://optaplayerstats.statsperform.com/pt_BR/soccer/brasileir%C3%A3o-s%C3%A9rie-a-2020/1ruuku31y4hamxz48qnbvwfoq/match/view/3qndobhv7r57q3hcgqzosi4bu,2,3,0,0,0,0,0,2,2,0,0,0,0,0,4,0,5,0,0,0,0,1.4,2.0,1.0,2.0,1.4,1.2,0.2,3.2,0.6,0.4666666666666667,9,0.5333333333333333,2.0,3.0,1.0,1.0,1.4,1.2,0.2,2.4,0.0,0.6666666666666666,9,0.3333333333333333,1
88,3q5olshkt9xxwdvw7h1tb6ove,2020,2020-09-13 16:00:00,2020,9,domingo,16,Fluminense FC,SC Corinthians Paulista,Estádio Jornalista Mário Filho (Maracanã),Braulio da Silva Machado,No data,,13 de setembro de 2020 16:00,2,1,home_win,0,https://optaplayerstats.statsperform.com/pt_BR/soccer/brasileir%C3%A3o-s%C3%A9rie-a-2020/1ruuku31y4hamxz48qnbvwfoq/match/view/3q5olshkt9xxwdvw7h1tb6ove,2,2,1,0,1,1,0,1,4,0,0,0,0,0,3,1,6,1,1,1,0,1.4,2.0,1.0,2.0,1.2,1.4,-0.2,2.2,0.2,0.4666666666666667,9,0.5333333333333333,1.0,1.0,2.0,2.0,1.2,1.6,-0.4,1.8,0.4,0.3333333333333333,8,0.3333333333333333,1
89,3r6mksbo2pebky5nqm0i9uqga,2020,2020-09-13 16:00:00,2020,9,domingo,16,Grêmio FB Porto Alegrense,Fortaleza EC,Arena do Grêmio,Igor Junior Benevenuto,No data,,13 de setembro de 2020 16:00,1,1,draw,1,https://optaplayerstats.statsperform.com/pt_BR/soccer/brasileir%C3%A3o-s%C3%A9rie-a-2020/1ruuku31y4hamxz48qnbvwfoq/match/view/3r6mksbo2pebky5nqm0i9uqga,1,1,1,0,1,1,0,1,2,1,0,1,0,0,2,0,3,2,1,1,0,1.2,1.0,3.0,1.0,1.0,0.8,0.2,2.4,0.4,0.4,8,0.4444444444444444,1.4,2.0,1.0,2.0,1.2,0.8,0.4,2.4,0.0,0.4666666666666667,9,0.26666666666666666,1
90,3qx2g9yrt2kic2dbqv4ctymay,2020,2020-09-13 18:00:00,2020,9,domingo,18,Clube Atlético Mineiro,Red Bull Bragantino,Mineirão,Ramon Abatti,No data,,13 de setembro de 2020 18:00,2,1,home_win,0,https://optaplayerstats.statsperform.com/pt_BR/soccer/brasileir%C3%A3o-s%C3%A9rie-a-2020/1ruuku31y4hamxz48qnbvwfoq/match/view/3qx2g9yrt2kic2dbqv4ctymay,2,1,0,0,0,0,0,1,1,0,0,0,0,0,3,1,2,0,0,0,0,1.2,2.0,0.0,3.0,1.2,1.2,0.0,1.4,0.2,0.4,8,1.0,0.4,0.0,2.0,3.0,0.8,1.8,-1.0,1.8,0.6,0.13333333333333333,9,0.19999999999999998,1
91,3rd3qi0sf646da47nhy9oljl6,2020,2020-09-13 18:00:00,2020,9,domingo,18,EC Bahia,Atlético Goianiense,Pituaçu,Vinicius Gomes do Amaral,No data,,13 de setembro de 2020 18:00,0,1,away_win,2,https://optaplayerstats.statsperform.com/pt_BR/soccer/brasileir%C3%A3o-s%C3%A9rie-a-2020/1ruuku31y4hamxz48qnbvwfoq/match/view/3rd3qi0sf646da47nhy9oljl6,0,2,1,0,1,0,0,1,2,0,0,0,0,0,1,-1,4,1,1,0,0,0.4,0.0,2.0,3.0,1.2,2.4,-1.2,1.8,0.2,0.13333333333333333,8,0.4666666666666666,1.0,1.0,2.0,2.0,0.8,1.4,-0.6,1.2,0.2,0.3333333333333333,8,0.3333333333333333,1
92,3rr1zvksnbnkg5h1vh1v0itm2,2020,2020-09-13 18:00:00,2020,9,domingo,18,Ceará SC,CR Flamengo,Castelão,Marielson Alves Silva,No data,,13 de setembro de 2020 18:00,2,0,home_win,0,https://optaplayerstats.statsperform.com/pt_BR/soccer/brasileir%C3%A3o-s%C3%A9rie-a-2020/1ruuku31y4hamxz48qnbvwfoq/match/view/3rr1zvksnbnkg5h1vh1v0itm2,2,1,0,0,0,0,0,0,0,0,0,0,0,0,2,2,1,0,0,0,0,1.8,3.0,0.0,2.0,1.0,0.6,0.4,2.0,0.4,0.6,9,0.4666666666666666,2.6,4.0,1.0,0.0,2.2,1.2,1.0,2.8,0.0,0.8666666666666667,9,0.7999999999999999,1
93,3rym3rchjh2dsz9nqdlok02ui,2020,2020-09-13 18:00:00,2020,9,domingo,18,Goiás EC,SC Internacional,Estádio Hailé Pinheiro (Serrinha),Flavio Rodrigues De Souza,No data,,13 de setembro de 2020 18:00,1,0,home_win,0,https://optaplayerstats.statsperform.com/pt_BR/soccer/brasileir%C3%A3o-s%C3%A9rie-a-2020/1ruuku31y4hamxz48qnbvwfoq/match/view/3rym3rchjh2dsz9nqdlok02ui,1,4,1,0,1,0,0,0,3,0,0,0,0,0,1,1,7,1,1,0,0,0.8,1.0,1.0,3.0,1.6,2.0,-0.4,3.0,0.2,0.26666666666666666,7,0.3333333333333333,2.2,3.0,2.0,0.0,1.6,0.6,1.0,1.8,0.0,0.7333333333333333,9,0.5833333333333334,1
94,3qga9slycdmc0gdsasjoxa6wa,2020,2020-09-13 19:45:00,2020,9,domingo,19,SE Palmeiras,SC do Recife,Allianz Parque,Diego Pombo Lopez,No data,,13 de setembro de 2020 19:45,2,2,draw,1,https://optaplayerstats.statsperform.com/pt_BR/soccer/brasileir%C3%A3o-s%C3%A9rie-a-2020/1ruuku31y4hamxz48qnbvwfoq/match/view/3qga9slycdmc0gdsasjoxa6wa,2,2,0,1,1,0,0,2,3,1,0,1,1,0,4,0,5,2,1,1,0,2.2,3.0,2.0,0.0,1.6,0.8,0.8,3.0,0.0,0.7333333333333333,8,0.5555555555555556,1.2,2.0,0.0,3.0,0.8,1.0,-0.2,2.6,0.0,0.4,9,0.26666666666666666,1
95,3qb3p1n2gg505yc9ccact48ru,2020,2020-09-13 20:30:00,2020,9,domingo,20,Botafogo FR,CR Vasco da Gama,Estádio Nilton Santos,Wilton Pereira Sampaio,No data,,13 de setembro de 2020 20:30,2,3,away_win,2,https://optaplayerstats.statsperform.com/pt_BR/soccer/brasileir%C3%A3o-s%C3%A9rie-a-2020/1ruuku31y4hamxz48qnbvwfoq/match/view/3qb3p1n2gg505yc9ccact48ru,2,2,0,0,0,0,0,3,2,0,0,0,0,0,5,-1,4,0,0,0,0,0.8,0.0,4.0,1.0,0.8,1.2,-0.4,1.6,0.0,0.26666666666666666,8,0.4444444444444444,1.0,1.0,2.0,2.0,1.0,1.2,-0.2,2.4,0.4,0.3333333333333333,8,0.4444444444444444,1
96,3ss490idsjx4y5zkt39bk9bhm,2020,2020-09-16 21:30:00,2020,9,quarta-feira,21,SC Corinthians Paulista,EC Bahia,Neo Química Arena,Wagner do Nascimento Magalhaes,No data,,16 de setembro de 2020 21:30,3,2,home_win,0,https://optaplayerstats.statsperform.com/pt_BR/soccer/brasileir%C3%A3o-s%C3%A9rie-a-2020/1ruuku31y4hamxz48qnbvwfoq/match/view/3ss490idsjx4y5zkt39bk9bhm,3,3,0,0,0,0,0,2,2,0,0,0,0,0,5,1,5,0,0,0,0,0.8,1.0,1.0,3.0,1.2,1.8,-0.6,2.6,0.4,0.26666666666666666,9,0.4166666666666667,0.4,0.0,2.0,3.0,1.2,2.2,-1.0,1.8,0.4,0.13333333333333333,9,0.2222222222222222,1
97,3sn8bwq6nthsdnoxlechu0siy,2020,2020-09-19 19:00:00,2020,9,sábado,19,Red Bull Bragantino,Ceará SC,Nabizão,Jefferson Ferreira de Moraes,No data,,19 de setembro de 2020 19:00,4,2,home_win,0,https://optaplayerstats.statsperform.com/pt_BR/soccer/brasileir%C3%A3o-s%C3%A9rie-a-2020/1ruuku31y4hamxz48qnbvwfoq/match/view/3sn8bwq6nthsdnoxlechu0siy,4,4,0,0,0,0,0,2,3,0,0,0,0,0,6,2,7,0,0,0,0,0.4,0.0,2.0,3.0,0.8,1.8,-1.0,1.6,0.4,0.13333333333333333,10,0.3333333333333333,1.8,3.0,0.0,2.0,1.0,0.6,0.4,2.0,0.4,0.6,10,0.25,1
98,3tfj1v5ri5vp4pdq7zh5u56ju,2020,2020-09-19 19:00:00,2020,9,sábado,19,Fortaleza EC,SC Internacional,Castelão,Marielson Alves Silva,No data,,19 de setembro de 2020 19:00,1,0,home_win,0,https://optaplayerstats.statsperform.com/pt_BR/soccer/brasileir%C3%A3o-s%C3%A9rie-a-2020/1ruuku31y4hamxz48qnbvwfoq/match/view/3tfj1v5ri5vp4pdq7zh5u56ju,1,1,0,0,0,0,0,0,3,0,0,0,0,0,1,1,4,0,0,0,0,1.4,2.0,1.0,2.0,1.2,0.8,0.4,2.4,0.2,0.4666666666666667,10,0.5833333333333334,1.6,2.0,2.0,1.0,1.4,0.8,0.6,2.2,0.0,0.5333333333333333,10,0.4666666666666666,1
99,3tkgvb3bhh5p8cqqau6rtihka,2020,2020-09-19 21:00:00,2020,9,sábado,21,Atlético Goianiense,Clube Atlético Mineiro,Estádio Olímpico Pedro Ludovico Teixeira,Edina Alves Batista,No data,,19 de setembro de 2020 21:00,3,4,away_win,2,https://optaplayerstats.statsperform.com/pt_BR/soccer/brasileir%C3%A3o-s%C3%A9rie-a-2020/1ruuku31y4hamxz48qnbvwfoq/match/view/3tkgvb3bhh5p8cqqau6rtihka,3,2,0,0,0,0,0,4,0,0,0,0,1,0,7,-1,2,0,0,1,0,1.6,2.0,2.0,1.0,1.0,1.0,0.0,1.2,0.2,0.5333333333333333,9,0.4166666666666667,1.8,3.0,0.0,2.0,1.4,1.0,0.4,1.6,0.2,0.6,9,0.39999999999999997,1
100,3sykky0zh0g6u9768ef3itch6,2020,2020-09-20 16:00:00,2020,9,domingo,16,Grêmio FB Porto Alegrense,SE Palmeiras,Arena do Grêmio,Rodrigo D'Alonso Ferreira,No data,,20 de setembro de 2020 16:00,1,1,draw,1,https://optaplayerstats.statsperform.com/pt_BR/soccer/brasileir%C3%A3o-s%C3%A9rie-a-2020/1ruuku31y4hamxz48qnbvwfoq/match/view/3sykky0zh0g6u9768ef3itch6,1,2,0,0,0,0,0,1,3,0,0,0,0,0,2,0,5,0,0,0,0,1.2,1.0,3.0,1.0,1.0,0.8,0.2,2.0,0.6,0.4,9,0.4166666666666667,1.8,2.0,3.0,0.0,1.6,1.0,0.6,2.4,0.2,0.6,9,0.7333333333333334,1
101,3ta47zcekn29v125ch1vwh8q2,2020,2020-09-20 16:00:00,2020,9,domingo,16,Coritiba FBC,CR Vasco da Gama,Couto Pereira,Luiz Flávio de Oliveira,No data,,20 de setembro de 2020 16:00,1,0,home_win,0,https://optaplayerstats.statsperform.com/pt_BR/soccer/brasileir%C3%A3o-s%C3%A9rie-a-2020/1ruuku31y4hamxz48qnbvwfoq/match/view/3ta47zcekn29v125ch1vwh8q2,1,1,0,0,0,1,0,0,2,0,0,0,0,0,1,1,3,0,0,1,0,1.0,1.0,2.0,2.0,0.8,1.0,-0.2,1.2,0.4,0.3333333333333333,10,0.25,1.4,2.0,1.0,2.0,1.6,1.6,0.0,1.8,0.4,0.4666666666666667,9,0.5833333333333334,1
102,3sbjtjxzs1gwwba3xw47ybvje,2020,2020-09-20 18:15:00,2020,9,domingo,18,Botafogo FR,Santos FC Sao Paulo,Estádio Nilton Santos,José Mendonça da Silva Jr.,No data,,20 de setembro de 2020 18:15,0,0,draw,1,https://optaplayerstats.statsperform.com/pt_BR/soccer/brasileir%C3%A3o-s%C3%A9rie-a-2020/1ruuku31y4hamxz48qnbvwfoq/match/view/3sbjtjxzs1gwwba3xw47ybvje,0,4,0,0,0,0,0,0,2,0,0,0,0,0,0,0,6,0,0,0,0,0.6,0.0,3.0,2.0,1.0,1.6,-0.6,1.4,0.0,0.2,9,0.3333333333333333,1.6,2.0,2.0,1.0,1.6,1.2,0.4,3.2,0.4,0.5333333333333333,10,0.5,1
103,3t3t5q2occgrjyvr1azpw3uqy,2020,2020-09-20 20:30:00,2020,9,domingo,20,SC do Recife,Fluminense FC,Ilha do Retiro,Leandro Pedro Vuaden,No data,,20 de setembro de 2020 20:30,1,0,home_win,0,https://optaplayerstats.statsperform.com/pt_BR/soccer/brasileir%C3%A3o-s%C3%A9rie-a-2020/1ruuku31y4hamxz48qnbvwfoq/match/view/3t3t5q2occgrjyvr1azpw3uqy,1,0,0,0,0,1,0,0,1,0,0,0,0,0,1,1,1,0,0,1,0,1.4,2.0,1.0,2.0,1.2,1.2,0.0,2.8,0.2,0.4666666666666667,10,0.5,1.4,2.0,1.0,2.0,1.4,1.6,-0.2,2.0,0.4,0.4666666666666667,10,0.25,1
104,3usq7hmxzfxktdrtiauoyhh0q,2020,2020-09-23 21:30:00,2020,9,quarta-feira,21,SC do Recife,SC Corinthians Paulista,Ilha do Retiro,Wilton Pereira Sampaio,No data,,23 de setembro de 2020 21:30,1,0,home_win,0,https://optaplayerstats.statsperform.com/pt_BR/soccer/brasileir%C3%A3o-s%C3%A9rie-a-2020/1ruuku31y4hamxz48qnbvwfoq/match/view/3usq7hmxzfxktdrtiauoyhh0q,1,3,0,0,0,1,0,0,4,0,0,0,0,0,1,1,7,0,0,1,0,2.0,3.0,1.0,1.0,1.4,1.0,0.4,2.0,0.2,0.6666666666666666,11,0.6,1.4,2.0,1.0,2.0,1.6,1.8,-0.2,3.2,0.4,0.4666666666666667,10,0.26666666666666666,1
105,3umhhemzy1goig7d5scph1kdm,2020,2020-09-26 19:00:00,2020,9,sábado,19,SC Internacional,São Paulo FC,Beira-Rio,Marcelo de Lima Henrique,No data,,26 de setembro de 2020 19:00,1,1,draw,1,https://optaplayerstats.statsperform.com/pt_BR/soccer/brasileir%C3%A3o-s%C3%A9rie-a-2020/1ruuku31y4hamxz48qnbvwfoq/match/view/3umhhemzy1goig7d5scph1kdm,1,2,1,0,1,0,0,1,0,0,0,0,0,0,2,0,2,1,1,0,0,1.0,1.0,2.0,2.0,1.0,1.0,0.0,2.6,0.0,0.3333333333333333,11,0.8666666666666667,1.6,2.0,2.0,1.0,1.6,1.6,0.0,2.4,0.0,0.5333333333333333,10,0.3333333333333333,1
106,3uxwxixjorb66dpt1p4a7bluy,2020,2020-09-26 19:00:00,2020,9,sábado,19,Club Athletico Paranaense,EC Bahia,Arena da Baixada,Ricardo Marques Ribeiro,No data,,26 de setembro de 2020 19:00,1,0,home_win,0,https://optaplayerstats.statsperform.com/pt_BR/soccer/brasileir%C3%A3o-s%C3%A9rie-a-2020/1ruuku31y4hamxz48qnbvwfoq/match/view/3uxwxixjorb66dpt1p4a7bluy,1,4,0,0,0,0,0,0,1,0,0,0,0,0,1,1,5,0,0,0,0,1.0,1.0,2.0,2.0,0.6,0.8,-0.2,1.8,0.0,0.3333333333333333,10,0.3333333333333333,0.2,0.0,1.0,4.0,1.4,2.6,-1.2,1.8,0.4,0.06666666666666667,10,0.16666666666666666,1
107,3ug3uyeowcuj64gll0qv1wy96,2020,2020-09-26 21:00:00,2020,9,sábado,21,Clube Atlético Mineiro,Grêmio FB Porto Alegrense,Mineirão,Caio Max Augusto Vieira,No data,,26 de setembro de 2020 21:00,3,1,home_win,0,https://optaplayerstats.statsperform.com/pt_BR/soccer/brasileir%C3%A3o-s%C3%A9rie-a-2020/1ruuku31y4hamxz48qnbvwfoq/match/view/3ug3uyeowcuj64gll0qv1wy96,3,1,0,0,0,0,0,1,1,0,0,0,0,0,4,2,2,0,0,0,0,2.4,4.0,0.0,1.0,2.2,1.4,0.8,1.2,0.2,0.8,10,1.0,1.2,1.0,3.0,1.0,1.2,1.0,0.2,2.0,0.6,0.4,10,0.4666666666666666,1
108,3txon3fqfzrwkgz25chtcfzoq,2020,2020-09-27 11:00:00,2020,9,domingo,11,CR Vasco da Gama,Red Bull Bragantino,São Januário,Rodolpho Toski Marques,No data,,27 de setembro de 2020 11:00,1,1,draw,1,https://optaplayerstats.statsperform.com/pt_BR/soccer/brasileir%C3%A3o-s%C3%A9rie-a-2020/1ruuku31y4hamxz48qnbvwfoq/match/view/3txon3fqfzrwkgz25chtcfzoq,1,2,0,0,0,0,0,1,1,0,0,0,0,0,2,0,3,0,0,0,0,1.4,2.0,1.0,2.0,1.4,1.4,0.0,2.0,0.2,0.4666666666666667,10,0.6666666666666666,1.0,1.0,2.0,2.0,1.6,1.6,0.0,2.0,0.2,0.3333333333333333,11,0.13333333333333333,1
109,3u5k81rr5o8z1yukih9nyrl9m,2020,2020-09-27 16:00:00,2020,9,domingo,16,SE Palmeiras,CR Flamengo,Allianz Parque,Jean Pierre Goncalves Lima,No data,,27 de setembro de 2020 16:00,1,1,draw,1,https://optaplayerstats.statsperform.com/pt_BR/soccer/brasileir%C3%A3o-s%C3%A9rie-a-2020/1ruuku31y4hamxz48qnbvwfoq/match/view/3u5k81rr5o8z1yukih9nyrl9m,1,4,0,0,0,0,0,1,2,0,0,0,0,0,2,0,6,0,0,0,0,1.8,2.0,3.0,0.0,1.6,1.0,0.6,2.6,0.2,0.6,10,0.5,2.4,4.0,0.0,1.0,2.0,1.4,0.6,2.2,0.0,0.8,10,0.7999999999999999,1
110,3v363qqhmqgjarh84awmrz42y,2020,2020-09-27 18:15:00,2020,9,domingo,18,Ceará SC,Goiás EC,Castelão,Ramon Abatti,No data,,27 de setembro de 2020 18:15,2,2,draw,1,https://optaplayerstats.statsperform.com/pt_BR/soccer/brasileir%C3%A3o-s%C3%A9rie-a-2020/1ruuku31y4hamxz48qnbvwfoq/match/view/3v363qqhmqgjarh84awmrz42y,2,3,0,0,0,0,0,2,4,0,0,0,0,0,4,0,7,0,0,0,0,1.2,2.0,0.0,3.0,1.0,1.4,-0.4,2.2,0.4,0.4,11,0.6,1.4,2.0,1.0,2.0,1.6,1.4,0.2,3.0,0.4,0.4666666666666667,8,0.1111111111111111,1
111,3v8z0pslf83637ucov4o81my2,2020,2020-09-27 18:15:00,2020,9,domingo,18,Atlético Goianiense,Botafogo FR,Estádio Olímpico Pedro Ludovico Teixeira,Leandro Pedro Vuaden,No data,,27 de setembro de 2020 18:15,1,1,draw,1,https://optaplayerstats.statsperform.com/pt_BR/soccer/brasileir%C3%A3o-s%C3%A9rie-a-2020/1ruuku31y4hamxz48qnbvwfoq/match/view/3v8z0pslf83637ucov4o81my2,1,2,0,0,0,0,0,1,3,0,0,0,1,0,2,0,5,0,0,1,0,1.6,2.0,2.0,1.0,1.6,1.4,0.2,1.4,0.0,0.5333333333333333,10,0.3333333333333333,0.8,0.0,4.0,1.0,1.0,1.2,-0.2,1.6,0.0,0.26666666666666666,10,0.3333333333333333,1
112,3uatyv8vwri6mqij013nd34h6,2020,2020-09-27 20:30:00,2020,9,domingo,20,Santos FC Sao Paulo,Fortaleza EC,Vila Belmiro,Heber Roberto Lopes,No data,,27 de setembro de 2020 20:30,1,1,draw,1,https://optaplayerstats.statsperform.com/pt_BR/soccer/brasileir%C3%A3o-s%C3%A9rie-a-2020/1ruuku31y4hamxz48qnbvwfoq/match/view/3uatyv8vwri6mqij013nd34h6,1,1,0,0,0,0,0,1,1,0,0,0,0,0,2,0,2,0,0,0,0,1.8,2.0,3.0,0.0,1.6,1.0,0.6,2.4,0.4,0.6,11,0.5333333333333333,1.4,2.0,1.0,2.0,0.8,0.8,0.0,2.2,0.2,0.4666666666666667,11,0.3333333333333333,1
113,3trqjtbqdaqc2mfqj03wl6kiy,2020,2020-09-28 20:00:00,2020,9,segunda-feira,20,Fluminense FC,Coritiba FBC,Estádio Nilton Santos,Vinicius Gonçalves Dias Araujo,No data,,28 de setembro de 2020 20:00,4,0,home_win,0,https://optaplayerstats.statsperform.com/pt_BR/soccer/brasileir%C3%A3o-s%C3%A9rie-a-2020/1ruuku31y4hamxz48qnbvwfoq/match/view/3trqjtbqdaqc2mfqj03wl6kiy,4,1,0,0,0,1,0,0,1,1,0,1,0,0,4,4,2,1,1,1,0,0.8,1.0,1.0,3.0,1.0,1.6,-0.6,1.4,0.4,0.26666666666666666,11,0.6666666666666666,1.0,1.0,2.0,2.0,0.8,1.0,-0.2,1.2,0.4,0.3333333333333333,11,0.3333333333333333,1
114,39u7boj80486fnm6xsd7a704q,2020,2020-09-30 21:30:00,2020,9,quarta-feira,21,Botafogo FR,EC Bahia,Estádio Nilton Santos,Sávio Pereira Sampaio,No data,,30 de setembro de 2020 21:30,1,2,away_win,2,https://optaplayerstats.statsperform.com/pt_BR/soccer/brasileir%C3%A3o-s%C3%A9rie-a-2020/1ruuku31y4hamxz48qnbvwfoq/match/view/39u7boj80486fnm6xsd7a704q,1,2,1,0,1,0,0,2,3,0,0,0,0,0,3,-1,5,1,1,0,0,0.8,0.0,4.0,1.0,1.2,1.4,-0.2,2.0,0.0,0.26666666666666666,11,0.3333333333333333,0.2,0.0,1.0,4.0,0.8,1.8,-1.0,1.8,0.4,0.06666666666666667,11,0.13333333333333333,1
115,3anlgx19z48egsu5gfunqkvhm,2020,2020-09-30 21:30:00,2020,9,quarta-feira,21,SC Corinthians Paulista,Atlético Goianiense,Neo Química Arena,Paulo Roberto Alves Júnior,No data,,30 de setembro de 2020 21:30,0,0,draw,1,https://optaplayerstats.statsperform.com/pt_BR/soccer/brasileir%C3%A3o-s%C3%A9rie-a-2020/1ruuku31y4hamxz48qnbvwfoq/match/view/3anlgx19z48egsu5gfunqkvhm,0,2,0,0,0,0,0,0,0,0,0,0,0,0,0,0,2,0,0,0,0,0.8,1.0,1.0,3.0,1.2,1.8,-0.6,3.4,0.4,0.26666666666666666,11,0.5333333333333333,1.6,2.0,2.0,1.0,1.6,1.4,0.2,1.6,0.0,0.5333333333333333,11,0.4666666666666666,1
116,3w8om9w3hfnx77925gzpga9gq,2020,2020-10-03 17:00:00,2020,10,sábado,17,Grêmio FB Porto Alegrense,SC Internacional,Arena do Grêmio,Raphael Claus,No data,,3 de outubro de 2020 17:00,1,1,draw,1,https://optaplayerstats.statsperform.com/pt_BR/soccer/brasileir%C3%A3o-s%C3%A9rie-a-2020/1ruuku31y4hamxz48qnbvwfoq/match/view/3w8om9w3hfnx77925gzpga9gq,1,1,0,1,1,0,0,1,1,1,0,1,1,0,2,0,2,2,1,1,0,1.2,1.0,3.0,1.0,1.2,1.2,0.0,2.0,0.6,0.4,11,0.39999999999999997,1.0,1.0,2.0,2.0,1.0,1.0,0.0,2.0,0.2,0.3333333333333333,12,0.26666666666666666,1
117,3vr68uqz8dfavyyrlohfmnywa,2020,2020-10-03 19:00:00,2020,10,sábado,19,SE Palmeiras,Ceará SC,Allianz Parque,Bruno Arleu de Araújo,No data,,3 de outubro de 2020 19:00,2,1,home_win,0,https://optaplayerstats.statsperform.com/pt_BR/soccer/brasileir%C3%A3o-s%C3%A9rie-a-2020/1ruuku31y4hamxz48qnbvwfoq/match/view/3vr68uqz8dfavyyrlohfmnywa,2,1,0,0,0,0,0,1,4,0,0,0,0,0,3,1,5,0,0,0,0,1.8,2.0,3.0,0.0,1.6,1.0,0.6,2.8,0.2,0.6,11,0.4666666666666666,0.8,1.0,1.0,3.0,1.2,1.8,-0.6,2.4,0.4,0.26666666666666666,12,0.19999999999999998,1
118,3vydj3lsiyltlpvst7ybk74h6,2020,2020-10-03 21:00:00,2020,10,sábado,21,Red Bull Bragantino,SC Corinthians Paulista,Nabizão,Edina Alves Batista,No data,,3 de outubro de 2020 21:00,0,0,draw,1,https://optaplayerstats.statsperform.com/pt_BR/soccer/brasileir%C3%A3o-s%C3%A9rie-a-2020/1ruuku31y4hamxz48qnbvwfoq/match/view/3vydj3lsiyltlpvst7ybk74h6,0,1,0,0,0,0,0,0,2,0,0,0,0,0,0,0,3,0,0,0,0,1.0,1.0,2.0,2.0,1.6,1.6,0.0,1.8,0.2,0.3333333333333333,12,0.4666666666666666,0.8,1.0,1.0,3.0,0.8,1.4,-0.6,3.2,0.4,0.26666666666666666,12,0.26666666666666666,1
119,3vm4diqaj8qs6fdxqv1uu6kbu,2020,2020-10-04 11:00:00,2020,10,domingo,11,Botafogo FR,Fluminense FC,Estádio Nilton Santos,Anderson Daronco,No data,,4 de outubro de 2020 11:00,1,1,draw,1,https://optaplayerstats.statsperform.com/pt_BR/soccer/brasileir%C3%A3o-s%C3%A9rie-a-2020/1ruuku31y4hamxz48qnbvwfoq/match/view/3vm4diqaj8qs6fdxqv1uu6kbu,1,0,0,0,0,0,0,1,1,0,0,0,0,1,2,0,1,0,0,0,1,0.6,0.0,3.0,2.0,1.0,1.4,-0.4,2.2,0.2,0.2,12,0.13333333333333333,1.2,2.0,0.0,3.0,1.6,1.4,0.2,1.0,0.2,0.4,12,0.19999999999999998,1
120,3vfov233lufyreai7v7zix7je,2020,2020-10-04 16:00:00,2020,10,domingo,16,CR Flamengo,Club Athletico Paranaense,Estádio Jornalista Mário Filho (Maracanã),Rodrigo D'Alonso Ferreira,No data,,4 de outubro de 2020 16:00,3,1,home_win,0,https://optaplayerstats.statsperform.com/pt_BR/soccer/brasileir%C3%A3o-s%C3%A9rie-a-2020/1ruuku31y4hamxz48qnbvwfoq/match/view/3vfov233lufyreai7v7zix7je,3,3,0,0,0,1,0,1,4,0,0,0,0,0,4,2,7,0,0,1,0,2.0,3.0,1.0,1.0,2.0,1.6,0.4,1.2,0.0,0.6666666666666666,11,0.4166666666666667,1.6,2.0,2.0,1.0,0.8,0.6,0.2,2.4,0.0,0.5333333333333333,11,0.25,1
121,3wnjc0iv01uvrgpwavdzcgwve,2020,2020-10-04 16:00:00,2020,10,domingo,16,Coritiba FBC,São Paulo FC,Couto Pereira,Wagner do Nascimento Magalhaes,No data,,4 de outubro de 2020 16:00,1,1,draw,1,https://optaplayerstats.statsperform.com/pt_BR/soccer/brasileir%C3%A3o-s%C3%A9rie-a-2020/1ruuku31y4hamxz48qnbvwfoq/match/view/3wnjc0iv01uvrgpwavdzcgwve,1,2,0,0,0,0,0,1,3,0,0,0,1,0,2,0,5,0,0,1,0,0.8,1.0,1.0,3.0,0.8,1.8,-1.0,1.2,0.6,0.26666666666666666,12,0.39999999999999997,1.2,1.0,3.0,1.0,1.4,1.6,-0.2,1.8,0.0,0.4,11,0.3333333333333333,1
122,3wg5rg5po897feetsiqildmy2,2020,2020-10-04 18:15:00,2020,10,domingo,18,EC Bahia,SC do Recife,Pituaçu,Rafael Traci,No data,,4 de outubro de 2020 18:15,1,2,away_win,2,https://optaplayerstats.statsperform.com/pt_BR/soccer/brasileir%C3%A3o-s%C3%A9rie-a-2020/1ruuku31y4hamxz48qnbvwfoq/match/view/3wg5rg5po897feetsiqildmy2,1,2,0,0,0,0,0,2,3,0,0,0,1,0,3,-1,5,0,0,1,0,0.6,1.0,0.0,4.0,0.8,1.6,-0.8,1.8,0.4,0.2,12,0.26666666666666666,2.0,3.0,1.0,1.0,1.2,0.8,0.4,1.6,0.2,0.6666666666666666,12,0.3333333333333333,1
123,3wsx72d8implbg00l9mnvggh6,2020,2020-10-04 18:15:00,2020,10,domingo,18,Fortaleza EC,Atlético Goianiense,Castelão,José Mendonça da Silva Jr.,No data,,4 de outubro de 2020 18:15,0,0,draw,1,https://optaplayerstats.statsperform.com/pt_BR/soccer/brasileir%C3%A3o-s%C3%A9rie-a-2020/1ruuku31y4hamxz48qnbvwfoq/match/view/3wsx72d8implbg00l9mnvggh6,0,5,0,0,0,0,0,0,5,0,0,0,0,0,0,0,10,0,0,0,0,1.6,2.0,2.0,1.0,1.0,0.8,0.2,2.0,0.2,0.5333333333333333,12,0.6666666666666666,1.6,2.0,2.0,1.0,1.4,1.2,0.2,1.4,0.0,0.5333333333333333,12,0.5333333333333333,1
124,3x0mfwbt2vg0wa90dpg8rms16,2020,2020-10-04 18:15:00,2020,10,domingo,18,Goiás EC,Santos FC Sao Paulo,Estádio Hailé Pinheiro (Serrinha),Marielson Alves Silva,No data,,4 de outubro de 2020 18:15,2,3,away_win,2,https://optaplayerstats.statsperform.com/pt_BR/soccer/brasileir%C3%A3o-s%C3%A9rie-a-2020/1ruuku31y4hamxz48qnbvwfoq/match/view/3x0mfwbt2vg0wa90dpg8rms16,2,4,0,1,1,0,0,3,3,1,0,1,1,1,5,-1,7,2,1,1,1,1.0,1.0,2.0,2.0,1.6,1.8,-0.2,2.8,0.4,0.3333333333333333,9,0.4666666666666666,1.8,2.0,3.0,0.0,1.4,0.8,0.6,2.2,0.4,0.6,12,0.4666666666666666,1
125,3w313xo3zmp41u3wd2arq2iy2,2020,2020-10-04 20:30:00,2020,10,domingo,20,Clube Atlético Mineiro,CR Vasco da Gama,Mineirão,Leandro Pedro Vuaden,No data,,4 de outubro de 2020 20:30,4,1,home_win,0,https://optaplayerstats.statsperform.com/pt_BR/soccer/brasileir%C3%A3o-s%C3%A9rie-a-2020/1ruuku31y4hamxz48qnbvwfoq/match/view/3w313xo3zmp41u3wd2arq2iy2,4,3,0,0,0,2,0,1,3,0,1,1,0,0,5,3,6,1,1,1,0,2.4,4.0,0.0,1.0,2.2,1.6,0.6,1.4,0.2,0.8,11,1.0,1.4,2.0,1.0,2.0,1.2,1.2,0.0,1.8,0.2,0.4666666666666667,11,0.4666666666666666,1
126,3xvchiih3yvb07dkjwuuv46sq,2020,2020-10-07 19:00:00,2020,10,quarta-feira,19,SC Corinthians Paulista,Santos FC Sao Paulo,Neo Química Arena,Marcelo de Lima Henrique,No data,,7 de outubro de 2020 19:00,1,1,draw,1,https://optaplayerstats.statsperform.com/pt_BR/soccer/brasileir%C3%A3o-s%C3%A9rie-a-2020/1ruuku31y4hamxz48qnbvwfoq/match/view/3xvchiih3yvb07dkjwuuv46sq,1,2,0,0,0,0,0,1,2,0,0,0,0,0,2,0,4,0,0,0,0,1.0,1.0,2.0,2.0,0.8,1.0,-0.2,3.0,0.0,0.3333333333333333,13,0.39999999999999997,1.8,2.0,3.0,0.0,1.8,1.2,0.6,2.0,0.2,0.6,13,0.6666666666666666,1
127,3x7ka8vl6uhc7ezu7nk7rz9m2,2020,2020-10-07 19:15:00,2020,10,quarta-feira,19,CR Flamengo,SC do Recife,Estádio Jornalista Mário Filho (Maracanã),Caio Max Augusto Vieira,No data,,7 de outubro de 2020 19:15,3,0,home_win,0,https://optaplayerstats.statsperform.com/pt_BR/soccer/brasileir%C3%A3o-s%C3%A9rie-a-2020/1ruuku31y4hamxz48qnbvwfoq/match/view/3x7ka8vl6uhc7ezu7nk7rz9m2,3,0,0,0,0,0,0,0,3,0,0,0,0,0,3,3,3,0,0,0,0,2.0,3.0,1.0,1.0,1.6,1.2,0.4,1.4,0.0,0.6666666666666666,12,0.5333333333333333,2.0,3.0,1.0,1.0,1.2,0.8,0.4,2.0,0.2,0.6666666666666666,13,0.4666666666666666,1
128,3y1287lhlnm8yh7jx58b94dii,2020,2020-10-07 19:15:00,2020,10,quarta-feira,19,Grêmio FB Porto Alegrense,Coritiba FBC,Arena do Grêmio,Ramon Abatti,No data,,7 de outubro de 2020 19:15,2,1,home_win,0,https://optaplayerstats.statsperform.com/pt_BR/soccer/brasileir%C3%A3o-s%C3%A9rie-a-2020/1ruuku31y4hamxz48qnbvwfoq/match/view/3y1287lhlnm8yh7jx58b94dii,2,2,0,0,0,0,0,1,2,0,0,0,0,0,3,1,4,0,0,0,0,1.2,1.0,3.0,1.0,1.2,1.2,0.0,1.6,0.6,0.4,12,0.26666666666666666,1.0,1.0,2.0,2.0,1.0,1.8,-0.8,1.4,0.6,0.3333333333333333,13,0.3333333333333333,1
129,3y6jy07cmumn5962ibrlrf14a,2020,2020-10-07 19:15:00,2020,10,quarta-feira,19,EC Bahia,CR Vasco da Gama,Pituaçu,Jean Pierre Goncalves Lima,No data,,7 de outubro de 2020 19:15,3,0,home_win,0,https://optaplayerstats.statsperform.com/pt_BR/soccer/brasileir%C3%A3o-s%C3%A9rie-a-2020/1ruuku31y4hamxz48qnbvwfoq/match/view/3y6jy07cmumn5962ibrlrf14a,3,4,0,0,0,0,0,0,3,0,1,1,0,0,3,3,7,1,1,0,0,0.6,1.0,0.0,4.0,1.0,1.6,-0.6,2.0,0.2,0.2,13,0.06666666666666667,0.8,1.0,1.0,3.0,1.2,2.0,-0.8,2.2,0.4,0.26666666666666666,12,0.26666666666666666,1
130,3xjo5z3rxkbkiw91ateu6699m,2020,2020-10-07 20:30:00,2020,10,quarta-feira,20,São Paulo FC,Atlético Goianiense,Morumbi,Dyorgines José Padovani Andrade,No data,,7 de outubro de 2020 20:30,3,0,home_win,0,https://optaplayerstats.statsperform.com/pt_BR/soccer/brasileir%C3%A3o-s%C3%A9rie-a-2020/1ruuku31y4hamxz48qnbvwfoq/match/view/3xjo5z3rxkbkiw91ateu6699m,3,3,0,0,0,0,0,0,2,0,0,0,0,0,3,3,5,0,0,0,0,1.4,1.0,4.0,0.0,1.6,1.2,0.4,2.4,0.0,0.4666666666666667,12,0.7333333333333334,1.2,1.0,3.0,1.0,1.0,1.0,0.0,2.2,0.0,0.4,13,0.6,1
131,3ylz5hzl482j3k2kgqt8pk8ru,2020,2020-10-07 20:30:00,2020,10,quarta-feira,20,Goiás EC,Fluminense FC,Estádio Hailé Pinheiro (Serrinha),Luiz Flávio de Oliveira,No data,,7 de outubro de 2020 20:30,2,4,away_win,2,https://optaplayerstats.statsperform.com/pt_BR/soccer/brasileir%C3%A3o-s%C3%A9rie-a-2020/1ruuku31y4hamxz48qnbvwfoq/match/view/3ylz5hzl482j3k2kgqt8pk8ru,2,3,0,0,0,1,0,4,2,0,0,0,0,0,6,-2,5,0,0,1,0,1.0,1.0,2.0,2.0,1.8,2.0,-0.2,3.4,0.6,0.3333333333333333,10,0.4666666666666666,1.4,2.0,1.0,2.0,1.6,1.0,0.6,1.2,0.2,0.4666666666666667,13,0.26666666666666666,1
132,3xdpz90xuex6f9tvi98r57k2y,2020,2020-10-07 21:30:00,2020,10,quarta-feira,21,Botafogo FR,SE Palmeiras,Estádio Nilton Santos,Rodolpho Toski Marques,No data,,7 de outubro de 2020 21:30,2,1,home_win,0,https://optaplayerstats.statsperform.com/pt_BR/soccer/brasileir%C3%A3o-s%C3%A9rie-a-2020/1ruuku31y4hamxz48qnbvwfoq/match/view/3xdpz90xuex6f9tvi98r57k2y,2,4,0,0,0,0,0,1,4,0,0,0,0,0,3,1,8,0,0,0,0,0.6,0.0,3.0,2.0,1.0,1.4,-0.4,2.2,0.2,0.2,13,0.19999999999999998,1.8,2.0,3.0,0.0,1.6,1.0,0.6,2.4,0.2,0.6,12,0.7333333333333334,1
133,3yh2raf5xhbjc2m9gu80xunai,2020,2020-10-07 21:30:00,2020,10,quarta-feira,21,Fortaleza EC,Clube Atlético Mineiro,Castelão,Sávio Pereira Sampaio,No data,,7 de outubro de 2020 21:30,2,1,home_win,0,https://optaplayerstats.statsperform.com/pt_BR/soccer/brasileir%C3%A3o-s%C3%A9rie-a-2020/1ruuku31y4hamxz48qnbvwfoq/match/view/3yh2raf5xhbjc2m9gu80xunai,2,3,0,1,1,0,0,1,3,0,0,0,0,0,3,1,6,1,1,0,0,1.8,2.0,3.0,0.0,0.8,0.4,0.4,2.8,0.2,0.6,13,0.7333333333333334,2.4,4.0,0.0,1.0,2.8,1.8,1.0,1.4,0.2,0.8,12,0.39999999999999997,1
134,3yc7o87gn1m6fcubvgy6y7bze,2020,2020-10-08 19:00:00,2020,10,quinta-feira,19,Club Athletico Paranaense,Ceará SC,Arena da Baixada,Wilton Pereira Sampaio,No data,,8 de outubro de 2020 19:00,0,0,draw,1,https://optaplayerstats.statsperform.com/pt_BR/soccer/brasileir%C3%A3o-s%C3%A9rie-a-2020/1ruuku31y4hamxz48qnbvwfoq/match/view/3yc7o87gn1m6fcubvgy6y7bze,0,3,0,0,0,0,0,0,2,0,0,0,0,0,0,0,5,0,0,0,0,1.4,2.0,1.0,2.0,0.8,1.0,-0.2,2.8,0.0,0.4666666666666667,12,0.5333333333333333,0.8,1.0,1.0,3.0,1.4,2.0,-0.6,2.6,0.0,0.26666666666666666,13,0.19999999999999998,1
135,3xpfyik2ks4nnz1g41zya038q,2020,2020-10-08 21:00:00,2020,10,quinta-feira,21,Red Bull Bragantino,SC Internacional,Nabizão,Felipe Fernandes de Lima,No data,,8 de outubro de 2020 21:00,0,2,away_win,2,https://optaplayerstats.statsperform.com/pt_BR/soccer/brasileir%C3%A3o-s%C3%A9rie-a-2020/1ruuku31y4hamxz48qnbvwfoq/match/view/3xpfyik2ks4nnz1g41zya038q,0,3,1,0,1,0,0,2,3,0,0,0,0,0,2,-2,6,1,1,0,0,1.2,1.0,3.0,1.0,1.4,1.2,0.2,1.8,0.0,0.4,13,0.4666666666666666,1.0,1.0,2.0,2.0,0.8,0.8,0.0,1.8,0.4,0.3333333333333333,13,0.3333333333333333,1
136,3ywib7fedip3qpvr5pklad3sa,2020,2020-10-10 17:00:00,2020,10,sábado,17,CR Vasco da Gama,CR Flamengo,São Januário,Flavio Rodrigues De Souza,No data,,10 de outubro de 2020 17:00,1,2,away_win,2,https://optaplayerstats.statsperform.com/pt_BR/soccer/brasileir%C3%A3o-s%C3%A9rie-a-2020/1ruuku31y4hamxz48qnbvwfoq/match/view/3ywib7fedip3qpvr5pklad3sa,1,2,0,0,0,0,0,2,5,0,0,0,0,0,3,-1,7,0,0,0,0,0.8,1.0,1.0,3.0,1.0,2.2,-1.2,2.4,0.4,0.26666666666666666,13,0.5333333333333333,2.0,3.0,1.0,1.0,1.8,1.0,0.8,1.2,0.0,0.6666666666666666,13,0.6666666666666666,1
137,3z3cydkj4l6zkhz75dy4scodm,2020,2020-10-10 19:00:00,2020,10,sábado,19,SE Palmeiras,São Paulo FC,Allianz Parque,Leandro Pedro Vuaden,No data,,10 de outubro de 2020 19:00,0,2,away_win,2,https://optaplayerstats.statsperform.com/pt_BR/soccer/brasileir%C3%A3o-s%C3%A9rie-a-2020/1ruuku31y4hamxz48qnbvwfoq/match/view/3z3cydkj4l6zkhz75dy4scodm,0,2,0,0,0,0,0,2,1,0,0,0,1,0,2,-2,3,0,0,1,0,1.2,1.0,3.0,1.0,1.4,1.4,0.0,2.8,0.2,0.4,13,0.6,1.4,1.0,4.0,0.0,1.6,1.0,0.6,2.4,0.0,0.4666666666666667,13,0.39999999999999997,1
138,40319zuaqkqpdfx49trd7nqsq,2020,2020-10-10 19:00:00,2020,10,sábado,19,Coritiba FBC,Fortaleza EC,Couto Pereira,Ricardo Marques Ribeiro,No data,,10 de outubro de 2020 19:00,0,0,draw,1,https://optaplayerstats.statsperform.com/pt_BR/soccer/brasileir%C3%A3o-s%C3%A9rie-a-2020/1ruuku31y4hamxz48qnbvwfoq/match/view/40319zuaqkqpdfx49trd7nqsq,0,1,0,0,0,0,0,0,0,0,0,0,0,0,0,0,1,0,0,0,0,0.8,1.0,1.0,3.0,0.6,1.6,-1.0,1.4,0.4,0.26666666666666666,14,0.4666666666666666,1.8,2.0,3.0,0.0,1.0,0.6,0.4,2.4,0.4,0.6,14,0.19999999999999998,1
139,3zemrzgil6ymz8a0u8ram9bvu,2020,2020-10-10 21:00:00,2020,10,sábado,21,Clube Atlético Mineiro,Goiás EC,Mineirão,Vinicius Gonçalves Dias Araujo,No data,,10 de outubro de 2020 21:00,3,0,home_win,0,https://optaplayerstats.statsperform.com/pt_BR/soccer/brasileir%C3%A3o-s%C3%A9rie-a-2020/1ruuku31y4hamxz48qnbvwfoq/match/view/3zemrzgil6ymz8a0u8ram9bvu,3,0,0,0,0,1,0,0,1,0,0,0,0,0,3,3,1,0,0,1,0,2.4,4.0,0.0,1.0,2.8,1.6,1.2,1.6,0.0,0.8,13,1.0,1.0,1.0,2.0,2.0,2.0,2.4,-0.4,4.0,0.6,0.3333333333333333,11,0.16666666666666666,1
140,3yqnaeqgiglkyc4907eyu8ui2,2020,2020-10-11 16:00:00,2020,10,domingo,16,Fluminense FC,EC Bahia,Estádio Jornalista Mário Filho (Maracanã),José Mendonça da Silva Jr.,No data,,11 de outubro de 2020 16:00,1,0,home_win,0,https://optaplayerstats.statsperform.com/pt_BR/soccer/brasileir%C3%A3o-s%C3%A9rie-a-2020/1ruuku31y4hamxz48qnbvwfoq/match/view/3yqnaeqgiglkyc4907eyu8ui2,1,2,0,0,0,1,0,0,3,0,0,0,0,0,1,1,5,0,0,1,0,2.0,3.0,1.0,1.0,2.2,1.0,1.2,1.4,0.2,0.6666666666666666,14,0.6666666666666666,1.2,2.0,0.0,3.0,1.6,1.4,0.2,2.4,0.0,0.4,14,0.26666666666666666,1
141,3z9e3a5t1jqtr0y8qh4vcufl6,2020,2020-10-11 16:00:00,2020,10,domingo,16,Santos FC Sao Paulo,Grêmio FB Porto Alegrense,Vila Belmiro,Braulio da Silva Machado,No data,,11 de outubro de 2020 16:00,2,1,home_win,0,https://optaplayerstats.statsperform.com/pt_BR/soccer/brasileir%C3%A3o-s%C3%A9rie-a-2020/1ruuku31y4hamxz48qnbvwfoq/match/view/3z9e3a5t1jqtr0y8qh4vcufl6,2,2,0,0,0,2,0,1,3,0,1,1,0,0,3,1,5,1,1,1,0,1.4,1.0,4.0,0.0,1.4,1.2,0.2,2.2,0.2,0.4666666666666667,14,0.39999999999999997,1.2,1.0,3.0,1.0,1.2,1.4,-0.2,1.4,0.4,0.4,13,0.39999999999999997,1
142,3zv9ci1g87b6n8r903cxbl36y,2020,2020-10-11 18:15:00,2020,10,domingo,18,SC do Recife,Botafogo FR,Ilha do Retiro,Rodrigo D'Alonso Ferreira,No data,,11 de outubro de 2020 18:15,1,2,away_win,2,https://optaplayerstats.statsperform.com/pt_BR/soccer/brasileir%C3%A3o-s%C3%A9rie-a-2020/1ruuku31y4hamxz48qnbvwfoq/match/view/3zv9ci1g87b6n8r903cxbl36y,1,3,0,0,0,0,0,2,2,0,1,1,0,0,3,-1,5,1,1,0,0,2.0,3.0,1.0,1.0,1.2,1.2,0.0,2.4,0.2,0.6666666666666666,14,0.6,1.2,1.0,3.0,1.0,1.0,1.0,0.0,2.6,0.2,0.4,14,0.3333333333333333,1
143,40eg6kfxf9tiofoxlg20tzeqy,2020,2020-10-11 18:15:00,2020,10,domingo,18,Atlético Goianiense,Red Bull Bragantino,Estádio Olímpico Pedro Ludovico Teixeira,Heber Roberto Lopes,No data,,11 de outubro de 2020 18:15,2,1,home_win,0,https://optaplayerstats.statsperform.com/pt_BR/soccer/brasileir%C3%A3o-s%C3%A9rie-a-2020/1ruuku31y4hamxz48qnbvwfoq/match/view/40eg6kfxf9tiofoxlg20tzeqy,2,1,0,0,0,0,0,1,1,0,0,0,0,0,3,1,2,0,0,0,0,0.6,0.0,3.0,2.0,0.8,1.6,-0.8,2.2,0.0,0.2,14,0.19999999999999998,1.0,1.0,2.0,2.0,1.2,1.4,-0.2,2.0,0.2,0.3333333333333333,14,0.19999999999999998,1
144,3zkjierl2raflzjodj3l5qqne,2020,2020-10-11 20:30:00,2020,10,domingo,20,SC Internacional,Club Athletico Paranaense,Beira-Rio,Bruno Arleu de Araújo,No data,,11 de outubro de 2020 20:30,2,1,home_win,0,https://optaplayerstats.statsperform.com/pt_BR/soccer/brasileir%C3%A3o-s%C3%A9rie-a-2020/1ruuku31y4hamxz48qnbvwfoq/match/view/3zkjierl2raflzjodj3l5qqne,2,2,0,0,0,0,0,1,0,0,0,0,0,0,3,1,2,0,0,0,0,1.0,1.0,2.0,2.0,0.8,0.8,0.0,2.4,0.4,0.3333333333333333,14,0.7333333333333334,1.6,2.0,2.0,1.0,0.8,0.8,0.0,3.2,0.0,0.5333333333333333,13,0.19999999999999998,1
145,408z204h12u3sewjlqgir5016,2020,2020-10-11 20:30:00,2020,10,domingo,20,Ceará SC,SC Corinthians Paulista,Castelão,Anderson Daronco,No data,,11 de outubro de 2020 20:30,2,1,home_win,0,https://optaplayerstats.statsperform.com/pt_BR/soccer/brasileir%C3%A3o-s%C3%A9rie-a-2020/1ruuku31y4hamxz48qnbvwfoq/match/view/408z204h12u3sewjlqgir5016,2,4,1,0,1,1,1,1,1,1,0,1,0,0,3,1,5,2,1,1,1,1.0,1.0,2.0,2.0,1.4,1.6,-0.2,2.6,0.0,0.3333333333333333,14,0.6666666666666666,1.2,1.0,3.0,1.0,0.8,0.8,0.0,2.6,0.0,0.4,14,0.26666666666666666,1
146,3s5inzgevfdornss79na3q44q,2020,2020-10-13 18:00:00,2020,10,terça-feira,18,CR Flamengo,Goiás EC,Estádio Jornalista Mário Filho (Maracanã),Paulo Roberto Alves Júnior,No data,,13 de outubro de 2020 18:00,2,1,home_win,0,https://optaplayerstats.statsperform.com/pt_BR/soccer/brasileir%C3%A3o-s%C3%A9rie-a-2020/1ruuku31y4hamxz48qnbvwfoq/match/view/3s5inzgevfdornss79na3q44q,2,1,0,0,0,0,0,1,4,0,0,0,0,0,3,1,5,0,0,0,0,2.0,3.0,1.0,1.0,1.8,1.0,0.8,2.0,0.0,0.6666666666666666,14,0.7333333333333334,0.8,1.0,1.0,3.0,1.4,2.4,-1.0,3.2,0.4,0.26666666666666666,12,0.13333333333333333,1
147,4137fo7b7v4sr4g0548p7x84q,2020,2020-10-14 18:00:00,2020,10,quarta-feira,18,SE Palmeiras,Coritiba FBC,Allianz Parque,Jefferson Ferreira de Moraes,No data,,14 de outubro de 2020 18:00,1,3,away_win,2,https://optaplayerstats.statsperform.com/pt_BR/soccer/brasileir%C3%A3o-s%C3%A9rie-a-2020/1ruuku31y4hamxz48qnbvwfoq/match/view/4137fo7b7v4sr4g0548p7x84q,1,3,0,0,0,0,0,3,2,0,0,0,0,0,4,-2,5,0,0,0,0,1.0,1.0,2.0,2.0,1.0,1.4,-0.4,2.8,0.0,0.3333333333333333,14,0.39999999999999997,1.0,1.0,2.0,2.0,0.6,1.4,-0.8,1.4,0.2,0.3333333333333333,15,0.13333333333333333,1
148,41thgmo6wah23in04rmgv9eui,2020,2020-10-14 19:15:00,2020,10,quarta-feira,19,Grêmio FB Porto Alegrense,Botafogo FR,Arena do Grêmio,Luiz Flávio de Oliveira,No data,,14 de outubro de 2020 19:15,3,1,home_win,0,https://optaplayerstats.statsperform.com/pt_BR/soccer/brasileir%C3%A3o-s%C3%A9rie-a-2020/1ruuku31y4hamxz48qnbvwfoq/match/view/41thgmo6wah23in04rmgv9eui,3,3,1,0,1,0,0,1,2,0,0,0,0,0,4,2,5,1,1,0,0,1.0,1.0,2.0,2.0,1.2,1.6,-0.4,1.8,0.4,0.3333333333333333,14,0.39999999999999997,1.6,2.0,2.0,1.0,1.4,1.2,0.2,2.2,0.4,0.5333333333333333,15,0.4666666666666666,1
149,41benz9u1xvgsz2atq64yxd2i,2020,2020-10-14 20:30:00,2020,10,quarta-feira,20,Santos FC Sao Paulo,Atlético Goianiense,Vila Belmiro,Igor Junior Benevenuto,No data,,14 de outubro de 2020 20:30,0,1,away_win,2,https://optaplayerstats.statsperform.com/pt_BR/soccer/brasileir%C3%A3o-s%C3%A9rie-a-2020/1ruuku31y4hamxz48qnbvwfoq/match/view/41benz9u1xvgsz2atq64yxd2i,0,3,0,0,0,0,0,1,3,0,0,0,0,0,1,-1,6,0,0,0,0,1.8,2.0,3.0,0.0,1.4,1.0,0.4,2.0,0.2,0.6,15,0.6,1.2,1.0,3.0,1.0,0.6,1.0,-0.4,2.0,0.0,0.4,15,0.5333333333333333,1
150,41kh9szw6t24cn07496qskmei,2020,2020-10-14 21:30:00,2020,10,quarta-feira,21,Clube Atlético Mineiro,Fluminense FC,Mineirão,Raphael Claus,No data,,14 de outubro de 2020 21:30,1,1,draw,1,https://optaplayerstats.statsperform.com/pt_BR/soccer/brasileir%C3%A3o-s%C3%A9rie-a-2020/1ruuku31y4hamxz48qnbvwfoq/match/view/41kh9szw6t24cn07496qskmei,1,3,0,0,0,0,0,1,1,0,0,0,0,0,2,0,4,0,0,0,0,2.4,4.0,0.0,1.0,3.0,1.4,1.6,1.4,0.0,0.8,14,1.0,2.0,3.0,1.0,1.0,2.0,0.8,1.2,1.4,0.0,0.6666666666666666,15,0.4666666666666666,1
151,41z5y0jorn43l49sccua249d6,2020,2020-10-14 21:30:00,2020,10,quarta-feira,21,SC do Recife,SC Internacional,Ilha do Retiro,Wagner do Nascimento Magalhaes,No data,,14 de outubro de 2020 21:30,3,5,away_win,2,https://optaplayerstats.statsperform.com/pt_BR/soccer/brasileir%C3%A3o-s%C3%A9rie-a-2020/1ruuku31y4hamxz48qnbvwfoq/match/view/41z5y0jorn43l49sccua249d6,3,3,0,0,0,0,0,5,2,0,0,0,0,1,8,-2,5,0,0,0,1,1.8,3.0,0.0,2.0,1.0,1.2,-0.2,2.4,0.0,0.6,15,0.6,1.6,2.0,2.0,1.0,1.2,0.8,0.4,2.2,0.4,0.5333333333333333,15,0.3333333333333333,1
152,4267bs3zvdxjsja2q4z1bi0kq,2020,2020-10-14 21:30:00,2020,10,quarta-feira,21,Club Athletico Paranaense,SC Corinthians Paulista,Arena da Baixada,Sávio Pereira Sampaio,No data,,14 de outubro de 2020 21:30,0,1,away_win,2,https://optaplayerstats.statsperform.com/pt_BR/soccer/brasileir%C3%A3o-s%C3%A9rie-a-2020/1ruuku31y4hamxz48qnbvwfoq/match/view/4267bs3zvdxjsja2q4z1bi0kq,0,3,0,0,0,0,0,1,3,1,0,1,0,0,1,-1,6,1,1,0,0,1.4,2.0,1.0,2.0,0.8,1.0,-0.2,3.0,0.0,0.4666666666666667,14,0.6,0.6,0.0,3.0,2.0,0.4,0.8,-0.4,2.2,0.2,0.2,15,0.26666666666666666,1
153,40l3bdbbpi8bml9rnjxzsvxbe,2020,2020-10-15 20:00:00,2020,10,quinta-feira,20,CR Flamengo,Red Bull Bragantino,Estádio Jornalista Mário Filho (Maracanã),Daniel Nobre Bins,No data,,15 de outubro de 2020 20:00,1,1,draw,1,https://optaplayerstats.statsperform.com/pt_BR/soccer/brasileir%C3%A3o-s%C3%A9rie-a-2020/1ruuku31y4hamxz48qnbvwfoq/match/view/40l3bdbbpi8bml9rnjxzsvxbe,1,2,0,0,0,0,0,1,1,0,0,0,0,0,2,0,3,0,0,0,0,2.6,4.0,1.0,0.0,2.2,0.8,1.4,2.2,0.0,0.8666666666666667,15,0.8666666666666667,1.0,1.0,2.0,2.0,1.2,1.4,-0.2,2.0,0.2,0.3333333333333333,15,0.19999999999999998,1
154,42mg7egw3hpi3blze3itf3rsa,2020,2020-10-16 20:00:00,2020,10,sexta-feira,20,Goiás EC,EC Bahia,Estádio Hailé Pinheiro (Serrinha),Rodrigo Carvalhaes de Miranda,No data,,16 de outubro de 2020 20:00,1,1,draw,1,https://optaplayerstats.statsperform.com/pt_BR/soccer/brasileir%C3%A3o-s%C3%A9rie-a-2020/1ruuku31y4hamxz48qnbvwfoq/match/view/42mg7egw3hpi3blze3itf3rsa,1,5,0,0,0,0,0,1,4,1,1,2,0,0,2,0,9,2,1,0,0,0.2,0.0,1.0,4.0,1.4,2.8,-1.4,3.2,0.2,0.06666666666666667,13,0.26666666666666666,1.2,2.0,0.0,3.0,1.2,1.0,0.2,2.6,0.0,0.4,15,0.26666666666666666,1
155,42uncx97dt10ywb9w6vxwgo6i,2020,2020-10-17 19:00:00,2020,10,sábado,19,Fluminense FC,Ceará SC,Estádio Jornalista Mário Filho (Maracanã),Gilberto Rodrigues Castro Junior,No data,,17 de outubro de 2020 19:00,2,2,draw,1,https://optaplayerstats.statsperform.com/pt_BR/soccer/brasileir%C3%A3o-s%C3%A9rie-a-2020/1ruuku31y4hamxz48qnbvwfoq/match/view/42uncx97dt10ywb9w6vxwgo6i,2,3,0,0,0,0,0,2,3,0,0,0,0,1,4,0,6,0,0,0,1,2.2,3.0,2.0,0.0,2.2,0.8,1.4,1.4,0.0,0.7333333333333333,16,0.6666666666666666,1.0,1.0,2.0,2.0,1.4,1.8,-0.4,3.2,0.2,0.3333333333333333,15,0.26666666666666666,1
156,44dzqw3lyqf9heweuj57aniay,2020,2020-10-17 19:00:00,2020,10,sábado,19,Coritiba FBC,Santos FC Sao Paulo,Couto Pereira,Bruno Arleu de Araújo,No data,,17 de outubro de 2020 19:00,1,2,away_win,2,https://optaplayerstats.statsperform.com/pt_BR/soccer/brasileir%C3%A3o-s%C3%A9rie-a-2020/1ruuku31y4hamxz48qnbvwfoq/match/view/44dzqw3lyqf9heweuj57aniay,1,5,0,0,0,0,0,2,2,0,0,0,1,0,3,-1,7,0,0,1,0,1.0,1.0,2.0,2.0,1.0,1.6,-0.6,1.6,0.2,0.3333333333333333,16,0.5333333333333333,1.6,2.0,2.0,1.0,1.4,1.2,0.2,2.2,0.2,0.5333333333333333,16,0.5333333333333333,1
157,44vj6aihb4tz8t3k1wd6tx9be,2020,2020-10-17 19:00:00,2020,10,sábado,19,Atlético Goianiense,Club Athletico Paranaense,Estádio Olímpico Pedro Ludovico Teixeira,Pablo Ramón Goncalves Pinheiro,No data,,17 de outubro de 2020 19:00,1,1,draw,1,https://optaplayerstats.statsperform.com/pt_BR/soccer/brasileir%C3%A3o-s%C3%A9rie-a-2020/1ruuku31y4hamxz48qnbvwfoq/match/view/44vj6aihb4tz8t3k1wd6tx9be,1,3,2,0,2,0,0,1,5,0,0,0,0,0,2,0,8,2,1,0,0,1.6,2.0,2.0,1.0,0.6,0.8,-0.2,2.2,0.0,0.5333333333333333,16,0.3333333333333333,0.8,1.0,1.0,3.0,0.6,1.2,-0.6,2.8,0.0,0.26666666666666666,15,0.0,1
158,43a1kj36p561420eeu69q7u5m,2020,2020-10-17 21:00:00,2020,10,sábado,21,São Paulo FC,Grêmio FB Porto Alegrense,Morumbi,Rafael Traci,No data,,17 de outubro de 2020 21:00,0,0,draw,1,https://optaplayerstats.statsperform.com/pt_BR/soccer/brasileir%C3%A3o-s%C3%A9rie-a-2020/1ruuku31y4hamxz48qnbvwfoq/match/view/43a1kj36p561420eeu69q7u5m,0,4,0,0,0,0,0,0,2,0,0,0,0,0,0,0,6,0,0,0,0,1.8,2.0,3.0,0.0,1.8,0.8,1.0,1.8,0.0,0.6,14,0.8666666666666667,1.4,2.0,1.0,2.0,1.6,1.6,0.0,2.0,0.6,0.4666666666666667,15,0.3333333333333333,1
159,43s5g2ej7w760k5n68ai2jvxm,2020,2020-10-18 16:00:00,2020,10,domingo,16,SC Corinthians Paulista,CR Flamengo,Neo Química Arena,Leandro Pedro Vuaden,No data,,18 de outubro de 2020 16:00,1,5,away_win,2,https://optaplayerstats.statsperform.com/pt_BR/soccer/brasileir%C3%A3o-s%C3%A9rie-a-2020/1ruuku31y4hamxz48qnbvwfoq/match/view/43s5g2ej7w760k5n68ai2jvxm,1,4,0,0,0,0,0,5,5,0,0,0,0,0,6,-4,9,0,0,0,0,1.2,1.0,3.0,1.0,0.6,0.6,0.0,2.0,0.4,0.4,16,0.39999999999999997,2.6,4.0,1.0,0.0,2.2,0.8,1.4,2.2,0.0,0.8666666666666667,16,0.6666666666666666,1
160,43y1riiyqios747t44auu5f8q,2020,2020-10-18 18:15:00,2020,10,domingo,18,SC Internacional,CR Vasco da Gama,Beira-Rio,Braulio da Silva Machado,No data,,18 de outubro de 2020 18:15,2,0,home_win,0,https://optaplayerstats.statsperform.com/pt_BR/soccer/brasileir%C3%A3o-s%C3%A9rie-a-2020/1ruuku31y4hamxz48qnbvwfoq/match/view/43y1riiyqios747t44auu5f8q,2,1,0,0,0,1,0,0,1,0,0,0,0,0,2,2,2,0,0,1,0,2.2,3.0,2.0,0.0,2.2,1.2,1.0,2.0,0.4,0.7333333333333333,16,0.7333333333333334,0.2,0.0,1.0,4.0,0.6,2.2,-1.6,2.4,0.4,0.06666666666666667,14,0.26666666666666666,1
161,43k5f33hly41xvkkgbp6iz90q,2020,2020-10-18 20:30:00,2020,10,domingo,20,Red Bull Bragantino,SC do Recife,Nabizão,Ricardo Marques Ribeiro,No data,,18 de outubro de 2020 20:30,2,0,home_win,0,https://optaplayerstats.statsperform.com/pt_BR/soccer/brasileir%C3%A3o-s%C3%A9rie-a-2020/1ruuku31y4hamxz48qnbvwfoq/match/view/43k5f33hly41xvkkgbp6iz90q,2,2,0,0,0,0,0,0,2,0,0,0,0,0,2,2,4,0,0,0,0,0.6,0.0,3.0,2.0,0.6,1.2,-0.6,1.4,0.2,0.2,16,0.26666666666666666,1.2,2.0,0.0,3.0,1.4,2.2,-0.8,3.0,0.0,0.4,16,0.4666666666666666,1
162,44mloxwspgq8j2e4q3f20lx0q,2020,2020-10-18 20:30:00,2020,10,domingo,20,Fortaleza EC,SE Palmeiras,Castelão,Marcelo de Lima Henrique,No data,,18 de outubro de 2020 20:30,2,0,home_win,0,https://optaplayerstats.statsperform.com/pt_BR/soccer/brasileir%C3%A3o-s%C3%A9rie-a-2020/1ruuku31y4hamxz48qnbvwfoq/match/view/44mloxwspgq8j2e4q3f20lx0q,2,2,0,0,0,0,0,0,3,1,0,1,0,0,2,2,5,1,1,0,0,1.8,2.0,3.0,0.0,0.8,0.4,0.4,2.0,0.2,0.6,15,0.8666666666666667,0.8,1.0,1.0,3.0,1.0,1.8,-0.8,2.8,0.0,0.26666666666666666,15,0.5333333333333333,1
163,433g3qslryyp9yzlncs6vu6ay,2020,2020-10-19 20:00:00,2020,10,segunda-feira,20,Botafogo FR,Goiás EC,Estádio Nilton Santos,Edina Alves Batista,No data,,19 de outubro de 2020 20:00,0,0,draw,1,https://optaplayerstats.statsperform.com/pt_BR/soccer/brasileir%C3%A3o-s%C3%A9rie-a-2020/1ruuku31y4hamxz48qnbvwfoq/match/view/433g3qslryyp9yzlncs6vu6ay,0,2,0,0,0,0,0,0,1,0,0,0,0,0,0,0,3,0,0,0,0,1.4,2.0,1.0,2.0,1.4,1.6,-0.2,2.0,0.4,0.4666666666666667,16,0.3333333333333333,0.2,0.0,1.0,4.0,1.2,2.6,-1.4,3.4,0.2,0.06666666666666667,14,0.13333333333333333,1
164,445za213fl92dv5ejmlgn49yi,2020,2020-10-19 20:00:00,2020,10,segunda-feira,20,EC Bahia,Clube Atlético Mineiro,Pituaçu,Anderson Daronco,No data,,19 de outubro de 2020 20:00,3,1,home_win,0,https://optaplayerstats.statsperform.com/pt_BR/soccer/brasileir%C3%A3o-s%C3%A9rie-a-2020/1ruuku31y4hamxz48qnbvwfoq/match/view/445za213fl92dv5ejmlgn49yi,3,4,0,0,0,0,0,1,1,0,0,0,0,0,4,2,5,0,0,0,0,1.4,2.0,1.0,2.0,1.4,1.0,0.4,3.2,0.4,0.4666666666666667,16,0.19999999999999998,2.0,3.0,1.0,1.0,2.4,1.0,1.4,2.0,0.0,0.6666666666666666,15,0.39999999999999997,1
165,45aom8xm63sjmss4aic0bpune,2020,2020-10-21 21:30:00,2020,10,quarta-feira,21,CR Vasco da Gama,SC Corinthians Paulista,São Januário,Caio Max Augusto Vieira,No data,,21 de outubro de 2020 21:30,1,2,away_win,2,https://optaplayerstats.statsperform.com/pt_BR/soccer/brasileir%C3%A3o-s%C3%A9rie-a-2020/1ruuku31y4hamxz48qnbvwfoq/match/view/45aom8xm63sjmss4aic0bpune,1,1,0,0,0,0,0,2,2,0,0,0,0,0,3,-1,3,0,0,0,0,0.2,0.0,1.0,4.0,0.6,2.4,-1.8,2.2,0.4,0.06666666666666667,15,0.3333333333333333,1.0,1.0,2.0,2.0,0.8,1.6,-0.8,2.4,0.4,0.3333333333333333,17,0.26666666666666666,1
166,45qrbqmuqjhh3xoe93od2c9re,2020,2020-10-24 17:00:00,2020,10,sábado,17,Red Bull Bragantino,Goiás EC,Nabizão,Ramon Abatti,No data,,24 de outubro de 2020 17:00,2,0,home_win,0,https://optaplayerstats.statsperform.com/pt_BR/soccer/brasileir%C3%A3o-s%C3%A9rie-a-2020/1ruuku31y4hamxz48qnbvwfoq/match/view/45qrbqmuqjhh3xoe93od2c9re,2,0,0,0,0,0,0,0,3,0,0,0,0,0,2,2,3,0,0,0,0,1.0,1.0,2.0,2.0,0.8,1.0,-0.2,1.6,0.2,0.3333333333333333,17,0.4666666666666666,0.4,0.0,2.0,3.0,0.8,2.0,-1.2,2.8,0.0,0.13333333333333333,15,0.13333333333333333,1
167,470hdmf9ktvbvb3n13xz81u22,2020,2020-10-24 19:00:00,2020,10,sábado,19,Ceará SC,Coritiba FBC,Castelão,Felipe Fernandes de Lima,No data,,24 de outubro de 2020 19:00,2,1,home_win,0,https://optaplayerstats.statsperform.com/pt_BR/soccer/brasileir%C3%A3o-s%C3%A9rie-a-2020/1ruuku31y4hamxz48qnbvwfoq/match/view/470hdmf9ktvbvb3n13xz81u22,2,3,0,0,0,0,0,1,1,0,0,0,0,0,3,1,4,0,0,0,0,1.2,1.0,3.0,1.0,1.4,1.4,0.0,3.2,0.2,0.4,16,0.6666666666666666,1.0,1.0,2.0,2.0,1.2,1.2,0.0,2.4,0.0,0.3333333333333333,17,0.26666666666666666,1
168,45zivzyuwd450utu24l8fvvxm,2020,2020-10-24 22:00:00,2020,10,sábado,22,Clube Atlético Mineiro,SC do Recife,Mineirão,Paulo Roberto Alves Júnior,No data,,24 de outubro de 2020 22:00,0,0,draw,1,https://optaplayerstats.statsperform.com/pt_BR/soccer/brasileir%C3%A3o-s%C3%A9rie-a-2020/1ruuku31y4hamxz48qnbvwfoq/match/view/45zivzyuwd450utu24l8fvvxm,0,1,0,0,0,0,0,0,0,0,0,0,0,0,0,0,1,0,0,0,0,1.4,2.0,1.0,2.0,2.0,1.4,0.6,2.0,0.0,0.4666666666666667,16,0.8666666666666667,0.6,1.0,0.0,4.0,1.2,2.6,-1.4,2.8,0.0,0.2,17,0.26666666666666666,1
169,453dl2xr2vej03n9buiik2kx6,2020,2020-10-25 16:00:00,2020,10,domingo,16,Fluminense FC,Santos FC Sao Paulo,Estádio Jornalista Mário Filho (Maracanã),Anderson Daronco,No data,,25 de outubro de 2020 16:00,3,1,home_win,0,https://optaplayerstats.statsperform.com/pt_BR/soccer/brasileir%C3%A3o-s%C3%A9rie-a-2020/1ruuku31y4hamxz48qnbvwfoq/match/view/453dl2xr2vej03n9buiik2kx6,3,5,0,0,0,0,0,1,4,0,0,0,0,0,4,2,9,0,0,0,0,1.8,2.0,3.0,0.0,1.8,1.2,0.6,1.8,0.0,0.6,17,0.6666666666666666,2.0,3.0,1.0,1.0,1.6,1.2,0.4,2.4,0.2,0.6666666666666666,17,0.7333333333333334,1
170,47aoysovf99p85bqk4i3m56ju,2020,2020-10-25 16:00:00,2020,10,domingo,16,Atlético Goianiense,SE Palmeiras,Estádio Olímpico Pedro Ludovico Teixeira,Sávio Pereira Sampaio,No data,,25 de outubro de 2020 16:00,0,3,away_win,2,https://optaplayerstats.statsperform.com/pt_BR/soccer/brasileir%C3%A3o-s%C3%A9rie-a-2020/1ruuku31y4hamxz48qnbvwfoq/match/view/47aoysovf99p85bqk4i3m56ju,0,1,0,0,0,0,0,3,4,0,0,0,0,0,3,-3,5,0,0,0,0,1.6,2.0,2.0,1.0,0.8,1.0,-0.2,2.8,0.4,0.5333333333333333,17,0.39999999999999997,0.6,1.0,0.0,4.0,0.8,2.0,-1.2,2.6,0.2,0.2,16,0.4666666666666666,1
171,468lwp8z1tvx82sl6utzahmju,2020,2020-10-25 18:15:00,2020,10,domingo,18,SC Internacional,CR Flamengo,Beira-Rio,Wilton Pereira Sampaio,No data,,25 de outubro de 2020 18:15,2,2,draw,1,https://optaplayerstats.statsperform.com/pt_BR/soccer/brasileir%C3%A3o-s%C3%A9rie-a-2020/1ruuku31y4hamxz48qnbvwfoq/match/view/468lwp8z1tvx82sl6utzahmju,2,6,0,0,0,0,0,2,5,0,0,0,0,0,4,0,11,0,0,0,0,2.6,4.0,1.0,0.0,2.4,1.0,1.4,1.8,0.2,0.8666666666666667,17,0.7333333333333334,2.6,4.0,1.0,0.0,2.6,0.8,1.8,2.6,0.0,0.8666666666666667,17,0.6666666666666666,1
172,46qtmwrmrnu8jv4ub0gq9h7qi,2020,2020-10-25 18:15:00,2020,10,domingo,18,Club Athletico Paranaense,Grêmio FB Porto Alegrense,Arena da Baixada,Flavio Rodrigues De Souza,No data,,25 de outubro de 2020 18:15,1,2,away_win,2,https://optaplayerstats.statsperform.com/pt_BR/soccer/brasileir%C3%A3o-s%C3%A9rie-a-2020/1ruuku31y4hamxz48qnbvwfoq/match/view/46qtmwrmrnu8jv4ub0gq9h7qi,1,3,0,0,0,0,0,2,1,0,0,0,0,1,3,-1,4,0,0,0,1,0.4,0.0,2.0,3.0,0.6,1.4,-0.8,3.0,0.0,0.13333333333333333,16,0.5333333333333333,1.6,2.0,2.0,1.0,1.4,1.0,0.4,2.2,0.6,0.5333333333333333,16,0.3333333333333333,1
173,47vezuqvp1xby5hykehfpas8a,2020,2020-10-31 17:00:00,2020,10,sábado,17,Botafogo FR,Ceará SC,Estádio Nilton Santos,Diego Pombo Lopez,No data,,31 de outubro de 2020 17:00,2,2,draw,1,https://optaplayerstats.statsperform.com/pt_BR/soccer/brasileir%C3%A3o-s%C3%A9rie-a-2020/1ruuku31y4hamxz48qnbvwfoq/match/view/47vezuqvp1xby5hykehfpas8a,2,4,0,1,1,1,0,2,5,0,1,1,0,0,4,0,9,2,1,1,0,1.6,2.0,2.0,1.0,1.2,1.2,0.0,2.0,0.2,0.5333333333333333,17,0.39999999999999997,1.6,2.0,2.0,1.0,1.4,1.2,0.2,3.2,0.2,0.5333333333333333,17,0.13333333333333333,1
174,48mjoxsmaid0a2l9s8d4xivsa,2020,2020-10-31 19:00:00,2020,10,sábado,19,SC Corinthians Paulista,SC Internacional,Neo Química Arena,Paulo Roberto Alves Júnior,No data,,31 de outubro de 2020 19:00,1,0,home_win,0,https://optaplayerstats.statsperform.com/pt_BR/soccer/brasileir%C3%A3o-s%C3%A9rie-a-2020/1ruuku31y4hamxz48qnbvwfoq/match/view/48mjoxsmaid0a2l9s8d4xivsa,1,4,0,0,0,0,0,0,3,1,0,1,0,0,1,1,7,1,1,0,0,1.4,2.0,1.0,2.0,1.2,1.8,-0.6,2.4,0.4,0.4666666666666667,18,0.3333333333333333,2.6,4.0,1.0,0.0,2.6,1.2,1.4,2.8,0.0,0.8666666666666667,18,0.4666666666666666,1
175,49cx47cqy5oej1cqltpo2v2wa,2020,2020-10-31 19:00:00,2020,10,sábado,19,Coritiba FBC,Atlético Goianiense,Couto Pereira,Daniel Nobre Bins,No data,,31 de outubro de 2020 19:00,1,0,home_win,0,https://optaplayerstats.statsperform.com/pt_BR/soccer/brasileir%C3%A3o-s%C3%A9rie-a-2020/1ruuku31y4hamxz48qnbvwfoq/match/view/49cx47cqy5oej1cqltpo2v2wa,1,2,0,0,0,0,0,0,5,0,0,0,0,0,1,1,7,0,0,0,0,0.8,1.0,1.0,3.0,1.2,1.4,-0.2,2.2,0.0,0.26666666666666666,18,0.3333333333333333,1.4,2.0,1.0,2.0,0.8,1.6,-0.8,2.0,0.4,0.4666666666666667,18,0.5333333333333333,1
176,49kvdd3l1yezbojjyy246vre2,2020,2020-10-31 21:00:00,2020,10,sábado,21,Fortaleza EC,Fluminense FC,Castelão,Marielson Alves Silva,No data,,31 de outubro de 2020 21:00,0,1,away_win,2,https://optaplayerstats.statsperform.com/pt_BR/soccer/brasileir%C3%A3o-s%C3%A9rie-a-2020/1ruuku31y4hamxz48qnbvwfoq/match/view/49kvdd3l1yezbojjyy246vre2,0,2,1,0,1,0,0,1,1,0,0,0,0,0,1,-1,3,1,1,0,0,1.8,2.0,3.0,0.0,1.0,0.4,0.6,2.2,0.2,0.6,16,0.8666666666666667,2.2,3.0,2.0,0.0,2.2,1.2,1.0,2.6,0.0,0.7333333333333333,18,0.3333333333333333,1
177,47naoutn9howx60juk0ifsy22,2020,2020-11-01 16:00:00,2020,11,domingo,16,CR Flamengo,São Paulo FC,Estádio Jornalista Mário Filho (Maracanã),Caio Max Augusto Vieira,No data,,1 de novembro de 2020 16:00,1,4,away_win,2,https://optaplayerstats.statsperform.com/pt_BR/soccer/brasileir%C3%A3o-s%C3%A9rie-a-2020/1ruuku31y4hamxz48qnbvwfoq/match/view/47naoutn9howx60juk0ifsy22,1,4,0,0,0,0,0,4,3,0,0,0,1,0,5,-3,7,0,0,1,0,2.2,3.0,2.0,0.0,2.4,1.2,1.2,3.6,0.0,0.7333333333333333,18,0.8666666666666667,1.8,2.0,3.0,0.0,1.4,0.4,1.0,2.2,0.0,0.6,15,0.39999999999999997,1
178,493v4b3hlpodc0by1bb3n3uy2,2020,2020-11-01 16:00:00,2020,11,domingo,16,SC do Recife,Club Athletico Paranaense,Ilha do Retiro,Jefferson Ferreira de Moraes,No data,,1 de novembro de 2020 16:00,1,0,home_win,0,https://optaplayerstats.statsperform.com/pt_BR/soccer/brasileir%C3%A3o-s%C3%A9rie-a-2020/1ruuku31y4hamxz48qnbvwfoq/match/view/493v4b3hlpodc0by1bb3n3uy2,1,2,1,0,1,0,0,0,1,0,0,0,0,0,1,1,3,1,1,0,0,0.2,0.0,1.0,4.0,0.8,2.4,-1.6,2.2,0.0,0.06666666666666667,18,0.6,0.4,0.0,2.0,3.0,0.6,1.2,-0.6,2.8,0.0,0.13333333333333333,17,0.06666666666666667,1
179,48cxkcfsatkkicauhikmq0j1m,2020,2020-11-01 18:15:00,2020,11,domingo,18,Santos FC Sao Paulo,EC Bahia,Vila Belmiro,Heber Roberto Lopes,No data,,1 de novembro de 2020 18:15,3,1,home_win,0,https://optaplayerstats.statsperform.com/pt_BR/soccer/brasileir%C3%A3o-s%C3%A9rie-a-2020/1ruuku31y4hamxz48qnbvwfoq/match/view/48cxkcfsatkkicauhikmq0j1m,3,4,0,0,0,0,0,1,2,0,0,0,0,0,4,2,6,0,0,0,0,1.4,2.0,1.0,2.0,1.2,1.4,-0.2,2.6,0.0,0.4666666666666667,18,0.5333333333333333,1.4,2.0,1.0,2.0,1.6,1.0,0.6,3.4,0.4,0.4666666666666667,17,0.26666666666666666,1
180,49teehmrmnerz60kf13mkvjvu,2020,2020-11-01 20:30:00,2020,11,domingo,20,Goiás EC,CR Vasco da Gama,Estádio Hailé Pinheiro (Serrinha),Igor Junior Benevenuto,No data,,1 de novembro de 2020 20:30,1,1,draw,1,https://optaplayerstats.statsperform.com/pt_BR/soccer/brasileir%C3%A3o-s%C3%A9rie-a-2020/1ruuku31y4hamxz48qnbvwfoq/match/view/49teehmrmnerz60kf13mkvjvu,1,5,0,0,0,0,0,1,7,0,0,0,0,0,2,0,12,0,0,0,0,0.4,0.0,2.0,3.0,0.4,1.6,-1.2,2.8,0.0,0.13333333333333333,16,0.3333333333333333,0.0,0.0,0.0,5.0,0.6,2.6,-2.0,2.0,0.4,0.0,16,0.19999999999999998,1
181,485230wegcr06nljhbnvb52ei,2020,2020-11-02 17:00:00,2020,11,segunda-feira,17,SE Palmeiras,Clube Atlético Mineiro,Allianz Parque,Braulio da Silva Machado,No data,,2 de novembro de 2020 17:00,3,0,home_win,0,https://optaplayerstats.statsperform.com/pt_BR/soccer/brasileir%C3%A3o-s%C3%A9rie-a-2020/1ruuku31y4hamxz48qnbvwfoq/match/view/485230wegcr06nljhbnvb52ei,3,2,0,0,0,0,0,0,1,0,0,0,0,0,3,3,3,0,0,0,0,0.6,1.0,0.0,4.0,1.0,1.8,-0.8,3.2,0.2,0.2,17,0.3333333333333333,1.0,1.0,2.0,2.0,1.2,1.2,0.0,1.6,0.0,0.3333333333333333,17,0.39999999999999997,1
182,48ushgo8virssngtv53ts2qga,2020,2020-11-02 20:00:00,2020,11,segunda-feira,20,Grêmio FB Porto Alegrense,Red Bull Bragantino,Arena do Grêmio,Sávio Pereira Sampaio,No data,,2 de novembro de 2020 20:00,2,1,home_win,0,https://optaplayerstats.statsperform.com/pt_BR/soccer/brasileir%C3%A3o-s%C3%A9rie-a-2020/1ruuku31y4hamxz48qnbvwfoq/match/view/48ushgo8virssngtv53ts2qga,2,1,0,0,0,0,0,1,1,0,0,0,0,0,3,1,2,0,0,0,0,2.0,3.0,1.0,1.0,1.6,1.0,0.6,2.2,0.4,0.6666666666666666,17,0.6,1.4,2.0,1.0,2.0,1.2,1.0,0.2,1.4,0.2,0.4666666666666667,18,0.19999999999999998,1
183,4c4zcbcaq95ukdfq6bkzq6qne,2020,2020-11-07 18:00:00,2020,11,sábado,18,Club Athletico Paranaense,Fortaleza EC,Arena da Baixada,Ramon Abatti,No data,,7 de novembro de 2020 18:00,2,1,home_win,0,https://optaplayerstats.statsperform.com/pt_BR/soccer/brasileir%C3%A3o-s%C3%A9rie-a-2020/1ruuku31y4hamxz48qnbvwfoq/match/view/4c4zcbcaq95ukdfq6bkzq6qne,2,3,0,0,0,0,0,1,2,0,0,0,0,0,3,1,5,0,0,0,0,0.2,0.0,1.0,4.0,0.6,1.4,-0.8,2.4,0.0,0.06666666666666667,18,0.4666666666666666,1.6,2.0,2.0,1.0,0.8,0.4,0.4,2.4,0.4,0.5333333333333333,17,0.19999999999999998,1
184,4ceixvcelziv6xibtaibzkwve,2020,2020-11-07 19:00:00,2020,11,sábado,19,São Paulo FC,Goiás EC,Morumbi,Gilberto Rodrigues Castro Junior,No data,,7 de novembro de 2020 19:00,2,1,home_win,0,https://optaplayerstats.statsperform.com/pt_BR/soccer/brasileir%C3%A3o-s%C3%A9rie-a-2020/1ruuku31y4hamxz48qnbvwfoq/match/view/4ceixvcelziv6xibtaibzkwve,2,2,0,0,0,0,0,1,1,0,1,1,0,0,3,1,3,1,1,0,0,2.2,3.0,2.0,0.0,2.0,0.4,1.6,2.8,0.0,0.7333333333333333,16,0.7333333333333334,0.6,0.0,3.0,2.0,0.6,1.2,-0.6,3.6,0.0,0.2,17,0.13333333333333333,1
185,4azlrku8thfje81efo9zappbe,2020,2020-11-07 21:00:00,2020,11,sábado,21,Atlético Goianiense,SC Corinthians Paulista,Estádio Olímpico Pedro Ludovico Teixeira,Jean Pierre Goncalves Lima,No data,,7 de novembro de 2020 21:00,1,1,draw,1,https://optaplayerstats.statsperform.com/pt_BR/soccer/brasileir%C3%A3o-s%C3%A9rie-a-2020/1ruuku31y4hamxz48qnbvwfoq/match/view/4azlrku8thfje81efo9zappbe,1,3,0,0,0,0,0,1,4,0,0,0,1,0,2,0,7,0,0,1,0,1.4,2.0,1.0,2.0,0.8,1.2,-0.4,2.6,0.4,0.4666666666666667,19,0.3333333333333333,1.8,3.0,0.0,2.0,1.2,1.6,-0.4,2.8,0.4,0.6,19,0.4666666666666666,1
186,4ak29uyz2uqjdpbut32suqjca,2020,2020-11-08 16:00:00,2020,11,domingo,16,CR Vasco da Gama,SE Palmeiras,São Januário,Anderson Daronco,No data,,8 de novembro de 2020 16:00,0,1,away_win,2,https://optaplayerstats.statsperform.com/pt_BR/soccer/brasileir%C3%A3o-s%C3%A9rie-a-2020/1ruuku31y4hamxz48qnbvwfoq/match/view/4ak29uyz2uqjdpbut32suqjca,0,1,0,0,0,0,0,1,3,0,0,0,0,0,1,-1,4,0,0,0,0,0.2,0.0,1.0,4.0,0.6,2.0,-1.4,2.8,0.2,0.06666666666666667,17,0.26666666666666666,1.2,2.0,0.0,3.0,1.4,1.4,0.0,2.8,0.2,0.4,18,0.4666666666666666,1
187,4bvo7wnrznf8vi25liqqw2c8a,2020,2020-11-08 16:00:00,2020,11,domingo,16,SC Internacional,Coritiba FBC,Beira-Rio,Dyorgines José Padovani Andrade,No data,,8 de novembro de 2020 16:00,2,2,draw,1,https://optaplayerstats.statsperform.com/pt_BR/soccer/brasileir%C3%A3o-s%C3%A9rie-a-2020/1ruuku31y4hamxz48qnbvwfoq/match/view/4bvo7wnrznf8vi25liqqw2c8a,2,2,1,0,1,0,0,2,3,0,0,0,0,0,4,0,5,1,1,0,0,2.0,3.0,1.0,1.0,2.2,1.4,0.8,2.8,0.2,0.6666666666666666,19,0.7333333333333334,1.4,2.0,1.0,2.0,1.2,1.0,0.2,2.2,0.0,0.4666666666666667,19,0.19999999999999998,1
188,4a3xu492kzhwqg7ag0pyp0pka,2020,2020-11-08 18:15:00,2020,11,domingo,18,Clube Atlético Mineiro,CR Flamengo,Mineirão,Sávio Pereira Sampaio,No data,,8 de novembro de 2020 18:15,4,0,home_win,0,https://optaplayerstats.statsperform.com/pt_BR/soccer/brasileir%C3%A3o-s%C3%A9rie-a-2020/1ruuku31y4hamxz48qnbvwfoq/match/view/4a3xu492kzhwqg7ag0pyp0pka,4,5,0,0,0,0,1,0,4,0,0,0,0,0,4,4,9,0,0,0,1,1.0,1.0,2.0,2.0,1.0,1.4,-0.4,1.2,0.0,0.3333333333333333,18,0.7333333333333334,1.6,2.0,2.0,1.0,2.2,1.8,0.4,3.4,0.0,0.5333333333333333,19,0.5333333333333333,1
189,4aburo7q8gr9u445xaqriruqy,2020,2020-11-08 18:15:00,2020,11,domingo,18,EC Bahia,Botafogo FR,Arena Fonte Nova,Jefferson Ferreira de Moraes,No data,,8 de novembro de 2020 18:15,1,0,home_win,0,https://optaplayerstats.statsperform.com/pt_BR/soccer/brasileir%C3%A3o-s%C3%A9rie-a-2020/1ruuku31y4hamxz48qnbvwfoq/match/view/4aburo7q8gr9u445xaqriruqy,1,2,0,0,0,1,0,0,3,0,0,0,0,0,1,1,5,0,0,1,0,1.4,2.0,1.0,2.0,1.6,1.2,0.4,3.4,0.4,0.4666666666666667,18,0.39999999999999997,1.6,2.0,2.0,1.0,1.4,1.4,0.0,2.8,0.4,0.5333333333333333,18,0.39999999999999997,1
190,4ass6c1qf3odcyzrn212zvwq2,2020,2020-11-08 18:15:00,2020,11,domingo,18,Red Bull Bragantino,Santos FC Sao Paulo,Nabizão,Vinicius Furlan,No data,,8 de novembro de 2020 18:15,1,1,draw,1,https://optaplayerstats.statsperform.com/pt_BR/soccer/brasileir%C3%A3o-s%C3%A9rie-a-2020/1ruuku31y4hamxz48qnbvwfoq/match/view/4ass6c1qf3odcyzrn212zvwq2,1,1,0,0,0,0,0,1,4,0,0,0,0,1,2,0,5,0,0,0,1,1.4,2.0,1.0,2.0,1.4,1.0,0.4,1.0,0.0,0.4666666666666667,19,0.6666666666666666,1.8,3.0,0.0,2.0,1.6,1.4,0.2,3.0,0.0,0.6,19,0.5333333333333333,1
191,4b8hdl5121zpi0fw4mcms29uy,2020,2020-11-08 20:30:00,2020,11,domingo,20,Fluminense FC,Grêmio FB Porto Alegrense,Estádio Jornalista Mário Filho (Maracanã),Edina Alves Batista,No data,,8 de novembro de 2020 20:30,0,1,away_win,2,https://optaplayerstats.statsperform.com/pt_BR/soccer/brasileir%C3%A3o-s%C3%A9rie-a-2020/1ruuku31y4hamxz48qnbvwfoq/match/view/4b8hdl5121zpi0fw4mcms29uy,0,0,0,0,0,0,0,1,1,0,0,0,0,0,1,-1,1,0,0,0,0,2.2,3.0,2.0,0.0,1.6,0.8,0.8,2.4,0.0,0.7333333333333333,19,0.8666666666666667,2.0,3.0,1.0,1.0,1.6,1.0,0.6,2.0,0.4,0.6666666666666666,18,0.4666666666666666,1
192,4bjf8wu75tip9ts2m038go5m2,2020,2020-11-08 20:30:00,2020,11,domingo,20,Ceará SC,SC do Recife,Castelão,Ricardo Marques Ribeiro,No data,,8 de novembro de 2020 20:30,0,0,draw,1,https://optaplayerstats.statsperform.com/pt_BR/soccer/brasileir%C3%A3o-s%C3%A9rie-a-2020/1ruuku31y4hamxz48qnbvwfoq/match/view/4bjf8wu75tip9ts2m038go5m2,0,0,0,0,0,0,0,0,3,0,0,0,0,0,0,0,3,0,0,0,0,1.8,2.0,3.0,0.0,1.6,1.2,0.4,3.4,0.4,0.6,18,0.6666666666666666,0.8,1.0,1.0,3.0,1.0,1.8,-0.8,2.0,0.2,0.26666666666666666,19,0.3333333333333333,1
193,46i4drxtkllq28yvrtlnz7e5m,2020,2020-11-11 18:45:00,2020,11,quarta-feira,18,EC Bahia,Fortaleza EC,Arena Fonte Nova,Wagner do Nascimento Magalhaes,No data,,11 de novembro de 2020 18:45,2,1,home_win,0,https://optaplayerstats.statsperform.com/pt_BR/soccer/brasileir%C3%A3o-s%C3%A9rie-a-2020/1ruuku31y4hamxz48qnbvwfoq/match/view/46i4drxtkllq28yvrtlnz7e5m,2,3,0,0,0,1,0,1,3,0,0,0,0,0,3,1,6,0,0,1,0,1.4,2.0,1.0,2.0,1.2,1.2,0.0,3.0,0.4,0.4666666666666667,19,0.6,1.4,2.0,1.0,2.0,1.0,0.8,0.2,1.8,0.4,0.4666666666666667,18,0.19999999999999998,1
194,4cv6s42jqm6xjg06h8thfvii2,2020,2020-11-14 16:30:00,2020,11,sábado,16,SC do Recife,CR Vasco da Gama,Ilha do Retiro,Heber Roberto Lopes,No data,,14 de novembro de 2020 16:30,0,2,away_win,2,https://optaplayerstats.statsperform.com/pt_BR/soccer/brasileir%C3%A3o-s%C3%A9rie-a-2020/1ruuku31y4hamxz48qnbvwfoq/match/view/4cv6s42jqm6xjg06h8thfvii2,0,0,0,0,0,0,0,2,2,0,0,0,0,0,2,-2,2,0,0,0,0,1.0,1.0,2.0,2.0,0.8,1.4,-0.6,2.0,0.2,0.3333333333333333,20,0.6,0.2,0.0,1.0,4.0,0.6,1.6,-1.0,2.4,0.0,0.06666666666666667,18,0.06666666666666667,1
195,4ds2a5pr78ho3urvhywq6djl6,2020,2020-11-14 16:30:00,2020,11,sábado,16,Santos FC Sao Paulo,SC Internacional,Vila Belmiro,Sávio Pereira Sampaio,No data,,14 de novembro de 2020 16:30,2,0,home_win,0,https://optaplayerstats.statsperform.com/pt_BR/soccer/brasileir%C3%A3o-s%C3%A9rie-a-2020/1ruuku31y4hamxz48qnbvwfoq/match/view/4ds2a5pr78ho3urvhywq6djl6,2,1,0,0,0,0,0,0,2,0,0,0,0,0,2,2,3,0,0,0,0,1.4,2.0,1.0,2.0,1.4,1.4,0.0,3.4,0.0,0.4666666666666667,20,0.5333333333333333,1.6,2.0,2.0,1.0,2.2,1.6,0.6,2.8,0.4,0.5333333333333333,20,0.4666666666666666,1
196,4ea9idvcwsvfo000ub8lrtca2,2020,2020-11-14 17:00:00,2020,11,sábado,17,Goiás EC,Club Athletico Paranaense,Estádio Hailé Pinheiro (Serrinha),Flavio Rodrigues De Souza,No data,,14 de novembro de 2020 17:00,0,1,away_win,2,https://optaplayerstats.statsperform.com/pt_BR/soccer/brasileir%C3%A3o-s%C3%A9rie-a-2020/1ruuku31y4hamxz48qnbvwfoq/match/view/4ea9idvcwsvfo000ub8lrtca2,0,5,0,0,0,0,0,1,1,0,0,0,0,0,1,-1,6,0,0,0,0,0.6,0.0,3.0,2.0,0.6,1.2,-0.6,3.0,0.2,0.2,18,0.3333333333333333,0.8,1.0,1.0,3.0,0.8,1.2,-0.4,3.0,0.0,0.26666666666666666,19,0.06666666666666667,1
197,4d4odxg8g1kfngwq7om94tdnu,2020,2020-11-14 19:00:00,2020,11,sábado,19,Fortaleza EC,São Paulo FC,Castelão,Marcelo de Lima Henrique,No data,,14 de novembro de 2020 19:00,2,3,away_win,2,https://optaplayerstats.statsperform.com/pt_BR/soccer/brasileir%C3%A3o-s%C3%A9rie-a-2020/1ruuku31y4hamxz48qnbvwfoq/match/view/4d4odxg8g1kfngwq7om94tdnu,2,2,0,0,0,0,0,3,4,0,0,0,0,0,5,-1,6,0,0,0,0,0.8,1.0,1.0,3.0,0.8,1.0,-0.2,1.8,0.2,0.26666666666666666,19,0.6666666666666666,2.6,4.0,1.0,0.0,2.2,0.4,1.8,2.6,0.0,0.8666666666666667,17,0.6,1
198,4djzedxz1a6jwenpp8huuhg8a,2020,2020-11-14 19:00:00,2020,11,sábado,19,SC Corinthians Paulista,Clube Atlético Mineiro,Neo Química Arena,Rodrigo D'Alonso Ferreira,No data,,14 de novembro de 2020 19:00,1,2,away_win,2,https://optaplayerstats.statsperform.com/pt_BR/soccer/brasileir%C3%A3o-s%C3%A9rie-a-2020/1ruuku31y4hamxz48qnbvwfoq/match/view/4djzedxz1a6jwenpp8huuhg8a,1,3,0,0,0,0,0,2,5,0,0,0,0,0,3,-1,8,0,0,0,0,2.0,3.0,1.0,1.0,1.2,1.4,-0.2,3.4,0.2,0.6666666666666666,20,0.5333333333333333,1.0,1.0,2.0,2.0,1.2,1.4,-0.2,2.2,0.0,0.3333333333333333,19,0.19999999999999998,1
199,4elrkaqfofjy28y1rb3ybkz8q,2020,2020-11-14 19:00:00,2020,11,sábado,19,Grêmio FB Porto Alegrense,Ceará SC,Arena do Grêmio,José Mendonça da Silva Jr.,No data,,14 de novembro de 2020 19:00,4,2,home_win,0,https://optaplayerstats.statsperform.com/pt_BR/soccer/brasileir%C3%A3o-s%C3%A9rie-a-2020/1ruuku31y4hamxz48qnbvwfoq/match/view/4elrkaqfofjy28y1rb3ybkz8q,4,1,0,0,0,0,0,2,2,0,0,0,0,0,6,2,3,0,0,0,0,2.6,4.0,1.0,0.0,1.6,0.6,1.0,1.6,0.2,0.8666666666666667,19,0.7333333333333334,1.8,2.0,3.0,0.0,1.6,1.2,0.4,3.0,0.4,0.6,19,0.19999999999999998,1
200,4cmy4lwz9qji96pvop5p5jgbu,2020,2020-11-14 21:30:00,2020,11,sábado,21,SE Palmeiras,Fluminense FC,Allianz Parque,Leandro Pedro Vuaden,No data,,14 de novembro de 2020 21:30,2,0,home_win,0,https://optaplayerstats.statsperform.com/pt_BR/soccer/brasileir%C3%A3o-s%C3%A9rie-a-2020/1ruuku31y4hamxz48qnbvwfoq/match/view/4cmy4lwz9qji96pvop5p5jgbu,2,2,0,0,0,1,0,0,2,0,0,0,0,0,2,2,4,0,0,1,0,1.8,3.0,0.0,2.0,1.6,1.0,0.6,3.0,0.2,0.6,19,0.4666666666666666,1.6,2.0,2.0,1.0,1.4,1.0,0.4,2.0,0.0,0.5333333333333333,20,0.5333333333333333,1
201,4ettycyi2c14ausr8n7n4fn1m,2020,2020-11-14 21:30:00,2020,11,sábado,21,CR Flamengo,Atlético Goianiense,Estádio Jornalista Mário Filho (Maracanã),Rafael Traci,No data,,14 de novembro de 2020 21:30,1,1,draw,1,https://optaplayerstats.statsperform.com/pt_BR/soccer/brasileir%C3%A3o-s%C3%A9rie-a-2020/1ruuku31y4hamxz48qnbvwfoq/match/view/4ettycyi2c14ausr8n7n4fn1m,1,2,0,0,0,0,0,1,1,0,0,0,0,0,2,0,3,0,0,0,0,1.0,1.0,2.0,2.0,1.8,2.4,-0.6,4.0,0.0,0.3333333333333333,20,0.6666666666666666,1.0,1.0,2.0,2.0,0.6,1.2,-0.6,3.0,0.4,0.3333333333333333,20,0.3333333333333333,1
202,4e0t5h6v0clmu2k58q6aab8mi,2020,2020-11-16 18:00:00,2020,11,segunda-feira,18,Coritiba FBC,EC Bahia,Couto Pereira,Igor Junior Benevenuto,No data,,16 de novembro de 2020 18:00,1,2,away_win,2,https://optaplayerstats.statsperform.com/pt_BR/soccer/brasileir%C3%A3o-s%C3%A9rie-a-2020/1ruuku31y4hamxz48qnbvwfoq/match/view/4e0t5h6v0clmu2k58q6aab8mi,1,3,0,0,0,0,0,2,4,0,0,0,0,0,3,-1,7,0,0,0,0,1.4,2.0,1.0,2.0,1.6,1.4,0.2,2.6,0.0,0.4666666666666667,20,0.5333333333333333,2.0,3.0,1.0,1.0,1.6,1.2,0.4,3.0,0.4,0.6666666666666666,20,0.26666666666666666,1
203,4dclhkjl0o4r45no5nfcslw8a,2020,2020-11-16 20:00:00,2020,11,segunda-feira,20,Botafogo FR,Red Bull Bragantino,Estádio Nilton Santos,Rodolpho Toski Marques,No data,,16 de novembro de 2020 20:00,1,2,away_win,2,https://optaplayerstats.statsperform.com/pt_BR/soccer/brasileir%C3%A3o-s%C3%A9rie-a-2020/1ruuku31y4hamxz48qnbvwfoq/match/view/4dclhkjl0o4r45no5nfcslw8a,1,0,0,0,0,0,0,2,3,0,0,0,1,0,3,-1,3,0,0,1,0,1.0,1.0,2.0,2.0,1.0,1.4,-0.4,2.6,0.4,0.3333333333333333,19,0.39999999999999997,1.6,2.0,2.0,1.0,1.4,0.8,0.6,1.0,0.0,0.5333333333333333,20,0.13333333333333333,1
204,3jueualyowtkdlxqzvyf40sx6,2020,2020-11-18 19:00:00,2020,11,quarta-feira,19,Clube Atlético Mineiro,Club Athletico Paranaense,Mineirão,Dyorgines José Padovani Andrade,No data,,18 de novembro de 2020 19:00,0,2,away_win,2,https://optaplayerstats.statsperform.com/pt_BR/soccer/brasileir%C3%A3o-s%C3%A9rie-a-2020/1ruuku31y4hamxz48qnbvwfoq/match/view/3jueualyowtkdlxqzvyf40sx6,0,1,0,0,0,0,0,2,2,0,0,0,0,0,2,-2,3,0,0,0,0,1.4,2.0,1.0,2.0,1.4,1.4,0.0,2.6,0.0,0.4666666666666667,20,0.7333333333333334,1.4,2.0,1.0,2.0,1.0,1.0,0.0,2.6,0.0,0.4666666666666667,20,0.26666666666666666,1
205,40ubflkt4dllvk15tdumz3aei,2020,2020-11-19 19:00:00,2020,11,quinta-feira,19,CR Vasco da Gama,Fortaleza EC,São Januário,Jean Pierre Goncalves Lima,No data,,19 de novembro de 2020 19:00,0,0,draw,1,https://optaplayerstats.statsperform.com/pt_BR/soccer/brasileir%C3%A3o-s%C3%A9rie-a-2020/1ruuku31y4hamxz48qnbvwfoq/match/view/40ubflkt4dllvk15tdumz3aei,0,2,0,0,0,0,0,0,0,0,0,0,0,0,0,0,2,0,0,0,0,0.8,1.0,1.0,3.0,0.8,1.2,-0.4,2.4,0.0,0.26666666666666666,19,0.06666666666666667,0.6,1.0,0.0,4.0,1.2,1.6,-0.4,2.2,0.2,0.2,20,0.19999999999999998,1
206,4giav5uc24m19jzlreqhkb7fu,2020,2020-11-20 20:00:00,2020,11,sexta-feira,20,Red Bull Bragantino,EC Bahia,Nabizão,Anderson Daronco,No data,,20 de novembro de 2020 20:00,4,0,home_win,0,https://optaplayerstats.statsperform.com/pt_BR/soccer/brasileir%C3%A3o-s%C3%A9rie-a-2020/1ruuku31y4hamxz48qnbvwfoq/match/view/4giav5uc24m19jzlreqhkb7fu,4,2,0,0,0,0,0,0,4,0,0,0,0,0,4,4,6,0,0,0,0,2.0,3.0,1.0,1.0,1.6,0.8,0.8,1.4,0.0,0.6666666666666666,21,0.5333333333333333,2.4,4.0,0.0,1.0,1.8,1.2,0.6,3.0,0.0,0.8,21,0.4666666666666666,1
207,4fs9yxox9fbkk64zry70ncvoq,2020,2020-11-21 19:00:00,2020,11,sábado,19,Club Athletico Paranaense,Santos FC Sao Paulo,Arena da Baixada,Marcelo de Lima Henrique,No data,,21 de novembro de 2020 19:00,1,0,home_win,0,https://optaplayerstats.statsperform.com/pt_BR/soccer/brasileir%C3%A3o-s%C3%A9rie-a-2020/1ruuku31y4hamxz48qnbvwfoq/match/view/4fs9yxox9fbkk64zry70ncvoq,1,0,0,0,0,0,0,0,2,0,0,0,0,0,1,1,2,0,0,0,0,1.8,3.0,0.0,2.0,1.2,0.8,0.4,2.0,0.0,0.6,21,0.4666666666666666,2.0,3.0,1.0,1.0,1.8,1.2,0.6,3.0,0.0,0.6666666666666666,21,0.5333333333333333,1
208,4gr73qftfyvo2z48iqdobdzze,2020,2020-11-21 19:00:00,2020,11,sábado,19,CR Flamengo,Coritiba FBC,Estádio Jornalista Mário Filho (Maracanã),Ricardo Marques Ribeiro,No data,,21 de novembro de 2020 19:00,3,1,home_win,0,https://optaplayerstats.statsperform.com/pt_BR/soccer/brasileir%C3%A3o-s%C3%A9rie-a-2020/1ruuku31y4hamxz48qnbvwfoq/match/view/4gr73qftfyvo2z48iqdobdzze,3,1,0,0,0,0,0,1,3,0,0,0,0,0,4,2,4,0,0,0,0,1.0,1.0,2.0,2.0,1.8,2.4,-0.6,4.0,0.0,0.3333333333333333,21,0.5333333333333333,0.8,1.0,1.0,3.0,1.2,1.6,-0.4,2.8,0.0,0.26666666666666666,21,0.26666666666666666,1
209,4fizu7ht97s1kj22you55prvu,2020,2020-11-21 21:00:00,2020,11,sábado,21,Goiás EC,SE Palmeiras,Estádio Hailé Pinheiro (Serrinha),Bruno Arleu de Araújo,No data,,21 de novembro de 2020 21:00,1,0,home_win,0,https://optaplayerstats.statsperform.com/pt_BR/soccer/brasileir%C3%A3o-s%C3%A9rie-a-2020/1ruuku31y4hamxz48qnbvwfoq/match/view/4fizu7ht97s1kj22you55prvu,1,2,0,0,0,0,0,0,2,1,0,1,0,0,1,1,4,1,1,0,0,0.4,0.0,2.0,3.0,0.4,1.2,-0.8,3.0,0.2,0.13333333333333333,19,0.13333333333333333,2.4,4.0,0.0,1.0,1.8,0.4,1.4,2.8,0.2,0.8,20,0.4666666666666666,1
210,4f9ycogw5ijmru9kp9ym920yy,2020,2020-11-22 16:00:00,2020,11,domingo,16,São Paulo FC,CR Vasco da Gama,Morumbi,Braulio da Silva Machado,No data,,22 de novembro de 2020 16:00,1,1,draw,1,https://optaplayerstats.statsperform.com/pt_BR/soccer/brasileir%C3%A3o-s%C3%A9rie-a-2020/1ruuku31y4hamxz48qnbvwfoq/match/view/4f9ycogw5ijmru9kp9ym920yy,1,2,0,0,0,0,0,1,4,0,0,0,0,0,2,0,6,0,0,0,0,2.6,4.0,1.0,0.0,2.2,0.8,1.4,2.8,0.0,0.8666666666666667,18,0.7333333333333334,1.0,1.0,2.0,2.0,0.8,0.8,0.0,2.6,0.0,0.3333333333333333,20,0.26666666666666666,1
211,4g1ieei5aq0rs97l97edd0mei,2020,2020-11-22 16:00:00,2020,11,domingo,16,Ceará SC,Clube Atlético Mineiro,Castelão,Raphael Claus,No data,,22 de novembro de 2020 16:00,2,2,draw,1,https://optaplayerstats.statsperform.com/pt_BR/soccer/brasileir%C3%A3o-s%C3%A9rie-a-2020/1ruuku31y4hamxz48qnbvwfoq/match/view/4g1ieei5aq0rs97l97edd0mei,2,4,0,0,0,0,0,2,1,1,0,1,1,0,4,0,5,1,1,1,0,1.2,1.0,3.0,1.0,1.6,1.8,-0.2,2.6,0.2,0.4,20,0.7333333333333334,1.4,2.0,1.0,2.0,1.2,1.2,0.0,2.6,0.0,0.4666666666666667,21,0.39999999999999997,1
212,4f2ctbl4vdvqv6ev46mf1oiui,2020,2020-11-22 18:15:00,2020,11,domingo,18,SC Internacional,Fluminense FC,Beira-Rio,Luiz Flávio de Oliveira,No data,,22 de novembro de 2020 18:15,1,2,away_win,2,https://optaplayerstats.statsperform.com/pt_BR/soccer/brasileir%C3%A3o-s%C3%A9rie-a-2020/1ruuku31y4hamxz48qnbvwfoq/match/view/4f2ctbl4vdvqv6ev46mf1oiui,1,2,0,0,0,0,0,2,4,0,0,0,0,0,3,-1,6,0,0,0,0,1.0,1.0,2.0,2.0,1.2,1.4,-0.2,2.8,0.4,0.3333333333333333,21,0.6,1.4,2.0,1.0,2.0,1.2,1.2,0.0,2.2,0.0,0.4666666666666667,21,0.5333333333333333,1
213,4h221q4z1dhkrf5qe0eee9q3u,2020,2020-11-22 18:15:00,2020,11,domingo,18,Botafogo FR,Fortaleza EC,Estádio Nilton Santos,Heber Roberto Lopes,No data,,22 de novembro de 2020 18:15,1,2,away_win,2,https://optaplayerstats.statsperform.com/pt_BR/soccer/brasileir%C3%A3o-s%C3%A9rie-a-2020/1ruuku31y4hamxz48qnbvwfoq/match/view/4h221q4z1dhkrf5qe0eee9q3u,1,1,0,0,0,0,0,2,1,0,0,0,0,0,3,-1,2,0,0,0,0,0.4,0.0,2.0,3.0,0.8,1.6,-0.8,2.2,0.2,0.13333333333333333,20,0.39999999999999997,0.2,0.0,1.0,4.0,0.8,1.6,-0.8,1.8,0.2,0.06666666666666667,21,0.19999999999999998,1
214,4g9rvbeb91vcdb7kbpqni3pm2,2020,2020-11-22 20:30:00,2020,11,domingo,20,SC Corinthians Paulista,Grêmio FB Porto Alegrense,Neo Química Arena,Caio Max Augusto Vieira,No data,,22 de novembro de 2020 20:30,0,0,draw,1,https://optaplayerstats.statsperform.com/pt_BR/soccer/brasileir%C3%A3o-s%C3%A9rie-a-2020/1ruuku31y4hamxz48qnbvwfoq/match/view/4g9rvbeb91vcdb7kbpqni3pm2,0,2,1,1,2,0,0,0,1,0,0,0,0,0,0,0,3,2,1,0,0,1.4,2.0,1.0,2.0,1.2,1.8,-0.6,3.4,0.0,0.4666666666666667,21,0.3333333333333333,2.6,4.0,1.0,0.0,1.8,0.8,1.0,1.2,0.0,0.8666666666666667,20,0.4666666666666666,1
215,4h9vcck3d3dh5ifx77u5cmr1m,2020,2020-11-23 20:00:00,2020,11,segunda-feira,20,SC do Recife,Atlético Goianiense,Ilha do Retiro,Edina Alves Batista,No data,,23 de novembro de 2020 20:00,0,1,away_win,2,https://optaplayerstats.statsperform.com/pt_BR/soccer/brasileir%C3%A3o-s%C3%A9rie-a-2020/1ruuku31y4hamxz48qnbvwfoq/match/view/4h9vcck3d3dh5ifx77u5cmr1m,0,1,0,0,0,0,0,1,3,0,0,0,0,0,1,-1,4,0,0,0,0,1.0,1.0,2.0,2.0,0.2,0.8,-0.6,1.4,0.2,0.3333333333333333,21,0.39999999999999997,0.6,0.0,3.0,2.0,0.6,1.4,-0.8,2.6,0.4,0.2,21,0.3333333333333333,1
216,42e1xrzq3xs0p6rp3m74nzywa,2020,2020-11-25 19:15:00,2020,11,quarta-feira,19,Ceará SC,São Paulo FC,Castelão,Wagner do Nascimento Magalhaes,No data,,25 de novembro de 2020 19:15,1,1,draw,1,https://optaplayerstats.statsperform.com/pt_BR/soccer/brasileir%C3%A3o-s%C3%A9rie-a-2020/1ruuku31y4hamxz48qnbvwfoq/match/view/42e1xrzq3xs0p6rp3m74nzywa,1,5,0,0,0,0,0,1,3,0,0,0,0,0,2,0,8,0,0,0,0,1.2,1.0,3.0,1.0,1.6,1.8,-0.2,2.8,0.2,0.4,21,0.6,2.2,3.0,2.0,0.0,2.0,1.0,1.0,3.0,0.0,0.7333333333333333,19,0.7333333333333334,1
217,4hqatxhe27wp8b7li7aesykx6,2020,2020-11-25 21:30:00,2020,11,quarta-feira,21,Clube Atlético Mineiro,Botafogo FR,Mineirão,Sávio Pereira Sampaio,No data,,25 de novembro de 2020 21:30,2,1,home_win,0,https://optaplayerstats.statsperform.com/pt_BR/soccer/brasileir%C3%A3o-s%C3%A9rie-a-2020/1ruuku31y4hamxz48qnbvwfoq/match/view/4hqatxhe27wp8b7li7aesykx6,2,2,0,0,0,0,0,1,4,0,0,0,0,0,3,1,6,0,0,0,0,1.4,2.0,1.0,2.0,1.6,1.6,0.0,2.6,0.2,0.4666666666666667,22,0.5333333333333333,0.4,0.0,2.0,3.0,0.8,1.4,-0.6,2.0,0.2,0.13333333333333333,21,0.3333333333333333,1
218,4imk9wyswq8r6k6mw2xx74vai,2020,2020-11-25 21:30:00,2020,11,quarta-feira,21,Coritiba FBC,SC Corinthians Paulista,Couto Pereira,Leandro Pedro Vuaden,No data,,25 de novembro de 2020 21:30,0,1,away_win,2,https://optaplayerstats.statsperform.com/pt_BR/soccer/brasileir%C3%A3o-s%C3%A9rie-a-2020/1ruuku31y4hamxz48qnbvwfoq/match/view/4imk9wyswq8r6k6mw2xx74vai,0,2,0,0,0,0,0,1,2,0,0,0,1,0,1,-1,4,0,0,1,0,0.8,1.0,1.0,3.0,1.2,1.8,-0.6,2.4,0.0,0.26666666666666666,22,0.3333333333333333,1.6,2.0,2.0,1.0,1.0,0.8,0.2,3.0,0.4,0.5333333333333333,22,0.5333333333333333,1
219,4jyj1y5ohsqkudnzw5ixbmo2y,2020,2020-11-26 20:00:00,2020,11,quinta-feira,20,Fortaleza EC,Goiás EC,Castelão,Felipe Fernandes de Lima,No data,,26 de novembro de 2020 20:00,1,1,draw,1,https://optaplayerstats.statsperform.com/pt_BR/soccer/brasileir%C3%A3o-s%C3%A9rie-a-2020/1ruuku31y4hamxz48qnbvwfoq/match/view/4jyj1y5ohsqkudnzw5ixbmo2y,1,2,0,0,0,0,0,1,0,0,0,0,0,0,2,0,2,0,0,0,0,0.8,1.0,1.0,3.0,1.2,1.6,-0.4,1.6,0.0,0.26666666666666666,22,0.4666666666666666,0.8,1.0,1.0,3.0,0.6,1.2,-0.6,3.2,0.2,0.26666666666666666,20,0.06666666666666667,1
220,4j3d7xf8w68dshmj8dkyf9mqy,2020,2020-11-28 17:00:00,2020,11,sábado,17,Santos FC Sao Paulo,SC do Recife,Vila Belmiro,Wilton Pereira Sampaio,No data,,28 de novembro de 2020 17:00,4,2,home_win,0,https://optaplayerstats.statsperform.com/pt_BR/soccer/brasileir%C3%A3o-s%C3%A9rie-a-2020/1ruuku31y4hamxz48qnbvwfoq/match/view/4j3d7xf8w68dshmj8dkyf9mqy,4,3,0,0,0,2,0,2,3,0,0,0,0,0,6,2,6,0,0,1,0,1.4,2.0,1.0,2.0,1.4,1.2,0.2,3.0,0.0,0.4666666666666667,22,0.6666666666666666,1.0,1.0,2.0,2.0,0.2,0.6,-0.4,1.2,0.2,0.3333333333333333,22,0.3333333333333333,1
221,4jeyk96ylipc5y72hmoyz6pnu,2020,2020-11-28 17:00:00,2020,11,sábado,17,SE Palmeiras,Club Athletico Paranaense,Allianz Parque,Anderson Daronco,No data,,28 de novembro de 2020 17:00,3,0,home_win,0,https://optaplayerstats.statsperform.com/pt_BR/soccer/brasileir%C3%A3o-s%C3%A9rie-a-2020/1ruuku31y4hamxz48qnbvwfoq/match/view/4jeyk96ylipc5y72hmoyz6pnu,3,2,0,0,0,0,0,0,1,0,0,0,0,0,3,3,3,0,0,0,0,2.4,4.0,0.0,1.0,1.8,0.2,1.6,2.6,0.2,0.8,21,0.6,2.4,4.0,0.0,1.0,1.2,0.4,0.8,1.4,0.0,0.8,22,0.4666666666666666,1
222,4i1mf8nyhqypkk3pb51mhbwiy,2020,2020-11-28 19:00:00,2020,11,sábado,19,EC Bahia,São Paulo FC,Arena Fonte Nova,Leandro Pedro Vuaden,No data,,28 de novembro de 2020 19:00,1,3,away_win,2,https://optaplayerstats.statsperform.com/pt_BR/soccer/brasileir%C3%A3o-s%C3%A9rie-a-2020/1ruuku31y4hamxz48qnbvwfoq/match/view/4i1mf8nyhqypkk3pb51mhbwiy,1,0,0,0,0,0,0,3,2,0,0,0,0,0,4,-2,2,0,0,0,0,1.8,3.0,0.0,2.0,1.2,1.8,-0.6,3.0,0.0,0.6,22,0.7999999999999999,2.2,3.0,2.0,0.0,2.2,1.2,1.0,2.8,0.0,0.7333333333333333,20,0.7333333333333334,1
223,4iv1lop734qvsh05essgc9v8q,2020,2020-11-28 21:00:00,2020,11,sábado,21,Atlético Goianiense,SC Internacional,Estádio Antônio Accioly,Ramon Abatti,No data,,28 de novembro de 2020 21:00,0,0,draw,1,https://optaplayerstats.statsperform.com/pt_BR/soccer/brasileir%C3%A3o-s%C3%A9rie-a-2020/1ruuku31y4hamxz48qnbvwfoq/match/view/4iv1lop734qvsh05essgc9v8q,0,1,0,0,0,0,0,0,3,0,1,1,0,0,0,0,4,1,1,0,0,1.0,1.0,2.0,2.0,0.6,1.2,-0.6,2.6,0.0,0.3333333333333333,22,0.39999999999999997,0.4,0.0,2.0,3.0,1.0,1.8,-0.8,3.0,0.4,0.13333333333333333,22,0.4666666666666666,1
224,3jzs1lp28xyr9czdypoosf816,2020,2020-11-30 18:00:00,2020,11,segunda-feira,18,Grêmio FB Porto Alegrense,Goiás EC,Arena do Grêmio,Sávio Pereira Sampaio,No data,,30 de novembro de 2020 18:00,2,1,home_win,0,https://optaplayerstats.statsperform.com/pt_BR/soccer/brasileir%C3%A3o-s%C3%A9rie-a-2020/1ruuku31y4hamxz48qnbvwfoq/match/view/3jzs1lp28xyr9czdypoosf816,2,2,0,0,0,0,0,1,2,0,0,0,0,0,3,1,4,0,0,0,0,2.6,4.0,1.0,0.0,1.8,0.8,1.0,1.0,0.0,0.8666666666666667,21,0.8666666666666667,1.0,1.0,2.0,2.0,0.8,1.0,-0.2,2.6,0.2,0.3333333333333333,21,0.13333333333333333,1
225,4jqezzmfa243u828cw85zcfvu,2020,2020-11-30 18:00:00,2020,11,segunda-feira,18,CR Vasco da Gama,Ceará SC,São Januário,Luiz Flávio de Oliveira,No data,,30 de novembro de 2020 18:00,1,4,away_win,2,https://optaplayerstats.statsperform.com/pt_BR/soccer/brasileir%C3%A3o-s%C3%A9rie-a-2020/1ruuku31y4hamxz48qnbvwfoq/match/view/4jqezzmfa243u828cw85zcfvu,1,3,0,0,0,1,0,4,2,0,0,0,1,0,5,-3,5,0,0,1,0,1.2,1.0,3.0,1.0,0.8,0.6,0.2,3.2,0.0,0.4,21,0.13333333333333333,0.8,0.0,4.0,1.0,1.4,1.8,-0.4,3.2,0.2,0.26666666666666666,22,0.19999999999999998,1
226,4ie3qzwypf958laletntnm92i,2020,2020-11-30 20:00:00,2020,11,segunda-feira,20,Fluminense FC,Red Bull Bragantino,Estádio Jornalista Mário Filho (Maracanã),Dyorgines José Padovani Andrade,No data,,30 de novembro de 2020 20:00,0,0,draw,1,https://optaplayerstats.statsperform.com/pt_BR/soccer/brasileir%C3%A3o-s%C3%A9rie-a-2020/1ruuku31y4hamxz48qnbvwfoq/match/view/4ie3qzwypf958laletntnm92i,0,2,0,0,0,0,0,0,3,0,0,0,0,0,0,0,5,0,0,0,0,1.8,3.0,0.0,2.0,1.2,1.0,0.2,2.4,0.0,0.6,22,0.6666666666666666,2.0,3.0,1.0,1.0,2.0,0.8,1.2,1.4,0.0,0.6666666666666666,22,0.3333333333333333,1
227,4l5gdd4j6duvhb09i25a54i96,2020,2020-12-02 21:30:00,2020,12,quarta-feira,21,Fortaleza EC,SC Corinthians Paulista,Castelão,Braulio da Silva Machado,No data,,2 de dezembro de 2020 21:30,0,0,draw,1,https://optaplayerstats.statsperform.com/pt_BR/soccer/brasileir%C3%A3o-s%C3%A9rie-a-2020/1ruuku31y4hamxz48qnbvwfoq/match/view/4l5gdd4j6duvhb09i25a54i96,0,2,1,0,1,0,0,0,2,1,0,1,0,0,0,0,4,2,1,0,0,1.0,1.0,2.0,2.0,1.2,1.4,-0.2,1.6,0.0,0.3333333333333333,23,0.4666666666666666,1.6,2.0,2.0,1.0,0.8,0.6,0.2,3.0,0.4,0.5333333333333333,23,0.6666666666666666,1
228,3c1hswt5i6xbty6zrnx9j733e,2020,2020-12-03 19:00:00,2020,12,quinta-feira,19,Goiás EC,São Paulo FC,Estádio Hailé Pinheiro (Serrinha),Caio Max Augusto Vieira,No data,,3 de dezembro de 2020 19:00,0,3,away_win,2,https://optaplayerstats.statsperform.com/pt_BR/soccer/brasileir%C3%A3o-s%C3%A9rie-a-2020/1ruuku31y4hamxz48qnbvwfoq/match/view/3c1hswt5i6xbty6zrnx9j733e,0,3,0,0,0,0,0,3,0,0,0,0,0,0,3,-3,3,0,0,0,0,0.8,1.0,1.0,3.0,0.8,1.2,-0.4,2.0,0.2,0.26666666666666666,22,0.3333333333333333,2.2,3.0,2.0,0.0,2.0,1.2,0.8,2.6,0.0,0.7333333333333333,21,0.8666666666666667,1
229,4k7lqio6hp4exxqr8cnggjey2,2020,2020-12-05 17:00:00,2020,12,sábado,17,Botafogo FR,CR Flamengo,Estádio Nilton Santos,Anderson Daronco,No data,,5 de dezembro de 2020 17:00,0,1,away_win,2,https://optaplayerstats.statsperform.com/pt_BR/soccer/brasileir%C3%A3o-s%C3%A9rie-a-2020/1ruuku31y4hamxz48qnbvwfoq/match/view/4k7lqio6hp4exxqr8cnggjey2,0,1,1,0,1,0,0,1,1,1,0,1,0,0,1,-1,2,2,1,0,0,0.2,0.0,1.0,4.0,1.0,1.8,-0.8,2.4,0.2,0.06666666666666667,22,0.3333333333333333,1.0,1.0,2.0,2.0,1.4,2.4,-1.0,3.2,0.0,0.3333333333333333,22,0.5333333333333333,1
230,4kpit54ypy1u5zqm83l3u584q,2020,2020-12-05 17:00:00,2020,12,sábado,17,Santos FC Sao Paulo,SE Palmeiras,Vila Belmiro,Flavio Rodrigues De Souza,No data,,5 de dezembro de 2020 17:00,2,2,draw,1,https://optaplayerstats.statsperform.com/pt_BR/soccer/brasileir%C3%A3o-s%C3%A9rie-a-2020/1ruuku31y4hamxz48qnbvwfoq/match/view/4kpit54ypy1u5zqm83l3u584q,2,3,0,0,0,0,0,2,3,1,0,1,1,0,4,0,6,1,1,1,0,2.0,3.0,1.0,1.0,2.0,1.0,1.0,2.8,0.0,0.6666666666666666,23,0.7999999999999999,2.4,4.0,0.0,1.0,1.8,0.2,1.6,2.2,0.2,0.8,22,0.39999999999999997,1
231,4ltf2oi5y50akv9gi5fa8z1ii,2020,2020-12-05 19:00:00,2020,12,sábado,19,Fluminense FC,Club Athletico Paranaense,Estádio Jornalista Mário Filho (Maracanã),Ramon Abatti,No data,,5 de dezembro de 2020 19:00,3,1,home_win,0,https://optaplayerstats.statsperform.com/pt_BR/soccer/brasileir%C3%A3o-s%C3%A9rie-a-2020/1ruuku31y4hamxz48qnbvwfoq/match/view/4ltf2oi5y50akv9gi5fa8z1ii,3,4,0,0,0,0,0,1,3,0,1,1,0,0,4,2,7,1,1,0,0,1.4,2.0,1.0,2.0,0.6,0.8,-0.2,1.8,0.0,0.4666666666666667,23,0.5333333333333333,2.4,4.0,0.0,1.0,1.2,0.8,0.4,1.4,0.0,0.8,23,0.4666666666666666,1
232,4m3zjelpilewp0v51a2igmyy2,2020,2020-12-05 19:00:00,2020,12,sábado,19,EC Bahia,Ceará SC,Arena Fonte Nova,Jean Pierre Goncalves Lima,No data,,5 de dezembro de 2020 19:00,0,2,away_win,2,https://optaplayerstats.statsperform.com/pt_BR/soccer/brasileir%C3%A3o-s%C3%A9rie-a-2020/1ruuku31y4hamxz48qnbvwfoq/match/view/4m3zjelpilewp0v51a2igmyy2,0,2,0,0,0,0,0,2,2,0,0,0,0,0,2,-2,4,0,0,0,0,1.8,3.0,0.0,2.0,1.2,1.8,-0.6,2.6,0.0,0.6,23,0.7999999999999999,1.2,1.0,3.0,1.0,1.8,1.6,0.2,2.6,0.0,0.4,23,0.39999999999999997,1
233,4kxbwd2574rfc292l7stycsq2,2020,2020-12-05 21:00:00,2020,12,sábado,21,Coritiba FBC,Red Bull Bragantino,Couto Pereira,Jefferson Ferreira de Moraes,No data,,5 de dezembro de 2020 21:00,0,0,draw,1,https://optaplayerstats.statsperform.com/pt_BR/soccer/brasileir%C3%A3o-s%C3%A9rie-a-2020/1ruuku31y4hamxz48qnbvwfoq/match/view/4kxbwd2574rfc292l7stycsq2,0,4,0,0,0,0,0,0,3,0,0,0,0,0,0,0,7,0,0,0,0,0.8,1.0,1.0,3.0,1.0,1.6,-0.6,2.6,0.0,0.26666666666666666,23,0.26666666666666666,1.6,2.0,2.0,1.0,1.6,0.8,0.8,2.0,0.0,0.5333333333333333,23,0.3333333333333333,1
234,4kg5ofkarq1dt3vccffvwdwmi,2020,2020-12-06 16:00:00,2020,12,domingo,16,Grêmio FB Porto Alegrense,CR Vasco da Gama,Arena do Grêmio,Raphael Claus,No data,,6 de dezembro de 2020 16:00,4,0,home_win,0,https://optaplayerstats.statsperform.com/pt_BR/soccer/brasileir%C3%A3o-s%C3%A9rie-a-2020/1ruuku31y4hamxz48qnbvwfoq/match/view/4kg5ofkarq1dt3vccffvwdwmi,4,2,0,0,0,1,0,0,1,0,0,0,0,0,4,4,3,0,0,1,0,2.6,4.0,1.0,0.0,1.8,0.8,1.0,1.2,0.0,0.8666666666666667,22,1.0,1.0,1.0,2.0,2.0,0.8,1.2,-0.4,2.4,0.0,0.3333333333333333,22,0.3333333333333333,1
235,4lllzddrkj92nen9pi8fxy06i,2020,2020-12-06 16:00:00,2020,12,domingo,16,São Paulo FC,SC do Recife,Morumbi,Felipe Fernandes de Lima,No data,,6 de dezembro de 2020 16:00,1,0,home_win,0,https://optaplayerstats.statsperform.com/pt_BR/soccer/brasileir%C3%A3o-s%C3%A9rie-a-2020/1ruuku31y4hamxz48qnbvwfoq/match/view/4lllzddrkj92nen9pi8fxy06i,1,4,0,0,0,0,0,0,4,0,0,0,0,0,1,1,8,0,0,0,0,2.2,3.0,2.0,0.0,2.2,1.0,1.2,2.2,0.0,0.7333333333333333,22,0.6,0.8,1.0,1.0,3.0,0.6,1.4,-0.8,1.8,0.2,0.26666666666666666,23,0.13333333333333333,1
236,4ldo06y8fe05558haree5t9ii,2020,2020-12-06 18:15:00,2020,12,domingo,18,Clube Atlético Mineiro,SC Internacional,Mineirão,Bruno Arleu de Araújo,No data,,6 de dezembro de 2020 18:15,2,2,draw,1,https://optaplayerstats.statsperform.com/pt_BR/soccer/brasileir%C3%A3o-s%C3%A9rie-a-2020/1ruuku31y4hamxz48qnbvwfoq/match/view/4ldo06y8fe05558haree5t9ii,2,2,0,0,0,0,1,2,6,0,0,0,0,0,4,0,8,0,0,0,1,2.0,3.0,1.0,1.0,2.0,1.2,0.8,2.8,0.2,0.6666666666666666,23,0.5333333333333333,0.4,0.0,2.0,3.0,0.6,1.4,-0.8,2.4,0.6,0.13333333333333333,23,0.4666666666666666,1
237,4mf03qio48m3mig8ee5rcb4a2,2020,2020-12-07 20:00:00,2020,12,segunda-feira,20,Atlético Goianiense,Goiás EC,Estádio Antônio Accioly,Marcelo de Lima Henrique,No data,,7 de dezembro de 2020 20:00,0,1,away_win,2,https://optaplayerstats.statsperform.com/pt_BR/soccer/brasileir%C3%A3o-s%C3%A9rie-a-2020/1ruuku31y4hamxz48qnbvwfoq/match/view/4mf03qio48m3mig8ee5rcb4a2,0,3,0,0,0,0,0,1,3,0,0,0,0,0,1,-1,6,0,0,0,0,1.2,1.0,3.0,1.0,0.6,0.6,0.0,2.6,0.0,0.4,23,0.39999999999999997,0.8,1.0,1.0,3.0,0.6,1.4,-0.8,2.4,0.0,0.26666666666666666,23,0.13333333333333333,1
238,45jwgxo7lgamvpqphrjhu2mwa,2020,2020-12-09 21:30:00,2020,12,quarta-feira,21,São Paulo FC,Botafogo FR,Morumbi,Ricardo Marques Ribeiro,No data,,9 de dezembro de 2020 21:30,4,0,home_win,0,https://optaplayerstats.statsperform.com/pt_BR/soccer/brasileir%C3%A3o-s%C3%A9rie-a-2020/1ruuku31y4hamxz48qnbvwfoq/match/view/45jwgxo7lgamvpqphrjhu2mwa,4,0,0,0,0,1,0,0,2,1,0,1,0,0,4,4,2,1,1,1,0,2.2,3.0,2.0,0.0,1.8,0.6,1.2,2.2,0.0,0.7333333333333333,23,0.7333333333333334,0.0,0.0,0.0,5.0,0.6,1.6,-1.0,1.8,0.2,0.0,23,0.26666666666666666,1
239,4nnlt0go72kyt4ivvcemkxqwa,2020,2020-12-12 17:00:00,2020,12,sábado,17,Club Athletico Paranaense,Clube Atlético Mineiro,Arena da Baixada,Vinicius Gonçalves Dias Araujo,No data,,12 de dezembro de 2020 17:00,0,1,away_win,2,https://optaplayerstats.statsperform.com/pt_BR/soccer/brasileir%C3%A3o-s%C3%A9rie-a-2020/1ruuku31y4hamxz48qnbvwfoq/match/view/4nnlt0go72kyt4ivvcemkxqwa,0,2,0,0,0,0,0,1,2,0,0,0,0,0,1,-1,4,0,0,0,0,1.8,3.0,0.0,2.0,1.0,1.2,-0.2,1.4,0.2,0.6,24,0.4666666666666666,1.6,2.0,2.0,1.0,1.6,1.6,0.0,2.2,0.2,0.5333333333333333,24,0.26666666666666666,1
240,4oi821z7hcjznepd2fbgx2zqi,2020,2020-12-12 17:00:00,2020,12,sábado,17,Red Bull Bragantino,Fortaleza EC,Nabizão,Heber Roberto Lopes,No data,,12 de dezembro de 2020 17:00,2,1,home_win,0,https://optaplayerstats.statsperform.com/pt_BR/soccer/brasileir%C3%A3o-s%C3%A9rie-a-2020/1ruuku31y4hamxz48qnbvwfoq/match/view/4oi821z7hcjznepd2fbgx2zqi,2,3,0,0,0,0,0,1,2,0,0,0,1,0,3,1,5,0,0,1,0,1.8,2.0,3.0,0.0,1.4,0.4,1.0,2.4,0.0,0.6,24,0.6666666666666666,1.2,1.0,3.0,1.0,1.0,1.0,0.0,1.4,0.2,0.4,24,0.3333333333333333,1
241,4mw65vc7flkx54gw4ex48ww2y,2020,2020-12-12 19:00:00,2020,12,sábado,19,SC Internacional,Botafogo FR,Beira-Rio,Caio Max Augusto Vieira,No data,,12 de dezembro de 2020 19:00,2,1,home_win,0,https://optaplayerstats.statsperform.com/pt_BR/soccer/brasileir%C3%A3o-s%C3%A9rie-a-2020/1ruuku31y4hamxz48qnbvwfoq/match/view/4mw65vc7flkx54gw4ex48ww2y,2,4,0,0,0,0,0,1,5,0,0,0,0,0,3,1,9,0,0,0,0,0.6,0.0,3.0,2.0,1.0,1.6,-0.6,3.0,0.4,0.2,24,0.5333333333333333,0.0,0.0,0.0,5.0,0.6,2.2,-1.6,1.6,0.4,0.0,24,0.19999999999999998,1
242,4o2vda0wo0z8wgug0nmku3vxm,2020,2020-12-12 19:00:00,2020,12,sábado,19,SE Palmeiras,EC Bahia,Allianz Parque,Rafael Traci,No data,,12 de dezembro de 2020 19:00,3,0,home_win,0,https://optaplayerstats.statsperform.com/pt_BR/soccer/brasileir%C3%A3o-s%C3%A9rie-a-2020/1ruuku31y4hamxz48qnbvwfoq/match/view/4o2vda0wo0z8wgug0nmku3vxm,3,2,0,0,0,1,0,0,3,0,0,0,0,0,3,3,5,0,0,1,0,2.0,3.0,1.0,1.0,1.6,0.6,1.0,2.4,0.4,0.6666666666666666,23,0.6,1.2,2.0,0.0,3.0,1.0,2.2,-1.2,2.6,0.0,0.4,24,0.26666666666666666,1
243,4nw7kjzsmernratnrx9ymzbe2,2020,2020-12-12 21:00:00,2020,12,sábado,21,Goiás EC,Grêmio FB Porto Alegrense,Estádio Hailé Pinheiro (Serrinha),Edina Alves Batista,No data,,12 de dezembro de 2020 21:00,0,0,draw,1,https://optaplayerstats.statsperform.com/pt_BR/soccer/brasileir%C3%A3o-s%C3%A9rie-a-2020/1ruuku31y4hamxz48qnbvwfoq/match/view/4nw7kjzsmernratnrx9ymzbe2,0,4,0,0,0,0,0,0,1,0,0,0,0,0,0,0,5,0,0,0,0,1.4,2.0,1.0,2.0,0.8,1.2,-0.4,2.0,0.0,0.4666666666666667,24,0.3333333333333333,2.6,4.0,1.0,0.0,2.2,0.6,1.6,1.4,0.0,0.8666666666666667,23,0.5333333333333333,1
244,4ook15bbmnwcb5uxc9na7qsmi,2020,2020-12-12 21:00:00,2020,12,sábado,21,Ceará SC,Atlético Goianiense,Castelão,Leandro Pedro Vuaden,No data,,12 de dezembro de 2020 21:00,1,2,away_win,2,https://optaplayerstats.statsperform.com/pt_BR/soccer/brasileir%C3%A3o-s%C3%A9rie-a-2020/1ruuku31y4hamxz48qnbvwfoq/match/view/4ook15bbmnwcb5uxc9na7qsmi,1,0,0,0,0,0,0,2,3,0,0,0,1,0,3,-1,3,0,0,1,0,1.6,2.0,2.0,1.0,2.2,1.6,0.6,3.0,0.0,0.5333333333333333,24,0.6,1.2,1.0,3.0,1.0,0.6,0.6,0.0,2.2,0.0,0.4,24,0.4666666666666666,1
245,4nepvlur44eqrb82hfa20nre2,2020,2020-12-13 16:00:00,2020,12,domingo,16,CR Flamengo,Santos FC Sao Paulo,Estádio Jornalista Mário Filho (Maracanã),Paulo Roberto Alves Júnior,No data,,13 de dezembro de 2020 16:00,4,1,home_win,0,https://optaplayerstats.statsperform.com/pt_BR/soccer/brasileir%C3%A3o-s%C3%A9rie-a-2020/1ruuku31y4hamxz48qnbvwfoq/match/view/4nepvlur44eqrb82hfa20nre2,4,2,0,0,0,2,0,1,1,0,0,0,0,0,5,3,3,0,0,1,0,1.4,2.0,1.0,2.0,1.2,2.0,-0.8,2.4,0.2,0.4666666666666667,23,0.5333333333333333,1.6,2.0,2.0,1.0,1.8,1.2,0.6,2.6,0.0,0.5333333333333333,24,0.3333333333333333,1
246,4n3p52r5l2g4mwjdkr60zwx2i,2020,2020-12-13 18:15:00,2020,12,domingo,18,SC Corinthians Paulista,São Paulo FC,Neo Química Arena,Raphael Claus,No data,,13 de dezembro de 2020 18:15,1,0,home_win,0,https://optaplayerstats.statsperform.com/pt_BR/soccer/brasileir%C3%A3o-s%C3%A9rie-a-2020/1ruuku31y4hamxz48qnbvwfoq/match/view/4n3p52r5l2g4mwjdkr60zwx2i,1,0,0,0,0,0,0,0,1,0,0,0,0,0,1,1,1,0,0,0,0,1.2,1.0,3.0,1.0,0.6,0.6,0.0,2.6,0.6,0.4,24,0.3333333333333333,2.6,4.0,1.0,0.0,2.4,0.4,2.0,1.8,0.0,0.8666666666666667,24,0.8666666666666667,1
247,4o9s70lbcp57a2h4my1mneoh6,2020,2020-12-13 18:15:00,2020,12,domingo,18,SC do Recife,Coritiba FBC,Ilha do Retiro,Marcelo de Lima Henrique,No data,,13 de dezembro de 2020 18:15,1,0,home_win,0,https://optaplayerstats.statsperform.com/pt_BR/soccer/brasileir%C3%A3o-s%C3%A9rie-a-2020/1ruuku31y4hamxz48qnbvwfoq/match/view/4o9s70lbcp57a2h4my1mneoh6,1,0,0,0,0,0,0,0,1,0,0,0,0,0,1,1,1,0,0,0,0,0.2,0.0,1.0,4.0,0.4,1.6,-1.2,2.2,0.0,0.06666666666666667,24,0.19999999999999998,0.4,0.0,2.0,3.0,0.8,1.6,-0.8,3.0,0.0,0.13333333333333333,24,0.26666666666666666,1
248,4mo2cda5thgxgfsrvwf3ghroq,2020,2020-12-13 20:30:00,2020,12,domingo,20,CR Vasco da Gama,Fluminense FC,São Januário,Rodolpho Toski Marques,No data,,13 de dezembro de 2020 20:30,1,1,draw,1,https://optaplayerstats.statsperform.com/pt_BR/soccer/brasileir%C3%A3o-s%C3%A9rie-a-2020/1ruuku31y4hamxz48qnbvwfoq/match/view/4mo2cda5thgxgfsrvwf3ghroq,1,6,0,0,0,0,0,1,2,0,0,0,0,0,2,0,8,0,0,0,0,1.0,1.0,2.0,2.0,0.8,1.8,-1.0,2.4,0.0,0.3333333333333333,23,0.06666666666666667,1.4,2.0,1.0,2.0,1.0,1.0,0.0,2.4,0.0,0.4666666666666667,24,0.6666666666666666,1
249,4oue6hnmanr6aqivaooqgabu2,2020,2020-12-16 21:30:00,2020,12,quarta-feira,21,Atlético Goianiense,Fluminense FC,Estádio Antônio Accioly,Rodrigo D'Alonso Ferreira,No data,,16 de dezembro de 2020 21:30,2,1,home_win,0,https://optaplayerstats.statsperform.com/pt_BR/soccer/brasileir%C3%A3o-s%C3%A9rie-a-2020/1ruuku31y4hamxz48qnbvwfoq/match/view/4oue6hnmanr6aqivaooqgabu2,2,3,0,0,0,1,0,1,4,0,0,0,0,0,3,1,7,0,0,1,0,1.6,2.0,2.0,1.0,0.8,0.6,0.2,2.2,0.0,0.5333333333333333,25,0.19999999999999998,1.6,2.0,2.0,1.0,1.2,1.0,0.2,2.8,0.0,0.5333333333333333,25,0.5333333333333333,1
250,4pl00ckp35shhj4vbi3cndo4q,2020,2020-12-16 21:30:00,2020,12,quarta-feira,21,São Paulo FC,Clube Atlético Mineiro,Morumbi,Wilton Pereira Sampaio,No data,,16 de dezembro de 2020 21:30,3,0,home_win,0,https://optaplayerstats.statsperform.com/pt_BR/soccer/brasileir%C3%A3o-s%C3%A9rie-a-2020/1ruuku31y4hamxz48qnbvwfoq/match/view/4pl00ckp35shhj4vbi3cndo4q,3,2,0,0,0,0,0,0,3,0,1,1,0,0,3,3,5,1,1,0,0,2.4,4.0,0.0,1.0,2.2,0.4,1.8,1.4,0.0,0.8,25,0.7333333333333334,1.6,2.0,2.0,1.0,1.4,1.4,0.0,1.6,0.2,0.5333333333333333,25,0.4666666666666666,1
251,4ptqn50ez45gori3ths2usoru,2020,2020-12-19 19:00:00,2020,12,sábado,19,SC do Recife,Grêmio FB Porto Alegrense,Ilha do Retiro,José Mendonça da Silva Jr.,No data,,19 de dezembro de 2020 19:00,1,1,draw,1,https://optaplayerstats.statsperform.com/pt_BR/soccer/brasileir%C3%A3o-s%C3%A9rie-a-2020/1ruuku31y4hamxz48qnbvwfoq/match/view/4ptqn50ez45gori3ths2usoru,1,2,0,0,0,0,0,1,2,0,1,1,1,0,2,0,4,1,1,1,0,0.6,1.0,0.0,4.0,0.6,1.6,-1.0,1.6,0.0,0.2,25,0.39999999999999997,2.2,3.0,2.0,0.0,2.0,0.6,1.4,1.4,0.0,0.7333333333333333,24,0.6,1
252,4p2kuxifmt5w1u8anwmu0e0kq,2020,2020-12-19 21:00:00,2020,12,sábado,21,Coritiba FBC,Botafogo FR,Couto Pereira,Luiz Flávio de Oliveira,No data,,19 de dezembro de 2020 21:00,1,2,away_win,2,https://optaplayerstats.statsperform.com/pt_BR/soccer/brasileir%C3%A3o-s%C3%A9rie-a-2020/1ruuku31y4hamxz48qnbvwfoq/match/view/4p2kuxifmt5w1u8anwmu0e0kq,1,3,0,0,0,0,0,2,1,0,0,0,1,0,3,-1,4,0,0,1,0,0.2,0.0,1.0,4.0,0.4,1.4,-1.0,2.6,0.0,0.06666666666666667,25,0.26666666666666666,0.0,0.0,0.0,5.0,0.6,2.2,-1.6,2.6,0.4,0.0,25,0.0,1
253,4p932nz2rc9swpvud7qp36162,2020,2020-12-19 21:00:00,2020,12,sábado,21,SC Internacional,SE Palmeiras,Beira-Rio,Sávio Pereira Sampaio,No data,,19 de dezembro de 2020 21:00,2,0,home_win,0,https://optaplayerstats.statsperform.com/pt_BR/soccer/brasileir%C3%A3o-s%C3%A9rie-a-2020/1ruuku31y4hamxz48qnbvwfoq/match/view/4p932nz2rc9swpvud7qp36162,2,4,0,0,0,0,0,0,2,0,0,0,0,0,2,2,6,0,0,0,0,1.0,1.0,2.0,2.0,1.0,1.4,-0.4,3.4,0.2,0.3333333333333333,25,0.5333333333333333,2.0,3.0,1.0,1.0,2.0,0.6,1.4,2.2,0.4,0.6666666666666666,24,0.4666666666666666,1
254,4pf8idzilodmw2ottzl32y6ay,2020,2020-12-20 16:00:00,2020,12,domingo,16,CR Vasco da Gama,Santos FC Sao Paulo,São Januário,Ricardo Marques Ribeiro,No data,,20 de dezembro de 2020 16:00,1,0,home_win,0,https://optaplayerstats.statsperform.com/pt_BR/soccer/brasileir%C3%A3o-s%C3%A9rie-a-2020/1ruuku31y4hamxz48qnbvwfoq/match/view/4pf8idzilodmw2ottzl32y6ay,1,2,0,0,0,0,0,0,0,0,0,0,0,0,1,1,2,0,0,0,0,0.6,0.0,3.0,2.0,0.6,2.0,-1.4,3.2,0.0,0.2,24,0.13333333333333333,1.4,2.0,1.0,2.0,1.8,1.8,0.0,2.0,0.0,0.4666666666666667,25,0.26666666666666666,1
255,4q6b6fgy5d5uvprbhk16apt9m,2020,2020-12-20 16:00:00,2020,12,domingo,16,Red Bull Bragantino,Club Athletico Paranaense,Nabizão,Braulio da Silva Machado,No data,,20 de dezembro de 2020 16:00,0,1,away_win,2,https://optaplayerstats.statsperform.com/pt_BR/soccer/brasileir%C3%A3o-s%C3%A9rie-a-2020/1ruuku31y4hamxz48qnbvwfoq/match/view/4q6b6fgy5d5uvprbhk16apt9m,0,3,0,0,0,0,0,1,5,0,0,0,0,0,1,-1,8,0,0,0,0,2.2,3.0,2.0,0.0,1.6,0.4,1.2,2.8,0.0,0.7333333333333333,25,0.8666666666666667,1.2,2.0,0.0,3.0,0.8,1.4,-0.6,1.6,0.2,0.4,25,0.39999999999999997,1
256,4pze129u2tv7do5suq0wiczu2,2020,2020-12-20 18:15:00,2020,12,domingo,18,CR Flamengo,EC Bahia,Estádio Jornalista Mário Filho (Maracanã),Flavio Rodrigues De Souza,No data,,20 de dezembro de 2020 18:15,4,3,home_win,0,https://optaplayerstats.statsperform.com/pt_BR/soccer/brasileir%C3%A3o-s%C3%A9rie-a-2020/1ruuku31y4hamxz48qnbvwfoq/match/view/4pze129u2tv7do5suq0wiczu2,4,1,1,0,1,0,0,3,3,1,0,1,0,0,7,1,4,2,1,0,0,2.0,3.0,1.0,1.0,1.8,1.4,0.4,2.0,0.2,0.6666666666666666,24,0.5333333333333333,0.6,1.0,0.0,4.0,0.6,2.6,-2.0,2.6,0.0,0.2,25,0.26666666666666666,1
257,4qfbt61j1noytpyjpf2q9wuay,2020,2020-12-20 20:30:00,2020,12,domingo,20,Fortaleza EC,Ceará SC,Castelão,Anderson Daronco,No data,,20 de dezembro de 2020 20:30,0,2,away_win,2,https://optaplayerstats.statsperform.com/pt_BR/soccer/brasileir%C3%A3o-s%C3%A9rie-a-2020/1ruuku31y4hamxz48qnbvwfoq/match/view/4qfbt61j1noytpyjpf2q9wuay,0,1,1,0,1,0,0,2,1,0,0,0,0,0,2,-2,2,1,1,0,0,1.2,1.0,3.0,1.0,0.8,0.8,0.0,1.4,0.2,0.4,25,0.3333333333333333,1.6,2.0,2.0,1.0,2.0,1.2,0.8,2.6,0.0,0.5333333333333333,25,0.5333333333333333,1
258,4ql834e9u27ymhvksup4nrd62,2020,2020-12-21 20:00:00,2020,12,segunda-feira,20,SC Corinthians Paulista,Goiás EC,Neo Química Arena,Bruno Arleu de Araújo,No data,,21 de dezembro de 2020 20:00,2,1,home_win,0,https://optaplayerstats.statsperform.com/pt_BR/soccer/brasileir%C3%A3o-s%C3%A9rie-a-2020/1ruuku31y4hamxz48qnbvwfoq/match/view/4ql834e9u27ymhvksup4nrd62,2,1,0,0,0,0,0,1,0,0,0,0,0,0,3,1,1,0,0,0,0,1.6,2.0,2.0,1.0,0.6,0.4,0.2,1.8,0.6,0.5333333333333333,25,0.4666666666666666,1.0,1.0,2.0,2.0,0.6,1.2,-0.6,2.4,0.0,0.3333333333333333,25,0.26666666666666666,1
259,4sd7t5obz8tvgh43hi0pqdmqy,2020,2020-12-26 17:00:00,2020,12,sábado,17,Clube Atlético Mineiro,Coritiba FBC,Mineirão,Dyorgines José Padovani Andrade,No data,,26 de dezembro de 2020 17:00,2,0,home_win,0,https://optaplayerstats.statsperform.com/pt_BR/soccer/brasileir%C3%A3o-s%C3%A9rie-a-2020/1ruuku31y4hamxz48qnbvwfoq/match/view/4sd7t5obz8tvgh43hi0pqdmqy,2,0,0,0,0,0,0,0,0,0,0,0,0,0,2,2,0,0,0,0,0,1.6,2.0,2.0,1.0,1.4,1.6,-0.2,2.0,0.4,0.5333333333333333,26,0.5333333333333333,0.2,0.0,1.0,4.0,0.4,1.4,-1.0,2.6,0.0,0.06666666666666667,26,0.26666666666666666,1
260,4qrdiwjiy0cvs431vz6xg35gq,2020,2020-12-26 19:00:00,2020,12,sábado,19,Fortaleza EC,CR Flamengo,Castelão,Rafael Traci,No data,,26 de dezembro de 2020 19:00,0,0,draw,1,https://optaplayerstats.statsperform.com/pt_BR/soccer/brasileir%C3%A3o-s%C3%A9rie-a-2020/1ruuku31y4hamxz48qnbvwfoq/match/view/4qrdiwjiy0cvs431vz6xg35gq,0,3,0,0,0,0,0,0,3,0,0,0,0,0,0,0,6,0,0,0,0,1.0,1.0,2.0,2.0,0.8,1.2,-0.4,1.6,0.4,0.3333333333333333,26,0.13333333333333333,2.6,4.0,1.0,0.0,2.6,1.2,1.4,1.4,0.4,0.8666666666666667,25,0.6666666666666666,1
261,4s441jwt4wxrtaykn2lr63rze,2020,2020-12-26 19:00:00,2020,12,sábado,19,Goiás EC,SC do Recife,Estádio Hailé Pinheiro (Serrinha),Braulio da Silva Machado,No data,,26 de dezembro de 2020 19:00,1,0,home_win,0,https://optaplayerstats.statsperform.com/pt_BR/soccer/brasileir%C3%A3o-s%C3%A9rie-a-2020/1ruuku31y4hamxz48qnbvwfoq/match/view/4s441jwt4wxrtaykn2lr63rze,1,4,0,0,0,0,0,0,1,0,0,0,0,0,1,1,5,0,0,0,0,0.8,1.0,1.0,3.0,0.6,1.4,-0.8,2.4,0.0,0.26666666666666666,26,0.3333333333333333,0.8,1.0,1.0,3.0,0.8,1.4,-0.6,2.0,0.0,0.26666666666666666,26,0.13333333333333333,1
262,4r5wwh2e806s3i99kt598jyp6,2020,2020-12-26 21:00:00,2020,12,sábado,21,Fluminense FC,São Paulo FC,Estádio Jornalista Mário Filho (Maracanã),Anderson Daronco,No data,,26 de dezembro de 2020 21:00,1,2,away_win,2,https://optaplayerstats.statsperform.com/pt_BR/soccer/brasileir%C3%A3o-s%C3%A9rie-a-2020/1ruuku31y4hamxz48qnbvwfoq/match/view/4r5wwh2e806s3i99kt598jyp6,1,3,0,0,0,0,0,2,1,0,0,0,0,0,3,-1,4,0,0,0,0,1.6,2.0,2.0,1.0,1.4,1.0,0.4,3.2,0.0,0.5333333333333333,26,0.5333333333333333,2.4,4.0,0.0,1.0,2.2,0.2,2.0,1.4,0.0,0.8,26,0.6666666666666666,1
263,4rpvw8vv042ts624lg8lfeb1m,2020,2020-12-27 16:00:00,2020,12,domingo,16,Botafogo FR,SC Corinthians Paulista,Estádio Nilton Santos,Heber Roberto Lopes,No data,,27 de dezembro de 2020 16:00,0,2,away_win,2,https://optaplayerstats.statsperform.com/pt_BR/soccer/brasileir%C3%A3o-s%C3%A9rie-a-2020/1ruuku31y4hamxz48qnbvwfoq/match/view/4rpvw8vv042ts624lg8lfeb1m,0,1,0,0,0,0,0,2,1,0,0,0,0,0,2,-2,2,0,0,0,0,0.6,1.0,0.0,4.0,0.8,2.0,-1.2,2.6,0.4,0.2,26,0.13333333333333333,2.2,3.0,2.0,0.0,0.8,0.2,0.6,1.4,0.6,0.7333333333333333,26,0.7333333333333334,1
264,4ry10nrdg343mksnr3gctp4yy,2020,2020-12-27 16:00:00,2020,12,domingo,16,EC Bahia,SC Internacional,Arena Fonte Nova,Paulo Roberto Alves Júnior,No data,,27 de dezembro de 2020 16:00,1,2,away_win,2,https://optaplayerstats.statsperform.com/pt_BR/soccer/brasileir%C3%A3o-s%C3%A9rie-a-2020/1ruuku31y4hamxz48qnbvwfoq/match/view/4ry10nrdg343mksnr3gctp4yy,1,3,0,0,0,0,0,2,1,0,0,0,1,0,3,-1,4,0,0,1,0,0.0,0.0,0.0,5.0,0.8,3.2,-2.4,2.4,0.2,0.0,26,0.6,1.6,2.0,2.0,1.0,1.4,1.0,0.4,3.8,0.2,0.5333333333333333,26,0.3333333333333333,1
265,4qz0ivpu9mnn3g9ihfvc7w0oa,2020,2020-12-27 18:15:00,2020,12,domingo,18,Club Athletico Paranaense,CR Vasco da Gama,Arena da Baixada,Jean Pierre Goncalves Lima,No data,,27 de dezembro de 2020 18:15,3,0,home_win,0,https://optaplayerstats.statsperform.com/pt_BR/soccer/brasileir%C3%A3o-s%C3%A9rie-a-2020/1ruuku31y4hamxz48qnbvwfoq/match/view/4qz0ivpu9mnn3g9ihfvc7w0oa,3,0,0,0,0,0,0,0,1,0,0,0,0,0,3,3,1,0,0,0,0,1.2,2.0,0.0,3.0,0.6,1.4,-0.8,2.2,0.2,0.4,26,0.39999999999999997,1.0,1.0,2.0,2.0,0.8,2.0,-1.2,3.2,0.0,0.3333333333333333,25,0.3333333333333333,1
266,4rijqo4wvga3klicit1jfq7ai,2020,2020-12-27 18:15:00,2020,12,domingo,18,SE Palmeiras,Red Bull Bragantino,Allianz Parque,Raphael Claus,No data,,27 de dezembro de 2020 18:15,1,0,home_win,0,https://optaplayerstats.statsperform.com/pt_BR/soccer/brasileir%C3%A3o-s%C3%A9rie-a-2020/1ruuku31y4hamxz48qnbvwfoq/match/view/4rijqo4wvga3klicit1jfq7ai,1,3,0,0,0,0,0,0,0,0,0,0,0,0,1,1,3,0,0,0,0,1.4,2.0,1.0,2.0,1.6,1.0,0.6,2.2,0.4,0.4666666666666667,25,0.7999999999999999,1.6,2.0,2.0,1.0,1.2,0.4,0.8,2.8,0.0,0.5333333333333333,26,0.39999999999999997,1
267,4sj7lirs80mi73g9kslwvzhii,2020,2020-12-27 18:15:00,2020,12,domingo,18,Santos FC Sao Paulo,Ceará SC,Vila Belmiro,Rodolpho Toski Marques,No data,,27 de dezembro de 2020 18:15,1,1,draw,1,https://optaplayerstats.statsperform.com/pt_BR/soccer/brasileir%C3%A3o-s%C3%A9rie-a-2020/1ruuku31y4hamxz48qnbvwfoq/match/view/4sj7lirs80mi73g9kslwvzhii,1,2,0,0,0,0,0,1,3,0,0,0,0,0,2,0,5,0,0,0,0,0.8,1.0,1.0,3.0,1.4,2.0,-0.6,1.8,0.0,0.26666666666666666,26,0.6666666666666666,2.0,3.0,1.0,1.0,2.0,0.8,1.2,2.0,0.0,0.6666666666666666,26,0.6666666666666666,1
268,4sofk0z5r6hcjuvp98spo80ve,2020,2020-12-27 20:30:00,2020,12,domingo,20,Grêmio FB Porto Alegrense,Atlético Goianiense,Arena do Grêmio,Felipe Fernandes de Lima,No data,,27 de dezembro de 2020 20:30,2,1,home_win,0,https://optaplayerstats.statsperform.com/pt_BR/soccer/brasileir%C3%A3o-s%C3%A9rie-a-2020/1ruuku31y4hamxz48qnbvwfoq/match/view/4sofk0z5r6hcjuvp98spo80ve,2,2,0,0,0,0,1,1,3,0,0,0,0,0,3,1,5,0,0,0,1,1.8,2.0,3.0,0.0,1.4,0.4,1.0,1.6,0.2,0.6,25,1.0,2.0,3.0,1.0,1.0,1.0,0.6,0.4,2.6,0.0,0.6666666666666666,26,0.6666666666666666,1
269,4u4hzotxwmi02i6zykjd7t0fe,2020,2021-01-06 19:15:00,2021,1,quarta-feira,19,Grêmio FB Porto Alegrense,EC Bahia,Arena do Grêmio,Ramon Abatti,No data,,6 de janeiro de 2021 19:15,2,1,home_win,0,https://optaplayerstats.statsperform.com/pt_BR/soccer/brasileir%C3%A3o-s%C3%A9rie-a-2020/1ruuku31y4hamxz48qnbvwfoq/match/view/4u4hzotxwmi02i6zykjd7t0fe,2,2,0,0,0,0,0,1,4,0,0,0,0,0,3,1,6,0,0,0,0,2.2,3.0,2.0,0.0,1.8,0.6,1.2,1.8,0.2,0.7333333333333333,26,1.0,0.0,0.0,0.0,5.0,1.0,2.8,-1.8,2.2,0.2,0.0,27,0.19999999999999998,1
270,4udii00lcwkmistv3l04k8okq,2020,2021-01-06 19:15:00,2021,1,quarta-feira,19,Botafogo FR,Club Athletico Paranaense,Estádio Nilton Santos,Rodrigo D'Alonso Ferreira,No data,,6 de janeiro de 2021 19:15,0,2,away_win,2,https://optaplayerstats.statsperform.com/pt_BR/soccer/brasileir%C3%A3o-s%C3%A9rie-a-2020/1ruuku31y4hamxz48qnbvwfoq/match/view/4udii00lcwkmistv3l04k8okq,0,3,0,0,0,0,0,2,2,0,0,0,0,0,2,-2,5,0,0,0,0,0.6,1.0,0.0,4.0,0.6,2.0,-1.4,2.0,0.4,0.2,27,0.06666666666666667,1.2,2.0,0.0,3.0,1.0,1.4,-0.4,2.2,0.2,0.4,27,0.6,1
271,4ukcujsu9igb6kssmoufkg60a,2020,2021-01-06 20:30:00,2021,1,quarta-feira,20,SC do Recife,Fortaleza EC,Ilha do Retiro,Flavio Rodrigues De Souza,No data,,6 de janeiro de 2021 20:30,1,0,home_win,0,https://optaplayerstats.statsperform.com/pt_BR/soccer/brasileir%C3%A3o-s%C3%A9rie-a-2020/1ruuku31y4hamxz48qnbvwfoq/match/view/4ukcujsu9igb6kssmoufkg60a,1,3,0,0,0,0,0,0,1,0,0,0,0,0,1,1,4,0,0,0,0,0.8,1.0,1.0,3.0,0.8,1.4,-0.6,2.0,0.0,0.26666666666666666,27,0.4666666666666666,0.6,0.0,3.0,2.0,0.4,1.0,-0.6,2.0,0.4,0.2,27,0.26666666666666666,1
272,4up8bw0sdgu7hm18owrydjka2,2020,2021-01-06 20:30:00,2021,1,quarta-feira,20,Coritiba FBC,Goiás EC,Couto Pereira,Wagner do Nascimento Magalhaes,No data,,6 de janeiro de 2021 20:30,1,2,away_win,2,https://optaplayerstats.statsperform.com/pt_BR/soccer/brasileir%C3%A3o-s%C3%A9rie-a-2020/1ruuku31y4hamxz48qnbvwfoq/match/view/4up8bw0sdgu7hm18owrydjka2,1,4,0,0,0,0,0,2,3,0,0,0,0,0,3,-1,7,0,0,0,0,0.2,0.0,1.0,4.0,0.2,1.2,-1.0,2.0,0.0,0.06666666666666667,27,0.26666666666666666,1.4,2.0,1.0,2.0,0.6,1.0,-0.4,2.8,0.0,0.4666666666666667,27,0.26666666666666666,1
273,4swewaj70xyp3mmo2m7ok9duy,2020,2021-01-06 21:30:00,2021,1,quarta-feira,21,CR Flamengo,Fluminense FC,Estádio Jornalista Mário Filho (Maracanã),Leandro Pedro Vuaden,No data,,6 de janeiro de 2021 21:30,1,2,away_win,2,https://optaplayerstats.statsperform.com/pt_BR/soccer/brasileir%C3%A3o-s%C3%A9rie-a-2020/1ruuku31y4hamxz48qnbvwfoq/match/view/4swewaj70xyp3mmo2m7ok9duy,1,1,0,0,0,0,0,2,4,0,0,0,0,0,3,-1,5,0,0,0,0,2.6,4.0,1.0,0.0,2.4,1.0,1.4,1.6,0.4,0.8666666666666667,26,0.6666666666666666,1.0,1.0,2.0,2.0,1.2,1.2,0.0,3.0,0.0,0.3333333333333333,27,0.4666666666666666,1
274,4tbcnpkd4h3b07e9n9zus61re,2020,2021-01-06 21:30:00,2021,1,quarta-feira,21,Red Bull Bragantino,São Paulo FC,Nabizão,Luiz Flávio de Oliveira,No data,,6 de janeiro de 2021 21:30,4,2,home_win,0,https://optaplayerstats.statsperform.com/pt_BR/soccer/brasileir%C3%A3o-s%C3%A9rie-a-2020/1ruuku31y4hamxz48qnbvwfoq/match/view/4tbcnpkd4h3b07e9n9zus61re,4,2,0,0,0,0,0,2,2,1,0,1,0,0,6,2,4,1,1,0,0,1.0,1.0,2.0,2.0,0.4,0.6,-0.2,2.4,0.0,0.3333333333333333,27,0.6666666666666666,2.4,4.0,0.0,1.0,2.0,0.4,1.6,1.6,0.0,0.8,27,0.6666666666666666,1
275,4tv9uifg7ynb1czrv485cvcru,2020,2021-01-07 19:00:00,2021,1,quinta-feira,19,Ceará SC,SC Internacional,Castelão,Felipe Fernandes de Lima,No data,,7 de janeiro de 2021 19:00,0,2,away_win,2,https://optaplayerstats.statsperform.com/pt_BR/soccer/brasileir%C3%A3o-s%C3%A9rie-a-2020/1ruuku31y4hamxz48qnbvwfoq/match/view/4tv9uifg7ynb1czrv485cvcru,0,6,0,0,0,0,0,2,4,0,0,0,0,0,2,-2,10,0,0,0,0,2.0,3.0,1.0,1.0,2.0,0.8,1.2,1.6,0.0,0.6666666666666666,27,0.39999999999999997,2.2,3.0,2.0,0.0,1.6,0.8,0.8,3.6,0.2,0.7333333333333333,27,0.3333333333333333,1
276,4t4tlq2dq05ldmbanez26w2ga,2020,2021-01-07 21:00:00,2021,1,quinta-feira,21,Atlético Goianiense,CR Vasco da Gama,Estádio Antônio Accioly,Sávio Pereira Sampaio,No data,,7 de janeiro de 2021 21:00,0,0,draw,1,https://optaplayerstats.statsperform.com/pt_BR/soccer/brasileir%C3%A3o-s%C3%A9rie-a-2020/1ruuku31y4hamxz48qnbvwfoq/match/view/4t4tlq2dq05ldmbanez26w2ga,0,3,0,0,0,0,0,0,2,0,0,0,0,0,0,0,5,0,0,0,0,1.4,2.0,1.0,2.0,1.0,1.0,0.0,2.6,0.0,0.4666666666666667,27,0.3333333333333333,0.8,1.0,1.0,3.0,0.6,2.4,-1.8,2.6,0.0,0.26666666666666666,26,0.3333333333333333,1
277,4v86sgypxfe6c25ce7kr2e2ju,2020,2021-01-09 19:00:00,2021,1,sábado,19,SC do Recife,SE Palmeiras,Ilha do Retiro,Dyorgines José Padovani Andrade,No data,,9 de janeiro de 2021 19:00,0,1,away_win,2,https://optaplayerstats.statsperform.com/pt_BR/soccer/brasileir%C3%A3o-s%C3%A9rie-a-2020/1ruuku31y4hamxz48qnbvwfoq/match/view/4v86sgypxfe6c25ce7kr2e2ju,0,5,0,0,0,0,0,1,3,0,0,0,0,0,1,-1,8,0,0,0,0,1.4,2.0,1.0,2.0,0.6,0.6,0.0,2.0,0.0,0.4666666666666667,28,0.4666666666666666,2.0,3.0,1.0,1.0,1.8,0.8,1.0,2.4,0.2,0.6666666666666666,26,0.4666666666666666,1
278,4w3uiab0pzffk52baj8rdp2lm,2020,2021-01-09 19:00:00,2021,1,sábado,19,Coritiba FBC,Club Athletico Paranaense,Couto Pereira,Ricardo Marques Ribeiro,No data,,9 de janeiro de 2021 19:00,0,0,draw,1,https://optaplayerstats.statsperform.com/pt_BR/soccer/brasileir%C3%A3o-s%C3%A9rie-a-2020/1ruuku31y4hamxz48qnbvwfoq/match/view/4w3uiab0pzffk52baj8rdp2lm,0,2,0,0,0,0,0,0,1,0,0,0,0,0,0,0,3,0,0,0,0,0.2,0.0,1.0,4.0,0.4,1.4,-1.0,2.4,0.0,0.06666666666666667,28,0.06666666666666667,1.8,3.0,0.0,2.0,1.4,0.8,0.6,2.4,0.2,0.6,28,0.6,1
279,4vt5uoodhch6piw8o36ph11ey,2020,2021-01-09 21:00:00,2021,1,sábado,21,Fortaleza EC,Grêmio FB Porto Alegrense,Castelão,Jefferson Ferreira de Moraes,No data,,9 de janeiro de 2021 21:00,0,0,draw,1,https://optaplayerstats.statsperform.com/pt_BR/soccer/brasileir%C3%A3o-s%C3%A9rie-a-2020/1ruuku31y4hamxz48qnbvwfoq/match/view/4vt5uoodhch6piw8o36ph11ey,0,4,0,0,0,0,0,0,3,0,0,0,0,0,0,0,7,0,0,0,0,0.4,0.0,2.0,3.0,0.2,1.0,-0.8,1.8,0.4,0.13333333333333333,28,0.19999999999999998,2.2,3.0,2.0,0.0,1.8,0.6,1.2,1.8,0.2,0.7333333333333333,27,0.6,1
280,4vgughjvbgatprxsw5qpstlka,2020,2021-01-10 16:00:00,2021,1,domingo,16,São Paulo FC,Santos FC Sao Paulo,Morumbi,Braulio da Silva Machado,No data,,10 de janeiro de 2021 16:00,0,1,away_win,2,https://optaplayerstats.statsperform.com/pt_BR/soccer/brasileir%C3%A3o-s%C3%A9rie-a-2020/1ruuku31y4hamxz48qnbvwfoq/match/view/4vgughjvbgatprxsw5qpstlka,0,2,0,0,0,0,0,1,4,0,0,0,0,0,1,-1,6,0,0,0,0,1.8,3.0,0.0,2.0,2.2,1.2,1.0,1.2,0.2,0.6,28,0.8666666666666667,1.0,1.0,2.0,2.0,1.6,2.0,-0.4,1.8,0.0,0.3333333333333333,27,0.06666666666666667,1
281,4w9hnvs7t7wabco8le4cmlhm2,2020,2021-01-10 16:00:00,2021,1,domingo,16,CR Flamengo,Ceará SC,Estádio Jornalista Mário Filho (Maracanã),Paulo Roberto Alves Júnior,No data,,10 de janeiro de 2021 16:00,0,2,away_win,2,https://optaplayerstats.statsperform.com/pt_BR/soccer/brasileir%C3%A3o-s%C3%A9rie-a-2020/1ruuku31y4hamxz48qnbvwfoq/match/view/4w9hnvs7t7wabco8le4cmlhm2,0,3,0,0,0,0,0,2,1,1,0,1,0,0,2,-2,4,1,1,0,0,2.0,3.0,1.0,1.0,2.0,1.2,0.8,1.6,0.4,0.6666666666666666,27,0.6666666666666666,1.4,2.0,1.0,2.0,1.2,1.0,0.2,2.4,0.0,0.4666666666666667,28,0.6666666666666666,1
282,4vyppac60o24s5xnqug7cfiay,2020,2021-01-10 18:15:00,2021,1,domingo,18,Atlético Goianiense,EC Bahia,Estádio Antônio Accioly,Anderson Daronco,No data,,10 de janeiro de 2021 18:15,1,1,draw,1,https://optaplayerstats.statsperform.com/pt_BR/soccer/brasileir%C3%A3o-s%C3%A9rie-a-2020/1ruuku31y4hamxz48qnbvwfoq/match/view/4vyppac60o24s5xnqug7cfiay,1,2,0,0,0,0,0,1,0,0,0,0,0,0,2,0,2,0,0,0,0,1.4,2.0,1.0,2.0,1.0,1.0,0.0,3.0,0.0,0.4666666666666667,28,0.39999999999999997,0.0,0.0,0.0,5.0,1.0,2.6,-1.6,3.0,0.2,0.0,28,0.19999999999999998,1
283,4wgocp3gk4jq521vp2fumtlyi,2020,2021-01-10 18:15:00,2021,1,domingo,18,SC Internacional,Goiás EC,Beira-Rio,Edina Alves Batista,No data,,10 de janeiro de 2021 18:15,1,0,home_win,0,https://optaplayerstats.statsperform.com/pt_BR/soccer/brasileir%C3%A3o-s%C3%A9rie-a-2020/1ruuku31y4hamxz48qnbvwfoq/match/view/4wgocp3gk4jq521vp2fumtlyi,1,0,0,0,0,0,0,0,2,0,0,0,0,0,1,1,2,0,0,0,0,2.6,4.0,1.0,0.0,2.0,0.8,1.2,3.8,0.0,0.8666666666666667,28,0.5333333333333333,2.0,3.0,1.0,1.0,1.0,0.6,0.4,2.8,0.0,0.6666666666666666,28,0.4666666666666666,1
284,4v0qfbi9z5w6c5a73pamfa2ju,2020,2021-01-10 20:30:00,2021,1,domingo,20,CR Vasco da Gama,Botafogo FR,São Januário,Raphael Claus,No data,,10 de janeiro de 2021 20:30,3,0,home_win,0,https://optaplayerstats.statsperform.com/pt_BR/soccer/brasileir%C3%A3o-s%C3%A9rie-a-2020/1ruuku31y4hamxz48qnbvwfoq/match/view/4v0qfbi9z5w6c5a73pamfa2ju,3,1,0,0,0,1,0,0,0,0,0,0,0,0,3,3,1,0,0,1,0,1.0,1.0,2.0,2.0,0.4,1.6,-1.2,2.4,0.0,0.3333333333333333,27,0.3333333333333333,0.6,1.0,0.0,4.0,0.6,2.2,-1.6,2.4,0.2,0.2,28,0.19999999999999998,1
285,4vn55xqbclrkxsn0xl9s9a25m,2020,2021-01-11 20:00:00,2021,1,segunda-feira,20,Red Bull Bragantino,Clube Atlético Mineiro,Nabizão,Caio Max Augusto Vieira,No data,,11 de janeiro de 2021 20:00,2,2,draw,1,https://optaplayerstats.statsperform.com/pt_BR/soccer/brasileir%C3%A3o-s%C3%A9rie-a-2020/1ruuku31y4hamxz48qnbvwfoq/match/view/4vn55xqbclrkxsn0xl9s9a25m,2,4,0,0,0,0,0,2,1,0,0,0,1,0,4,0,5,0,0,1,0,1.4,2.0,1.0,2.0,1.2,1.0,0.2,2.2,0.0,0.4666666666666667,28,0.6666666666666666,2.0,3.0,1.0,1.0,1.4,1.2,0.2,1.8,0.2,0.6666666666666666,27,0.4666666666666666,1
286,4uuy43ij69cwdjmpe3qdzgnl6,2020,2021-01-13 21:30:00,2021,1,quarta-feira,21,SC Corinthians Paulista,Fluminense FC,Neo Química Arena,Rafael Traci,No data,,13 de janeiro de 2021 21:30,5,0,home_win,0,https://optaplayerstats.statsperform.com/pt_BR/soccer/brasileir%C3%A3o-s%C3%A9rie-a-2020/1ruuku31y4hamxz48qnbvwfoq/match/view/4uuy43ij69cwdjmpe3qdzgnl6,5,1,0,0,0,0,0,0,2,0,0,0,0,0,5,5,3,0,0,0,0,2.6,4.0,1.0,0.0,1.2,0.2,1.0,1.2,0.2,0.8666666666666667,27,0.6666666666666666,1.4,2.0,1.0,2.0,1.6,1.4,0.2,3.4,0.0,0.4666666666666667,28,0.4666666666666666,1
287,4xkveowk807pyc05c0fi7vvxm,2020,2021-01-15 21:30:00,2021,1,sexta-feira,21,SE Palmeiras,Grêmio FB Porto Alegrense,Allianz Parque,Bruno Arleu de Araújo,No data,,15 de janeiro de 2021 21:30,1,1,draw,1,https://optaplayerstats.statsperform.com/pt_BR/soccer/brasileir%C3%A3o-s%C3%A9rie-a-2020/1ruuku31y4hamxz48qnbvwfoq/match/view/4xkveowk807pyc05c0fi7vvxm,1,3,0,0,0,0,0,1,1,0,0,0,0,0,2,0,4,0,0,0,0,2.0,3.0,1.0,1.0,1.4,0.8,0.6,2.6,0.2,0.6666666666666666,27,1.0,1.8,2.0,3.0,0.0,1.0,0.6,0.4,2.0,0.2,0.6,28,0.4666666666666666,1
288,4xs5npe9hk8uyyyidrctcckfe,2020,2021-01-16 19:00:00,2021,1,sábado,19,Fluminense FC,SC do Recife,Estádio Nilton Santos,Heber Roberto Lopes,No data,,16 de janeiro de 2021 19:00,1,0,home_win,0,https://optaplayerstats.statsperform.com/pt_BR/soccer/brasileir%C3%A3o-s%C3%A9rie-a-2020/1ruuku31y4hamxz48qnbvwfoq/match/view/4xs5npe9hk8uyyyidrctcckfe,1,1,0,0,0,0,1,0,1,1,0,1,0,0,1,1,2,1,1,0,1,0.8,1.0,1.0,3.0,1.0,2.2,-1.2,3.0,0.0,0.26666666666666666,29,0.4666666666666666,1.4,2.0,1.0,2.0,0.6,0.6,0.0,2.2,0.0,0.4666666666666667,29,0.13333333333333333,1
289,4xxbabzx5w4j6wsg7b8hkdu96,2020,2021-01-16 21:00:00,2021,1,sábado,21,CR Vasco da Gama,Coritiba FBC,São Januário,Flavio Rodrigues De Souza,No data,,16 de janeiro de 2021 21:00,0,1,away_win,2,https://optaplayerstats.statsperform.com/pt_BR/soccer/brasileir%C3%A3o-s%C3%A9rie-a-2020/1ruuku31y4hamxz48qnbvwfoq/match/view/4xxbabzx5w4j6wsg7b8hkdu96,0,2,1,0,1,0,0,1,2,0,0,0,0,0,1,-1,4,1,1,0,0,1.6,2.0,2.0,1.0,1.0,0.8,0.2,2.4,0.0,0.5333333333333333,28,0.5333333333333333,0.2,0.0,1.0,4.0,0.4,1.4,-1.0,2.0,0.0,0.06666666666666667,29,0.06666666666666667,1
290,4wx3drknvd26rhosfcptz4sx6,2020,2021-01-17 16:00:00,2021,1,domingo,16,Santos FC Sao Paulo,Botafogo FR,Vila Belmiro,Leandro Pedro Vuaden,No data,,17 de janeiro de 2021 16:00,2,1,home_win,0,https://optaplayerstats.statsperform.com/pt_BR/soccer/brasileir%C3%A3o-s%C3%A9rie-a-2020/1ruuku31y4hamxz48qnbvwfoq/match/view/4wx3drknvd26rhosfcptz4sx6,2,2,0,0,0,0,0,1,1,0,0,0,1,0,3,1,3,0,0,1,0,1.0,1.0,2.0,2.0,1.0,1.6,-0.6,2.0,0.0,0.3333333333333333,28,0.7333333333333334,0.6,1.0,0.0,4.0,0.6,2.0,-1.4,2.0,0.0,0.2,29,0.19999999999999998,1
291,4x3x6vxm968deuq2mve1gh756,2020,2021-01-17 16:00:00,2021,1,domingo,16,Club Athletico Paranaense,São Paulo FC,Arena da Baixada,Wilton Pereira Sampaio,No data,,17 de janeiro de 2021 16:00,1,1,draw,1,https://optaplayerstats.statsperform.com/pt_BR/soccer/brasileir%C3%A3o-s%C3%A9rie-a-2020/1ruuku31y4hamxz48qnbvwfoq/match/view/4x3x6vxm968deuq2mve1gh756,1,3,0,0,0,0,0,1,1,0,0,0,0,0,2,0,4,0,0,0,0,2.0,3.0,1.0,1.0,1.2,0.2,1.0,2.0,0.0,0.6666666666666666,29,0.6,1.2,2.0,0.0,3.0,1.4,1.4,0.0,1.6,0.2,0.4,29,0.6,1
292,4yber4i85zueq9cfs8nqfpch6,2020,2021-01-17 18:15:00,2021,1,domingo,18,Clube Atlético Mineiro,Atlético Goianiense,Mineirão,Braulio da Silva Machado,No data,,17 de janeiro de 2021 18:15,3,1,home_win,0,https://optaplayerstats.statsperform.com/pt_BR/soccer/brasileir%C3%A3o-s%C3%A9rie-a-2020/1ruuku31y4hamxz48qnbvwfoq/match/view/4yber4i85zueq9cfs8nqfpch6,3,2,0,0,0,0,0,1,3,0,0,0,0,0,4,2,5,0,0,0,0,1.6,2.0,2.0,1.0,1.4,1.4,0.0,1.6,0.2,0.5333333333333333,28,0.6666666666666666,1.6,2.0,2.0,1.0,1.2,1.0,0.2,2.8,0.0,0.5333333333333333,29,0.4666666666666666,1
293,4x8wh4rulru7yl5qqzgfnyrfu,2020,2021-01-17 20:30:00,2021,1,domingo,20,Ceará SC,Red Bull Bragantino,Castelão,Marcelo de Lima Henrique,No data,,17 de janeiro de 2021 20:30,1,2,away_win,2,https://optaplayerstats.statsperform.com/pt_BR/soccer/brasileir%C3%A3o-s%C3%A9rie-a-2020/1ruuku31y4hamxz48qnbvwfoq/match/view/4x8wh4rulru7yl5qqzgfnyrfu,1,1,0,0,0,1,0,2,2,0,0,0,2,0,3,-1,3,0,0,1,0,1.4,2.0,1.0,2.0,1.2,1.0,0.2,2.2,0.2,0.4666666666666667,29,0.19999999999999998,1.4,2.0,1.0,2.0,1.6,1.4,0.2,2.4,0.0,0.4666666666666667,29,0.3333333333333333,1
294,4y2emqb9elo3437p84vuvdxm2,2020,2021-01-17 20:30:00,2021,1,domingo,20,SC Internacional,Fortaleza EC,Beira-Rio,Rodrigo D'Alonso Ferreira,No data,,17 de janeiro de 2021 20:30,4,2,home_win,0,https://optaplayerstats.statsperform.com/pt_BR/soccer/brasileir%C3%A3o-s%C3%A9rie-a-2020/1ruuku31y4hamxz48qnbvwfoq/match/view/4y2emqb9elo3437p84vuvdxm2,4,0,0,0,0,0,1,2,3,0,0,0,1,0,6,2,3,0,0,1,1,3.0,5.0,0.0,0.0,1.8,0.4,1.4,2.6,0.0,1.0,29,0.6666666666666666,0.4,0.0,2.0,3.0,0.2,1.0,-0.8,2.2,0.2,0.13333333333333333,29,0.26666666666666666,1
295,4tnwdms2i04iiqpy680ubpw8a,2020,2021-01-18 19:00:00,2021,1,segunda-feira,19,SE Palmeiras,SC Corinthians Paulista,Allianz Parque,Jean Pierre Goncalves Lima,No data,,18 de janeiro de 2021 19:00,4,0,home_win,0,https://optaplayerstats.statsperform.com/pt_BR/soccer/brasileir%C3%A3o-s%C3%A9rie-a-2020/1ruuku31y4hamxz48qnbvwfoq/match/view/4tnwdms2i04iiqpy680ubpw8a,4,2,0,0,0,0,0,0,3,1,0,1,0,0,4,4,5,1,1,0,0,2.0,3.0,1.0,1.0,1.2,0.6,0.6,2.6,0.0,0.6666666666666666,28,0.8666666666666667,2.6,4.0,1.0,0.0,2.0,0.2,1.8,1.0,0.2,0.8666666666666667,28,0.7333333333333334,1
296,4wnr88k6esl9n8qgp2lbx9rvu,2020,2021-01-18 20:00:00,2021,1,segunda-feira,20,Goiás EC,CR Flamengo,Estádio Hailé Pinheiro (Serrinha),Rodolpho Toski Marques,No data,,18 de janeiro de 2021 20:00,0,3,away_win,2,https://optaplayerstats.statsperform.com/pt_BR/soccer/brasileir%C3%A3o-s%C3%A9rie-a-2020/1ruuku31y4hamxz48qnbvwfoq/match/view/4wnr88k6esl9n8qgp2lbx9rvu,0,5,0,0,0,0,0,3,1,0,0,0,0,0,3,-3,6,0,0,0,0,1.4,2.0,1.0,2.0,0.8,0.8,0.0,2.6,0.0,0.4666666666666667,29,0.4666666666666666,1.4,2.0,1.0,2.0,1.8,1.6,0.2,2.0,0.2,0.4666666666666667,28,0.5333333333333333,1
297,508tu656wh83geaaee9aq2gkq,2020,2021-01-20 17:00:00,2021,1,quarta-feira,17,Botafogo FR,Atlético Goianiense,Estádio Nilton Santos,Ramon Abatti,No data,,20 de janeiro de 2021 17:00,1,3,away_win,2,https://optaplayerstats.statsperform.com/pt_BR/soccer/brasileir%C3%A3o-s%C3%A9rie-a-2020/1ruuku31y4hamxz48qnbvwfoq/match/view/508tu656wh83geaaee9aq2gkq,1,2,0,0,0,0,0,3,3,0,0,0,0,0,4,-2,5,0,0,0,0,0.6,1.0,0.0,4.0,0.6,2.0,-1.4,1.2,0.0,0.2,30,0.0,1.0,1.0,2.0,2.0,1.0,1.4,-0.4,2.8,0.0,0.3333333333333333,30,0.4666666666666666,1
298,4zyd4rhcf2fgx53ihcbj2699m,2020,2021-01-20 18:00:00,2021,1,quarta-feira,18,EC Bahia,Club Athletico Paranaense,Arena Fonte Nova,Luiz Flávio de Oliveira,No data,,20 de janeiro de 2021 18:00,1,0,home_win,0,https://optaplayerstats.statsperform.com/pt_BR/soccer/brasileir%C3%A3o-s%C3%A9rie-a-2020/1ruuku31y4hamxz48qnbvwfoq/match/view/4zyd4rhcf2fgx53ihcbj2699m,1,2,0,0,0,0,0,0,0,0,0,0,0,0,1,1,2,0,0,0,0,0.2,0.0,1.0,4.0,1.2,2.4,-1.2,2.6,0.2,0.06666666666666667,29,0.39999999999999997,2.2,3.0,2.0,0.0,1.4,0.2,1.2,2.2,0.0,0.7333333333333333,30,0.4666666666666666,1
299,4z9cq16m7m0d2wf9gdh1rlysq,2020,2021-01-20 19:15:00,2021,1,quarta-feira,19,Grêmio FB Porto Alegrense,Clube Atlético Mineiro,Arena do Grêmio,Raphael Claus,No data,,20 de janeiro de 2021 19:15,1,1,draw,1,https://optaplayerstats.statsperform.com/pt_BR/soccer/brasileir%C3%A3o-s%C3%A9rie-a-2020/1ruuku31y4hamxz48qnbvwfoq/match/view/4z9cq16m7m0d2wf9gdh1rlysq,1,1,0,0,0,0,0,1,1,0,0,0,1,0,2,0,2,0,0,1,0,1.8,2.0,3.0,0.0,1.2,0.8,0.4,2.0,0.2,0.6,29,1.0,2.0,3.0,1.0,1.0,1.6,1.2,0.4,1.6,0.2,0.6666666666666666,29,0.5333333333333333,1
300,4yhwdyuaobaqs2mg4oj9052zu,2020,2021-01-20 20:30:00,2021,1,quarta-feira,20,Coritiba FBC,Fluminense FC,Couto Pereira,Felipe Fernandes de Lima,No data,,20 de janeiro de 2021 20:30,3,3,draw,1,https://optaplayerstats.statsperform.com/pt_BR/soccer/brasileir%C3%A3o-s%C3%A9rie-a-2020/1ruuku31y4hamxz48qnbvwfoq/match/view/4yhwdyuaobaqs2mg4oj9052zu,3,1,1,0,1,0,0,3,4,1,0,1,0,0,6,0,5,2,1,0,0,0.8,1.0,1.0,3.0,0.6,1.2,-0.6,2.2,0.0,0.26666666666666666,30,0.13333333333333333,1.2,2.0,0.0,3.0,1.0,2.0,-1.0,2.8,0.0,0.4,30,0.4666666666666666,1
301,4yoj7md68jf9ihztaw3mmeooa,2020,2021-01-20 21:30:00,2021,1,quarta-feira,21,Red Bull Bragantino,CR Vasco da Gama,Nabizão,Leandro Pedro Vuaden,No data,,20 de janeiro de 2021 21:30,4,1,home_win,0,https://optaplayerstats.statsperform.com/pt_BR/soccer/brasileir%C3%A3o-s%C3%A9rie-a-2020/1ruuku31y4hamxz48qnbvwfoq/match/view/4yoj7md68jf9ihztaw3mmeooa,4,0,0,0,0,0,0,1,0,0,0,0,0,0,5,3,0,0,0,0,0,1.4,2.0,1.0,2.0,1.6,1.4,0.2,2.2,0.0,0.4666666666666667,30,0.6666666666666666,1.4,2.0,1.0,2.0,0.8,0.8,0.0,1.6,0.2,0.4666666666666667,29,0.3333333333333333,1
302,4zix3dobsdy0rbpz4bbrmuwkq,2020,2021-01-20 21:30:00,2021,1,quarta-feira,21,São Paulo FC,SC Internacional,Morumbi,Marcelo de Lima Henrique,No data,,20 de janeiro de 2021 21:30,1,5,away_win,2,https://optaplayerstats.statsperform.com/pt_BR/soccer/brasileir%C3%A3o-s%C3%A9rie-a-2020/1ruuku31y4hamxz48qnbvwfoq/match/view/4zix3dobsdy0rbpz4bbrmuwkq,1,2,0,0,0,0,0,5,1,0,0,0,0,0,6,-4,3,0,0,0,0,1.4,2.0,1.0,2.0,1.6,1.4,0.2,1.6,0.2,0.4666666666666667,30,0.6666666666666666,3.0,5.0,0.0,0.0,2.2,0.6,1.6,1.8,0.0,1.0,30,0.5333333333333333,1
303,4yuybbpxok74mhvd8e06hsui2,2020,2021-01-21 19:00:00,2021,1,quinta-feira,19,CR Flamengo,SE Palmeiras,Estádio Nacional,Sávio Pereira Sampaio,No data,,21 de janeiro de 2021 19:00,2,0,home_win,0,https://optaplayerstats.statsperform.com/pt_BR/soccer/brasileir%C3%A3o-s%C3%A9rie-a-2020/1ruuku31y4hamxz48qnbvwfoq/match/view/4yuybbpxok74mhvd8e06hsui2,2,2,0,0,0,0,1,0,2,0,0,0,0,0,2,2,4,0,0,0,1,1.4,2.0,1.0,2.0,1.6,1.4,0.2,1.8,0.2,0.4666666666666667,29,0.6,2.0,3.0,1.0,1.0,1.4,0.6,0.8,2.6,0.0,0.6666666666666666,29,0.4666666666666666,1
304,4z1b9i7bw5fo8vap29b97hiei,2020,2021-01-21 19:00:00,2021,1,quinta-feira,19,Fortaleza EC,Santos FC Sao Paulo,Castelão,Ricardo Marques Ribeiro,No data,,21 de janeiro de 2021 19:00,2,0,home_win,0,https://optaplayerstats.statsperform.com/pt_BR/soccer/brasileir%C3%A3o-s%C3%A9rie-a-2020/1ruuku31y4hamxz48qnbvwfoq/match/view/4z1b9i7bw5fo8vap29b97hiei,2,3,0,0,0,1,0,0,0,0,0,0,0,0,2,2,3,0,0,1,0,0.4,0.0,2.0,3.0,0.4,1.4,-1.0,2.4,0.2,0.13333333333333333,30,0.26666666666666666,1.4,2.0,1.0,2.0,1.0,1.4,-0.4,1.8,0.0,0.4666666666666667,29,0.26666666666666666,1
305,503imyp2ndunndd381meng67e,2020,2021-01-21 19:00:00,2021,1,quinta-feira,19,Goiás EC,Ceará SC,Estádio Hailé Pinheiro (Serrinha),Heber Roberto Lopes,No data,,21 de janeiro de 2021 19:00,0,4,away_win,2,https://optaplayerstats.statsperform.com/pt_BR/soccer/brasileir%C3%A3o-s%C3%A9rie-a-2020/1ruuku31y4hamxz48qnbvwfoq/match/view/503imyp2ndunndd381meng67e,0,1,0,0,0,0,0,4,0,0,0,0,1,0,4,-4,1,0,0,1,0,1.2,2.0,0.0,3.0,0.8,1.4,-0.6,2.8,0.0,0.4,30,0.4666666666666666,1.4,2.0,1.0,2.0,1.2,1.0,0.2,2.4,0.2,0.4666666666666667,30,0.8666666666666667,1
306,4zr0q5rs4i87pzqzjs2zpegyy,2020,2021-01-21 21:00:00,2021,1,quinta-feira,21,SC Corinthians Paulista,SC do Recife,Neo Química Arena,Anderson Daronco,No data,,21 de janeiro de 2021 21:00,3,0,home_win,0,https://optaplayerstats.statsperform.com/pt_BR/soccer/brasileir%C3%A3o-s%C3%A9rie-a-2020/1ruuku31y4hamxz48qnbvwfoq/match/view/4zr0q5rs4i87pzqzjs2zpegyy,3,1,0,0,0,0,0,0,0,0,0,0,0,0,3,3,1,0,0,0,0,2.4,4.0,0.0,1.0,2.0,1.0,1.0,1.2,0.2,0.8,29,0.6666666666666666,0.8,1.0,1.0,3.0,0.4,0.8,-0.4,2.4,0.2,0.26666666666666666,30,0.06666666666666667,1
307,51soejbaxwygr893kckt6tgfe,2020,2021-01-23 19:00:00,2021,1,sábado,19,São Paulo FC,Coritiba FBC,Morumbi,Rodrigo D'Alonso Ferreira,No data,,23 de janeiro de 2021 19:00,1,1,draw,1,https://optaplayerstats.statsperform.com/pt_BR/soccer/brasileir%C3%A3o-s%C3%A9rie-a-2020/1ruuku31y4hamxz48qnbvwfoq/match/view/51soejbaxwygr893kckt6tgfe,1,1,0,0,0,0,0,1,2,0,0,0,0,0,2,0,3,0,0,0,0,0.8,1.0,1.0,3.0,1.2,2.4,-1.2,1.6,0.2,0.26666666666666666,31,0.6,1.0,1.0,2.0,2.0,1.0,1.4,-0.4,1.8,0.2,0.3333333333333333,31,0.26666666666666666,1
308,518o305y0hwrxb4mg5gygai5m,2020,2021-01-23 21:00:00,2021,1,sábado,21,CR Vasco da Gama,Clube Atlético Mineiro,São Januário,Vinicius Gonçalves Dias Araujo,No data,,23 de janeiro de 2021 21:00,3,2,home_win,0,https://optaplayerstats.statsperform.com/pt_BR/soccer/brasileir%C3%A3o-s%C3%A9rie-a-2020/1ruuku31y4hamxz48qnbvwfoq/match/view/518o305y0hwrxb4mg5gygai5m,3,4,0,0,0,0,0,2,1,0,0,0,0,0,5,1,5,0,0,0,0,0.8,1.0,1.0,3.0,0.8,1.6,-0.8,1.2,0.2,0.26666666666666666,30,0.4666666666666666,1.6,2.0,2.0,1.0,1.6,1.4,0.2,1.4,0.2,0.5333333333333333,30,0.39999999999999997,1
309,50ikprf4pltli9aa2q8mttu22,2020,2021-01-24 16:00:00,2021,1,domingo,16,Club Athletico Paranaense,CR Flamengo,Arena da Baixada,Leandro Pedro Vuaden,No data,,24 de janeiro de 2021 16:00,2,1,home_win,0,https://optaplayerstats.statsperform.com/pt_BR/soccer/brasileir%C3%A3o-s%C3%A9rie-a-2020/1ruuku31y4hamxz48qnbvwfoq/match/view/50ikprf4pltli9aa2q8mttu22,2,2,0,0,0,0,0,1,0,0,0,0,0,0,3,1,2,0,0,0,0,1.6,2.0,2.0,1.0,1.2,0.4,0.8,1.2,0.0,0.5333333333333333,31,0.6666666666666666,1.4,2.0,1.0,2.0,1.2,0.8,0.4,2.0,0.0,0.4666666666666667,30,0.5333333333333333,1
310,50x36hvm2kwngyhbsvxbc08dm,2020,2021-01-24 16:00:00,2021,1,domingo,16,Ceará SC,SE Palmeiras,Castelão,Braulio da Silva Machado,No data,,24 de janeiro de 2021 16:00,2,1,home_win,0,https://optaplayerstats.statsperform.com/pt_BR/soccer/brasileir%C3%A3o-s%C3%A9rie-a-2020/1ruuku31y4hamxz48qnbvwfoq/match/view/50x36hvm2kwngyhbsvxbc08dm,2,3,0,1,1,1,0,1,5,0,0,0,0,0,3,1,8,1,1,1,0,1.4,2.0,1.0,2.0,1.6,1.0,0.6,2.2,0.2,0.4666666666666667,31,0.13333333333333333,2.0,3.0,1.0,1.0,1.4,0.6,0.8,2.6,0.0,0.6666666666666666,30,0.26666666666666666,1
311,51dojqfpqxzf522cejoamwf3e,2020,2021-01-24 16:00:00,2021,1,domingo,16,SC Internacional,Grêmio FB Porto Alegrense,Beira-Rio,Luiz Flávio de Oliveira,No data,,24 de janeiro de 2021 16:00,2,1,home_win,0,https://optaplayerstats.statsperform.com/pt_BR/soccer/brasileir%C3%A3o-s%C3%A9rie-a-2020/1ruuku31y4hamxz48qnbvwfoq/match/view/51dojqfpqxzf522cejoamwf3e,2,2,0,0,0,1,0,1,2,0,0,0,0,0,3,1,4,0,0,1,0,3.0,5.0,0.0,0.0,2.8,0.8,2.0,1.2,0.0,1.0,31,0.7999999999999999,1.8,2.0,3.0,0.0,1.2,0.8,0.4,1.8,0.0,0.6,30,0.3333333333333333,1
312,51mttrzybun014eg0qe6icoru,2020,2021-01-24 18:15:00,2021,1,domingo,18,SC do Recife,EC Bahia,Ilha do Retiro,Raphael Claus,No data,,24 de janeiro de 2021 18:15,2,0,home_win,0,https://optaplayerstats.statsperform.com/pt_BR/soccer/brasileir%C3%A3o-s%C3%A9rie-a-2020/1ruuku31y4hamxz48qnbvwfoq/match/view/51mttrzybun014eg0qe6icoru,2,3,0,0,0,0,0,0,0,0,0,0,0,0,2,2,3,0,0,0,0,0.6,1.0,0.0,4.0,0.2,1.2,-1.0,2.0,0.2,0.2,31,0.4666666666666666,0.8,1.0,1.0,3.0,1.4,1.8,-0.4,2.4,0.2,0.26666666666666666,30,0.06666666666666667,1
313,51y2uj7dtcw4rwrso4mwqmyju,2020,2021-01-24 18:15:00,2021,1,domingo,18,Atlético Goianiense,Fortaleza EC,Estádio Antônio Accioly,Rafael Traci,No data,,24 de janeiro de 2021 18:15,2,0,home_win,0,https://optaplayerstats.statsperform.com/pt_BR/soccer/brasileir%C3%A3o-s%C3%A9rie-a-2020/1ruuku31y4hamxz48qnbvwfoq/match/view/51y2uj7dtcw4rwrso4mwqmyju,2,2,0,0,0,1,0,0,2,0,1,1,0,0,2,2,4,1,1,1,0,1.0,1.0,2.0,2.0,1.2,1.4,-0.2,2.8,0.0,0.3333333333333333,31,0.39999999999999997,1.0,1.0,2.0,2.0,0.8,1.0,-0.2,2.8,0.0,0.3333333333333333,31,0.26666666666666666,1
314,527abvndn1zodfmt0hglk60yy,2020,2021-01-24 18:15:00,2021,1,domingo,18,Santos FC Sao Paulo,Goiás EC,Vila Belmiro,Wagner do Nascimento Magalhaes,No data,,24 de janeiro de 2021 18:15,3,4,away_win,2,https://optaplayerstats.statsperform.com/pt_BR/soccer/brasileir%C3%A3o-s%C3%A9rie-a-2020/1ruuku31y4hamxz48qnbvwfoq/match/view/527abvndn1zodfmt0hglk60yy,3,4,0,0,0,1,0,4,4,0,0,0,1,0,7,-1,8,0,0,1,0,1.4,2.0,1.0,2.0,0.8,1.0,-0.2,1.6,0.0,0.4666666666666667,30,0.7333333333333334,1.2,2.0,0.0,3.0,0.6,1.8,-1.2,3.0,0.0,0.4,31,0.39999999999999997,1
315,50qlgyvwyua81igy14la8unhm,2020,2021-01-24 20:30:00,2021,1,domingo,20,Fluminense FC,Botafogo FR,São Januário,Edina Alves Batista,No data,,24 de janeiro de 2021 20:30,2,0,home_win,0,https://optaplayerstats.statsperform.com/pt_BR/soccer/brasileir%C3%A3o-s%C3%A9rie-a-2020/1ruuku31y4hamxz48qnbvwfoq/match/view/50qlgyvwyua81igy14la8unhm,2,2,0,0,0,1,0,0,1,0,0,0,0,0,2,2,3,0,0,1,0,1.4,2.0,1.0,2.0,1.4,2.2,-0.8,2.8,0.2,0.4666666666666667,31,0.4666666666666666,0.0,0.0,0.0,5.0,0.4,2.4,-2.0,1.4,0.0,0.0,31,0.19999999999999998,1
316,512uizb9vx4jzvqjiqceu0okq,2020,2021-01-25 20:00:00,2021,1,segunda-feira,20,SC Corinthians Paulista,Red Bull Bragantino,Neo Química Arena,Bruno Arleu de Araújo,No data,,25 de janeiro de 2021 20:00,0,2,away_win,2,https://optaplayerstats.statsperform.com/pt_BR/soccer/brasileir%C3%A3o-s%C3%A9rie-a-2020/1ruuku31y4hamxz48qnbvwfoq/match/view/512uizb9vx4jzvqjiqceu0okq,0,5,0,0,0,0,0,2,4,0,0,0,0,0,2,-2,9,0,0,0,0,2.4,4.0,0.0,1.0,2.4,1.0,1.4,1.4,0.2,0.8,30,0.8666666666666667,2.0,3.0,1.0,1.0,2.4,1.4,1.0,1.6,0.0,0.6666666666666666,31,0.5333333333333333,1
317,3a4m6u5j1afnk5wn1ne905vfu,2020,2021-01-26 20:00:00,2021,1,terça-feira,20,SE Palmeiras,CR Vasco da Gama,Allianz Parque,Anderson Daronco,No data,,26 de janeiro de 2021 20:00,1,1,draw,1,https://optaplayerstats.statsperform.com/pt_BR/soccer/brasileir%C3%A3o-s%C3%A9rie-a-2020/1ruuku31y4hamxz48qnbvwfoq/match/view/3a4m6u5j1afnk5wn1ne905vfu,1,1,0,0,0,0,0,1,1,0,0,0,0,0,2,0,2,0,0,0,0,1.4,2.0,1.0,2.0,1.4,1.0,0.4,3.0,0.0,0.4666666666666667,31,0.8666666666666667,1.4,2.0,1.0,2.0,1.4,1.4,0.0,1.8,0.2,0.4666666666666667,31,0.13333333333333333,1
318,4thwy5rfttwk3xf8mcvimsgve,2020,2021-01-26 20:00:00,2021,1,terça-feira,20,Clube Atlético Mineiro,Santos FC Sao Paulo,Mineirão,Paulo Roberto Alves Júnior,No data,,26 de janeiro de 2021 20:00,2,0,home_win,0,https://optaplayerstats.statsperform.com/pt_BR/soccer/brasileir%C3%A3o-s%C3%A9rie-a-2020/1ruuku31y4hamxz48qnbvwfoq/match/view/4thwy5rfttwk3xf8mcvimsgve,2,1,0,0,0,0,0,0,1,0,0,0,0,0,2,2,2,0,0,0,0,1.6,2.0,2.0,1.0,2.0,1.4,0.6,1.0,0.0,0.5333333333333333,31,0.6666666666666666,1.4,2.0,1.0,2.0,1.4,1.6,-0.2,2.4,0.0,0.4666666666666667,31,0.19999999999999998,1
319,4xeu71y7hxo495z50x9iw8kmi,2020,2021-01-28 19:00:00,2021,1,quinta-feira,19,EC Bahia,SC Corinthians Paulista,Arena Fonte Nova,Ricardo Marques Ribeiro,No data,,28 de janeiro de 2021 19:00,2,1,home_win,0,https://optaplayerstats.statsperform.com/pt_BR/soccer/brasileir%C3%A3o-s%C3%A9rie-a-2020/1ruuku31y4hamxz48qnbvwfoq/match/view/4xeu71y7hxo495z50x9iw8kmi,2,3,0,0,0,0,0,1,1,0,0,0,0,0,3,1,4,0,0,0,0,0.8,1.0,1.0,3.0,0.8,1.4,-0.6,1.8,0.0,0.26666666666666666,31,0.39999999999999997,1.8,3.0,0.0,2.0,2.0,1.2,0.8,2.2,0.2,0.6,31,0.5333333333333333,1
320,4hiilcw75dfehwbnalcgwwl0q,2020,2021-01-28 20:00:00,2021,1,quinta-feira,20,Grêmio FB Porto Alegrense,CR Flamengo,Arena do Grêmio,Rodolpho Toski Marques,No data,,28 de janeiro de 2021 20:00,2,4,away_win,2,https://optaplayerstats.statsperform.com/pt_BR/soccer/brasileir%C3%A3o-s%C3%A9rie-a-2020/1ruuku31y4hamxz48qnbvwfoq/match/view/4hiilcw75dfehwbnalcgwwl0q,2,5,0,0,0,0,0,4,3,0,0,0,0,0,6,-2,8,0,0,0,0,1.2,1.0,3.0,1.0,1.0,1.0,0.0,1.8,0.0,0.4,31,0.8666666666666667,1.2,2.0,0.0,3.0,1.4,1.2,0.2,1.4,0.0,0.4,31,0.4666666666666666,1
321,52r923xyfn0j21mv2jus35sh6,2020,2021-01-31 16:00:00,2021,1,domingo,16,Atlético Goianiense,São Paulo FC,Estádio Antônio Accioly,Braulio da Silva Machado,No data,,31 de janeiro de 2021 16:00,2,1,home_win,0,https://optaplayerstats.statsperform.com/pt_BR/soccer/brasileir%C3%A3o-s%C3%A9rie-a-2020/1ruuku31y4hamxz48qnbvwfoq/match/view/52r923xyfn0j21mv2jus35sh6,2,3,0,0,0,0,0,1,1,0,0,0,0,0,3,1,4,0,0,0,0,1.6,2.0,2.0,1.0,1.4,1.0,0.4,2.6,0.0,0.5333333333333333,32,0.5333333333333333,0.4,0.0,2.0,3.0,1.0,2.4,-1.4,1.6,0.2,0.13333333333333333,32,0.4666666666666666,1
322,53b5d6fdkvziyyqph1wvbq1re,2020,2021-01-31 16:00:00,2021,1,domingo,16,Coritiba FBC,Grêmio FB Porto Alegrense,Couto Pereira,Vinicius Gonçalves Dias Araujo,No data,,31 de janeiro de 2021 16:00,1,1,draw,1,https://optaplayerstats.statsperform.com/pt_BR/soccer/brasileir%C3%A3o-s%C3%A9rie-a-2020/1ruuku31y4hamxz48qnbvwfoq/match/view/53b5d6fdkvziyyqph1wvbq1re,1,3,0,0,0,1,0,1,3,0,0,0,0,0,2,0,6,0,0,1,0,1.2,1.0,3.0,1.0,1.2,1.2,0.0,2.2,0.2,0.4,32,0.19999999999999998,0.6,0.0,3.0,2.0,1.0,1.6,-0.6,2.4,0.0,0.2,32,0.26666666666666666,1
323,53hzry83zy00njazsc532e5pm,2020,2021-01-31 16:00:00,2021,1,domingo,16,CR Vasco da Gama,EC Bahia,São Januário,Wilton Pereira Sampaio,No data,,31 de janeiro de 2021 16:00,0,0,draw,1,https://optaplayerstats.statsperform.com/pt_BR/soccer/brasileir%C3%A3o-s%C3%A9rie-a-2020/1ruuku31y4hamxz48qnbvwfoq/match/view/53hzry83zy00njazsc532e5pm,0,1,1,0,1,0,0,0,3,0,0,0,0,0,0,0,4,1,1,0,0,1.4,2.0,1.0,2.0,1.6,1.6,0.0,1.6,0.2,0.4666666666666667,32,0.6666666666666666,1.4,2.0,1.0,2.0,1.0,1.2,-0.2,1.8,0.0,0.4666666666666667,32,0.06666666666666667,1
324,53o9l4lw5e09occp9fkwrqtey,2020,2021-01-31 16:00:00,2021,1,domingo,16,Ceará SC,Club Athletico Paranaense,Castelão,Rodrigo D'Alonso Ferreira,No data,,31 de janeiro de 2021 16:00,0,2,away_win,2,https://optaplayerstats.statsperform.com/pt_BR/soccer/brasileir%C3%A3o-s%C3%A9rie-a-2020/1ruuku31y4hamxz48qnbvwfoq/match/view/53o9l4lw5e09occp9fkwrqtey,0,0,0,0,0,0,0,2,2,0,0,0,0,0,2,-2,2,0,0,0,0,1.8,3.0,0.0,2.0,1.8,1.0,0.8,2.2,0.4,0.6,32,0.26666666666666666,1.6,2.0,2.0,1.0,1.0,0.6,0.4,1.6,0.0,0.5333333333333333,32,0.4666666666666666,1
325,53vqt82e01vzz7ust7dvlqlwq,2020,2021-01-31 17:00:00,2021,1,domingo,17,Clube Atlético Mineiro,Fortaleza EC,Mineirão,Leandro Pedro Vuaden,No data,,31 de janeiro de 2021 17:00,2,0,home_win,0,https://optaplayerstats.statsperform.com/pt_BR/soccer/brasileir%C3%A3o-s%C3%A9rie-a-2020/1ruuku31y4hamxz48qnbvwfoq/match/view/53vqt82e01vzz7ust7dvlqlwq,2,0,0,0,0,0,0,0,1,0,0,0,0,0,2,2,1,0,0,0,0,1.6,2.0,2.0,1.0,2.0,1.4,0.6,1.2,0.0,0.5333333333333333,32,0.8666666666666667,0.8,1.0,1.0,3.0,0.8,1.4,-0.6,2.6,0.2,0.26666666666666666,32,0.19999999999999998,1
326,52ykbiitmxlsv1prc22e2nhii,2020,2021-01-31 18:15:00,2021,1,domingo,18,SC Internacional,Red Bull Bragantino,Beira-Rio,Sávio Pereira Sampaio,No data,,31 de janeiro de 2021 18:15,2,1,home_win,0,https://optaplayerstats.statsperform.com/pt_BR/soccer/brasileir%C3%A3o-s%C3%A9rie-a-2020/1ruuku31y4hamxz48qnbvwfoq/match/view/52ykbiitmxlsv1prc22e2nhii,2,3,0,0,0,1,0,1,0,0,0,0,0,0,3,1,3,0,0,1,0,3.0,5.0,0.0,0.0,2.8,0.8,2.0,1.4,0.0,1.0,32,1.0,2.6,4.0,1.0,0.0,2.8,1.2,1.6,2.4,0.0,0.8666666666666667,32,0.5333333333333333,1
327,5416tan7zd0s1lnzf8p1jsokq,2020,2021-01-31 20:30:00,2021,1,domingo,20,Fluminense FC,Goiás EC,Estádio Nilton Santos,Raphael Claus,No data,,31 de janeiro de 2021 20:30,3,0,home_win,0,https://optaplayerstats.statsperform.com/pt_BR/soccer/brasileir%C3%A3o-s%C3%A9rie-a-2020/1ruuku31y4hamxz48qnbvwfoq/match/view/5416tan7zd0s1lnzf8p1jsokq,3,1,0,0,0,0,0,0,2,0,0,0,0,0,3,3,3,0,0,0,0,2.0,3.0,1.0,1.0,1.6,1.8,-0.2,2.6,0.2,0.6666666666666666,32,0.6666666666666666,1.2,2.0,0.0,3.0,1.2,2.4,-1.2,3.0,0.0,0.4,32,0.6,1
328,52fqxlu5hyt9k6lnblkdhjqlm,2020,2021-02-01 20:00:00,2021,2,segunda-feira,20,SC do Recife,CR Flamengo,Ilha do Retiro,Rafael Traci,No data,,1 de fevereiro de 2021 20:00,0,3,away_win,2,https://optaplayerstats.statsperform.com/pt_BR/soccer/brasileir%C3%A3o-s%C3%A9rie-a-2020/1ruuku31y4hamxz48qnbvwfoq/match/view/52fqxlu5hyt9k6lnblkdhjqlm,0,2,0,0,0,0,0,3,2,0,0,0,0,0,3,-3,4,0,0,0,0,1.2,2.0,0.0,3.0,0.6,1.0,-0.4,2.4,0.2,0.4,32,0.6666666666666666,1.8,3.0,0.0,2.0,2.0,1.2,0.8,1.8,0.0,0.6,32,0.6666666666666666,1
329,52lg51omqqc9i7602gnmg9sve,2020,2021-02-02 16:00:00,2021,2,terça-feira,16,SE Palmeiras,Botafogo FR,Allianz Parque,Felipe Fernandes de Lima,No data,,2 de fevereiro de 2021 16:00,1,1,draw,1,https://optaplayerstats.statsperform.com/pt_BR/soccer/brasileir%C3%A3o-s%C3%A9rie-a-2020/1ruuku31y4hamxz48qnbvwfoq/match/view/52lg51omqqc9i7602gnmg9sve,1,2,0,0,0,0,0,1,1,0,0,0,0,0,2,0,3,0,0,0,0,1.0,1.0,2.0,2.0,1.4,1.2,0.2,2.6,0.0,0.3333333333333333,32,0.7333333333333334,0.0,0.0,0.0,5.0,0.4,2.4,-2.0,1.4,0.0,0.0,32,0.19999999999999998,1
330,54qfr4w1o3nx2ruv5t5ipoxuy,2020,2021-02-03 16:00:00,2021,2,quarta-feira,16,Grêmio FB Porto Alegrense,Santos FC Sao Paulo,Arena do Grêmio,Wilton Pereira Sampaio,No data,,3 de fevereiro de 2021 16:00,3,3,draw,1,https://optaplayerstats.statsperform.com/pt_BR/soccer/brasileir%C3%A3o-s%C3%A9rie-a-2020/1ruuku31y4hamxz48qnbvwfoq/match/view/54qfr4w1o3nx2ruv5t5ipoxuy,3,5,0,0,0,1,0,3,2,0,1,1,2,0,6,0,7,1,1,1,0,0.6,0.0,3.0,2.0,1.2,1.8,-0.6,2.4,0.0,0.2,33,0.6666666666666666,1.2,2.0,0.0,3.0,1.2,1.8,-0.6,2.2,0.0,0.4,32,0.19999999999999998,1
331,55uox72wzyiv3ncx0xqqr1hm2,2020,2021-02-03 19:15:00,2021,2,quarta-feira,19,Red Bull Bragantino,Atlético Goianiense,Nabizão,Paulo Roberto Alves Júnior,No data,,3 de fevereiro de 2021 19:15,2,0,home_win,0,https://optaplayerstats.statsperform.com/pt_BR/soccer/brasileir%C3%A3o-s%C3%A9rie-a-2020/1ruuku31y4hamxz48qnbvwfoq/match/view/55uox72wzyiv3ncx0xqqr1hm2,2,4,0,0,0,1,0,0,3,0,0,0,0,0,2,2,7,0,0,1,0,2.0,3.0,1.0,1.0,2.2,1.2,1.0,2.0,0.0,0.6666666666666666,33,0.6666666666666666,2.0,3.0,1.0,1.0,1.8,1.2,0.6,2.6,0.0,0.6666666666666666,33,0.6,1
332,5475fm3jtez2ejhbo1yjebjoq,2020,2021-02-03 21:30:00,2021,2,quarta-feira,21,EC Bahia,Fluminense FC,Arena Fonte Nova,Flavio Rodrigues De Souza,No data,,3 de fevereiro de 2021 21:30,0,1,away_win,2,https://optaplayerstats.statsperform.com/pt_BR/soccer/brasileir%C3%A3o-s%C3%A9rie-a-2020/1ruuku31y4hamxz48qnbvwfoq/match/view/5475fm3jtez2ejhbo1yjebjoq,0,1,0,0,0,0,0,1,1,0,0,0,0,0,1,-1,2,0,0,0,0,1.6,2.0,2.0,1.0,0.8,0.8,0.0,1.6,0.0,0.5333333333333333,33,0.39999999999999997,2.0,3.0,1.0,1.0,1.8,1.6,0.2,2.0,0.2,0.6666666666666666,33,0.3333333333333333,1
333,54wyr7gyy3tol4ftsx653cfvu,2020,2021-02-03 21:30:00,2021,2,quarta-feira,21,Goiás EC,Clube Atlético Mineiro,Estádio Hailé Pinheiro (Serrinha),Bruno Arleu de Araújo,No data,,3 de fevereiro de 2021 21:30,1,0,home_win,0,https://optaplayerstats.statsperform.com/pt_BR/soccer/brasileir%C3%A3o-s%C3%A9rie-a-2020/1ruuku31y4hamxz48qnbvwfoq/match/view/54wyr7gyy3tol4ftsx653cfvu,1,4,0,0,0,0,0,0,3,0,0,0,0,0,1,1,7,0,0,0,0,0.6,1.0,0.0,4.0,0.8,2.8,-2.0,2.8,0.0,0.2,33,0.26666666666666666,2.0,3.0,1.0,1.0,2.0,1.0,1.0,1.0,0.0,0.6666666666666666,33,0.3333333333333333,1
334,55odb0w121rqcty23p6ibbxpm,2020,2021-02-03 21:30:00,2021,2,quarta-feira,21,SC Corinthians Paulista,Ceará SC,Neo Química Arena,Heber Roberto Lopes,No data,,3 de fevereiro de 2021 21:30,2,1,home_win,0,https://optaplayerstats.statsperform.com/pt_BR/soccer/brasileir%C3%A3o-s%C3%A9rie-a-2020/1ruuku31y4hamxz48qnbvwfoq/match/view/55odb0w121rqcty23p6ibbxpm,2,0,0,0,0,1,0,1,0,0,0,0,0,0,3,1,0,0,0,1,0,1.2,2.0,0.0,3.0,1.8,1.6,0.2,2.2,0.2,0.4,32,0.7999999999999999,1.8,3.0,0.0,2.0,1.8,1.0,0.8,1.0,0.4,0.6,33,0.8666666666666667,1
335,55hyawmg9jtp9mx48gmbey73e,2020,2021-02-04 18:30:00,2021,2,quinta-feira,18,Fortaleza EC,Coritiba FBC,Castelão,Anderson Daronco,No data,,4 de fevereiro de 2021 18:30,3,1,home_win,0,https://optaplayerstats.statsperform.com/pt_BR/soccer/brasileir%C3%A3o-s%C3%A9rie-a-2020/1ruuku31y4hamxz48qnbvwfoq/match/view/55hyawmg9jtp9mx48gmbey73e,3,2,0,0,0,0,1,1,5,0,2,2,0,0,4,2,7,2,1,0,1,0.8,1.0,1.0,3.0,0.8,1.6,-0.8,2.6,0.2,0.26666666666666666,33,0.39999999999999997,1.4,1.0,4.0,0.0,1.2,1.0,0.2,2.0,0.2,0.4666666666666667,33,0.26666666666666666,1
336,54cpwnkqftllbnwgenfeoazje,2020,2021-02-04 21:00:00,2021,2,quinta-feira,21,CR Flamengo,CR Vasco da Gama,Estádio Jornalista Mário Filho (Maracanã),Raphael Claus,No data,,4 de fevereiro de 2021 21:00,2,0,home_win,0,https://optaplayerstats.statsperform.com/pt_BR/soccer/brasileir%C3%A3o-s%C3%A9rie-a-2020/1ruuku31y4hamxz48qnbvwfoq/match/view/54cpwnkqftllbnwgenfeoazje,2,1,0,0,0,1,0,0,3,0,0,0,0,0,2,2,4,0,0,1,0,2.4,4.0,0.0,1.0,2.6,0.8,1.8,1.6,0.0,0.8,33,0.6,1.0,1.0,2.0,2.0,1.0,1.6,-0.6,1.6,0.4,0.3333333333333333,33,0.13333333333333333,1
337,555jckgaumaq97sg4t7xf1u96,2020,2021-02-04 21:00:00,2021,2,quinta-feira,21,Club Athletico Paranaense,SC Internacional,Arena da Baixada,Ricardo Marques Ribeiro,No data,,4 de fevereiro de 2021 21:00,0,0,draw,1,https://optaplayerstats.statsperform.com/pt_BR/soccer/brasileir%C3%A3o-s%C3%A9rie-a-2020/1ruuku31y4hamxz48qnbvwfoq/match/view/555jckgaumaq97sg4t7xf1u96,0,3,0,0,0,0,0,0,2,0,0,0,0,0,0,0,5,0,0,0,0,1.6,2.0,2.0,1.0,1.0,0.6,0.4,1.6,0.0,0.5333333333333333,33,0.6666666666666666,3.0,5.0,0.0,0.0,2.8,1.0,1.8,1.2,0.0,1.0,33,0.7333333333333334,1
338,55bk07hyhm8s9v0pk4z2elhm2,2020,2021-02-05 20:00:00,2021,2,sexta-feira,20,Botafogo FR,SC do Recife,Estádio Nilton Santos,Luiz Flávio de Oliveira,No data,,5 de fevereiro de 2021 20:00,0,1,away_win,2,https://optaplayerstats.statsperform.com/pt_BR/soccer/brasileir%C3%A3o-s%C3%A9rie-a-2020/1ruuku31y4hamxz48qnbvwfoq/match/view/55bk07hyhm8s9v0pk4z2elhm2,0,1,0,0,0,0,0,1,3,0,0,0,1,0,1,-1,4,0,0,1,0,0.2,0.0,1.0,4.0,0.6,2.2,-1.6,1.0,0.0,0.06666666666666667,33,0.0,0.6,1.0,0.0,4.0,0.4,1.6,-1.2,2.2,0.2,0.2,33,0.0,1
339,57ppar6ixirv17xigqcds65pm,2020,2021-02-06 19:00:00,2021,2,sábado,19,EC Bahia,Goiás EC,Arena Fonte Nova,Rafael Traci,No data,,6 de fevereiro de 2021 19:00,3,3,draw,1,https://optaplayerstats.statsperform.com/pt_BR/soccer/brasileir%C3%A3o-s%C3%A9rie-a-2020/1ruuku31y4hamxz48qnbvwfoq/match/view/57ppar6ixirv17xigqcds65pm,3,3,1,0,1,0,0,3,4,0,0,0,0,0,6,0,7,1,1,0,0,1.4,2.0,1.0,2.0,0.6,0.8,-0.2,1.8,0.0,0.4666666666666667,34,0.39999999999999997,1.2,2.0,0.0,3.0,1.0,2.6,-1.6,3.2,0.0,0.4,34,0.39999999999999997,1
340,56k0mamfbtzjwf3b8l9h8qgkq,2020,2021-02-06 21:00:00,2021,2,sábado,21,Atlético Goianiense,Santos FC Sao Paulo,Estádio Antônio Accioly,Marcelo de Lima Henrique,No data,,6 de fevereiro de 2021 21:00,1,1,draw,1,https://optaplayerstats.statsperform.com/pt_BR/soccer/brasileir%C3%A3o-s%C3%A9rie-a-2020/1ruuku31y4hamxz48qnbvwfoq/match/view/56k0mamfbtzjwf3b8l9h8qgkq,1,2,1,0,1,1,0,1,2,0,0,0,1,0,2,0,4,1,1,1,0,1.8,3.0,0.0,2.0,1.6,1.4,0.2,2.8,0.0,0.6,34,0.7333333333333334,0.8,1.0,1.0,3.0,1.6,2.4,-0.8,1.8,0.2,0.26666666666666666,33,0.26666666666666666,1
341,560pa7cbqknax1dro0tyop4dm,2020,2021-02-07 20:30:00,2021,2,domingo,20,Red Bull Bragantino,CR Flamengo,Nabizão,Wilton Pereira Sampaio,No data,,7 de fevereiro de 2021 20:30,1,1,draw,1,https://optaplayerstats.statsperform.com/pt_BR/soccer/brasileir%C3%A3o-s%C3%A9rie-a-2020/1ruuku31y4hamxz48qnbvwfoq/match/view/560pa7cbqknax1dro0tyop4dm,1,5,0,0,0,0,0,1,2,0,0,0,1,0,2,0,7,0,0,1,0,2.4,4.0,0.0,1.0,2.2,0.8,1.4,2.0,0.0,0.8,34,0.6666666666666666,2.4,4.0,0.0,1.0,2.4,0.8,1.6,1.6,0.0,0.8,34,0.6666666666666666,1
342,56vdzg7xdcsxl7jh1nixgvlgq,2020,2021-02-08 20:00:00,2021,2,segunda-feira,20,Botafogo FR,Grêmio FB Porto Alegrense,Estádio Nilton Santos,Rodrigo D'Alonso Ferreira,No data,,8 de fevereiro de 2021 20:00,2,5,away_win,2,https://optaplayerstats.statsperform.com/pt_BR/soccer/brasileir%C3%A3o-s%C3%A9rie-a-2020/1ruuku31y4hamxz48qnbvwfoq/match/view/56vdzg7xdcsxl7jh1nixgvlgq,2,0,0,0,0,0,0,5,0,0,0,0,1,0,7,-3,0,0,0,1,0,0.2,0.0,1.0,4.0,0.6,1.8,-1.2,1.2,0.0,0.06666666666666667,34,0.0,0.6,0.0,3.0,2.0,1.6,2.2,-0.6,3.2,0.0,0.2,34,0.26666666666666666,1
343,574en5cvld0vcn9fit3qowui2,2020,2021-02-10 19:00:00,2021,2,quarta-feira,19,SC Internacional,SC do Recife,Beira-Rio,Rodolpho Toski Marques,No data,,10 de fevereiro de 2021 19:00,1,2,away_win,2,https://optaplayerstats.statsperform.com/pt_BR/soccer/brasileir%C3%A3o-s%C3%A9rie-a-2020/1ruuku31y4hamxz48qnbvwfoq/match/view/574en5cvld0vcn9fit3qowui2,1,2,2,0,2,0,0,2,4,0,0,0,0,0,3,-1,6,2,1,0,0,2.6,4.0,1.0,0.0,2.6,1.0,1.6,1.6,0.0,0.8666666666666667,34,1.0,1.2,2.0,0.0,3.0,0.6,1.4,-0.8,1.8,0.2,0.4,34,0.19999999999999998,1
344,566w7qj9hllhax3qq134dvgiy,2020,2021-02-10 19:15:00,2021,2,quarta-feira,19,Fortaleza EC,CR Vasco da Gama,Castelão,Braulio da Silva Machado,No data,,10 de fevereiro de 2021 19:15,3,0,home_win,0,https://optaplayerstats.statsperform.com/pt_BR/soccer/brasileir%C3%A3o-s%C3%A9rie-a-2020/1ruuku31y4hamxz48qnbvwfoq/match/view/566w7qj9hllhax3qq134dvgiy,3,2,0,0,0,0,0,0,4,0,0,0,0,0,3,3,6,0,0,0,0,1.2,2.0,0.0,3.0,1.4,1.8,-0.4,2.2,0.2,0.4,34,0.5333333333333333,1.0,1.0,2.0,2.0,1.0,1.8,-0.8,1.8,0.2,0.3333333333333333,34,0.13333333333333333,1
345,57i18adv7wg1rvdl9vcxa0wh6,2020,2021-02-10 21:00:00,2021,2,quarta-feira,21,São Paulo FC,Ceará SC,Morumbi,Sávio Pereira Sampaio,No data,,10 de fevereiro de 2021 21:00,1,1,draw,1,https://optaplayerstats.statsperform.com/pt_BR/soccer/brasileir%C3%A3o-s%C3%A9rie-a-2020/1ruuku31y4hamxz48qnbvwfoq/match/view/57i18adv7wg1rvdl9vcxa0wh6,1,4,0,0,0,0,0,1,5,0,0,0,0,0,2,0,9,0,0,0,0,0.4,0.0,2.0,3.0,0.8,2.0,-1.2,1.4,0.0,0.13333333333333333,33,0.4666666666666666,1.2,2.0,0.0,3.0,1.6,1.4,0.2,0.8,0.2,0.4,34,0.6666666666666666,1
346,56pg1sdslvfbkx5r30sdhcd4a,2020,2021-02-10 21:30:00,2021,2,quarta-feira,21,Fluminense FC,Clube Atlético Mineiro,Estádio Jornalista Mário Filho (Maracanã),Luiz Flávio de Oliveira,No data,,10 de fevereiro de 2021 21:30,0,0,draw,1,https://optaplayerstats.statsperform.com/pt_BR/soccer/brasileir%C3%A3o-s%C3%A9rie-a-2020/1ruuku31y4hamxz48qnbvwfoq/match/view/56pg1sdslvfbkx5r30sdhcd4a,0,0,0,0,0,0,0,0,1,0,0,0,0,0,0,0,1,0,0,0,0,2.6,4.0,1.0,0.0,2.0,0.6,1.4,1.8,0.2,0.8666666666666667,34,0.7999999999999999,1.4,2.0,1.0,2.0,1.4,1.0,0.4,1.2,0.0,0.4666666666666667,34,0.13333333333333333,1
347,57bq63vzu3or6y812k56wd1t6,2020,2021-02-10 21:30:00,2021,2,quarta-feira,21,SC Corinthians Paulista,Club Athletico Paranaense,Neo Química Arena,Jean Pierre Goncalves Lima,No data,,10 de fevereiro de 2021 21:30,3,3,draw,1,https://optaplayerstats.statsperform.com/pt_BR/soccer/brasileir%C3%A3o-s%C3%A9rie-a-2020/1ruuku31y4hamxz48qnbvwfoq/match/view/57bq63vzu3or6y812k56wd1t6,3,3,0,0,0,0,0,3,0,0,0,0,0,0,6,0,3,0,0,0,0,1.2,2.0,0.0,3.0,1.2,1.8,-0.6,2.0,0.2,0.4,33,0.7999999999999999,1.6,2.0,2.0,1.0,1.0,0.6,0.4,2.0,0.0,0.5333333333333333,34,0.6666666666666666,1
348,588qsfeex8kazzuxjm3b5c7l6,2020,2021-02-13 17:00:00,2021,2,sábado,17,Goiás EC,Botafogo FR,Estádio Hailé Pinheiro (Serrinha),Felipe Fernandes de Lima,No data,,13 de fevereiro de 2021 17:00,2,0,home_win,0,https://optaplayerstats.statsperform.com/pt_BR/soccer/brasileir%C3%A3o-s%C3%A9rie-a-2020/1ruuku31y4hamxz48qnbvwfoq/match/view/588qsfeex8kazzuxjm3b5c7l6,2,4,0,0,0,0,0,0,4,1,0,1,0,0,2,2,8,1,1,0,0,1.4,2.0,1.0,2.0,1.6,2.6,-1.0,3.0,0.0,0.4666666666666667,35,0.4666666666666666,0.2,0.0,1.0,4.0,0.8,2.4,-1.6,1.0,0.0,0.06666666666666667,35,0.26666666666666666,1
349,593xi0yss3z2pucdt0im4f816,2020,2021-02-13 19:00:00,2021,2,sábado,19,Clube Atlético Mineiro,EC Bahia,Mineirão,Raphael Claus,No data,,13 de fevereiro de 2021 19:00,1,1,draw,1,https://optaplayerstats.statsperform.com/pt_BR/soccer/brasileir%C3%A3o-s%C3%A9rie-a-2020/1ruuku31y4hamxz48qnbvwfoq/match/view/593xi0yss3z2pucdt0im4f816,1,1,0,0,0,0,0,1,1,0,0,0,0,0,2,0,2,0,0,0,0,1.4,2.0,1.0,2.0,1.2,0.8,0.4,1.2,0.0,0.4666666666666667,35,0.8666666666666667,1.0,1.0,2.0,2.0,1.0,1.4,-0.4,2.0,0.2,0.3333333333333333,35,0.13333333333333333,1
350,59a80fvjmbngsnrpg4ut240oa,2020,2021-02-13 19:00:00,2021,2,sábado,19,Santos FC Sao Paulo,Coritiba FBC,Vila Belmiro,Bruno Arleu de Araújo,No data,,13 de fevereiro de 2021 19:00,2,0,home_win,0,https://optaplayerstats.statsperform.com/pt_BR/soccer/brasileir%C3%A3o-s%C3%A9rie-a-2020/1ruuku31y4hamxz48qnbvwfoq/match/view/59a80fvjmbngsnrpg4ut240oa,2,0,0,0,0,0,0,0,4,0,0,0,0,0,2,2,4,0,0,0,0,0.4,0.0,2.0,3.0,1.4,2.4,-1.0,1.8,0.2,0.13333333333333333,34,0.5333333333333333,1.2,1.0,3.0,1.0,1.4,1.6,-0.2,2.6,0.6,0.4,34,0.26666666666666666,1
351,58stpa9h9mt0orqivx5zn1kru,2020,2021-02-14 16:00:00,2021,2,domingo,16,CR Flamengo,SC Corinthians Paulista,Estádio Jornalista Mário Filho (Maracanã),Rafael Traci,No data,,14 de fevereiro de 2021 16:00,2,1,home_win,0,https://optaplayerstats.statsperform.com/pt_BR/soccer/brasileir%C3%A3o-s%C3%A9rie-a-2020/1ruuku31y4hamxz48qnbvwfoq/match/view/58stpa9h9mt0orqivx5zn1kru,2,1,0,0,0,0,0,1,5,0,0,0,0,0,3,1,6,0,0,0,0,2.0,3.0,1.0,1.0,2.2,1.0,1.2,1.6,0.0,0.6666666666666666,35,0.6,1.4,2.0,1.0,2.0,1.8,1.6,0.2,2.0,0.0,0.4666666666666667,34,0.4666666666666666,1
352,58xy5v0c0a8n0ei6p5nm9xw8a,2020,2021-02-14 16:00:00,2021,2,domingo,16,CR Vasco da Gama,SC Internacional,São Januário,Flavio Rodrigues De Souza,No data,,14 de fevereiro de 2021 16:00,0,2,away_win,2,https://optaplayerstats.statsperform.com/pt_BR/soccer/brasileir%C3%A3o-s%C3%A9rie-a-2020/1ruuku31y4hamxz48qnbvwfoq/match/view/58xy5v0c0a8n0ei6p5nm9xw8a,0,1,0,0,0,0,0,2,6,0,0,0,0,0,2,-2,7,0,0,0,0,1.0,1.0,2.0,2.0,0.8,1.6,-0.8,2.6,0.2,0.3333333333333333,35,0.6666666666666666,2.0,3.0,1.0,1.0,2.0,1.0,1.0,2.0,0.4,0.6666666666666666,35,0.7333333333333334,1
353,59hrqqlpbexoafbbswcugj0q2,2020,2021-02-14 18:15:00,2021,2,domingo,18,SE Palmeiras,Fortaleza EC,Allianz Parque,Ricardo Marques Ribeiro,No data,,14 de fevereiro de 2021 18:15,3,0,home_win,0,https://optaplayerstats.statsperform.com/pt_BR/soccer/brasileir%C3%A3o-s%C3%A9rie-a-2020/1ruuku31y4hamxz48qnbvwfoq/match/view/59hrqqlpbexoafbbswcugj0q2,3,0,0,0,0,0,0,0,3,0,0,0,0,0,3,3,3,0,0,0,0,1.0,1.0,2.0,2.0,1.4,1.2,0.2,2.4,0.0,0.3333333333333333,33,0.6,1.8,3.0,0.0,2.0,1.6,1.0,0.6,2.0,0.2,0.6,35,0.0,1
354,59nf2dxi6138awimlfmov50tm,2020,2021-02-14 18:15:00,2021,2,domingo,18,Club Athletico Paranaense,Atlético Goianiense,Arena da Baixada,Wagner do Nascimento Magalhaes,No data,,14 de fevereiro de 2021 18:15,2,1,home_win,0,https://optaplayerstats.statsperform.com/pt_BR/soccer/brasileir%C3%A3o-s%C3%A9rie-a-2020/1ruuku31y4hamxz48qnbvwfoq/match/view/59nf2dxi6138awimlfmov50tm,2,3,0,0,0,0,0,1,1,0,0,0,0,0,3,1,4,0,0,0,0,1.6,2.0,2.0,1.0,1.4,1.0,0.4,1.4,0.0,0.5333333333333333,35,0.5333333333333333,2.0,3.0,1.0,1.0,1.6,1.0,0.6,2.6,0.2,0.6666666666666666,35,0.39999999999999997,1
355,58fanf4nzsoyqsx1sndelnn8q,2020,2021-02-14 20:30:00,2021,2,domingo,20,Grêmio FB Porto Alegrense,São Paulo FC,Arena do Grêmio,Paulo Roberto Alves Júnior,No data,,14 de fevereiro de 2021 20:30,1,2,away_win,2,https://optaplayerstats.statsperform.com/pt_BR/soccer/brasileir%C3%A3o-s%C3%A9rie-a-2020/1ruuku31y4hamxz48qnbvwfoq/match/view/58fanf4nzsoyqsx1sndelnn8q,1,5,0,1,1,0,0,2,4,0,0,0,0,0,3,-1,9,1,1,0,0,1.0,1.0,2.0,2.0,2.4,2.4,0.0,3.0,0.0,0.3333333333333333,35,0.5333333333333333,0.6,0.0,3.0,2.0,1.0,2.0,-1.0,1.8,0.0,0.2,34,0.26666666666666666,1
356,5804sj0num46izt53hj1acxgq,2020,2021-02-15 18:00:00,2021,2,segunda-feira,18,Ceará SC,Fluminense FC,Castelão,Wilton Pereira Sampaio,No data,,15 de fevereiro de 2021 18:00,1,3,away_win,2,https://optaplayerstats.statsperform.com/pt_BR/soccer/brasileir%C3%A3o-s%C3%A9rie-a-2020/1ruuku31y4hamxz48qnbvwfoq/match/view/5804sj0num46izt53hj1acxgq,1,1,0,0,0,1,0,3,1,0,0,0,0,0,4,-2,2,0,0,1,0,1.4,2.0,1.0,2.0,1.6,1.2,0.4,1.6,0.2,0.4666666666666667,35,0.19999999999999998,2.2,3.0,2.0,0.0,1.8,0.6,1.2,1.6,0.2,0.7333333333333333,35,0.4666666666666666,1
357,58mxd0p12d3l3t4eks6kbwyne,2020,2021-02-15 20:00:00,2021,2,segunda-feira,20,SC do Recife,Red Bull Bragantino,Ilha do Retiro,Leandro Pedro Vuaden,No data,,15 de fevereiro de 2021 20:00,0,0,draw,1,https://optaplayerstats.statsperform.com/pt_BR/soccer/brasileir%C3%A3o-s%C3%A9rie-a-2020/1ruuku31y4hamxz48qnbvwfoq/match/view/58mxd0p12d3l3t4eks6kbwyne,0,3,0,0,0,0,0,0,0,0,0,0,0,0,0,0,3,0,0,0,0,1.8,3.0,0.0,2.0,1.0,1.4,-0.4,2.4,0.0,0.6,35,0.4666666666666666,2.0,3.0,1.0,1.0,2.0,0.8,1.2,2.6,0.0,0.6666666666666666,35,0.4666666666666666,1
358,5350xkorg2p7z67lrmd3cgk8a,2020,2021-02-17 19:00:00,2021,2,quarta-feira,19,Santos FC Sao Paulo,SC Corinthians Paulista,Vila Belmiro,Vinicius Gonçalves Dias Araujo,No data,,17 de fevereiro de 2021 19:00,1,0,home_win,0,https://optaplayerstats.statsperform.com/pt_BR/soccer/brasileir%C3%A3o-s%C3%A9rie-a-2020/1ruuku31y4hamxz48qnbvwfoq/match/view/5350xkorg2p7z67lrmd3cgk8a,1,0,0,0,0,0,0,0,0,0,0,0,0,0,1,1,0,0,0,0,0,1.0,1.0,2.0,2.0,1.8,2.0,-0.2,1.8,0.2,0.3333333333333333,35,0.5333333333333333,0.8,1.0,1.0,3.0,1.4,2.0,-0.6,2.8,0.0,0.26666666666666666,35,0.26666666666666666,1
359,56e60q2qk31zaj85hk64asktm,2020,2021-02-17 19:30:00,2021,2,quarta-feira,19,Coritiba FBC,SE Palmeiras,Couto Pereira,Ramon Abatti,No data,,17 de fevereiro de 2021 19:30,1,0,home_win,0,https://optaplayerstats.statsperform.com/pt_BR/soccer/brasileir%C3%A3o-s%C3%A9rie-a-2020/1ruuku31y4hamxz48qnbvwfoq/match/view/56e60q2qk31zaj85hk64asktm,1,2,0,0,0,0,0,0,3,1,0,1,0,0,1,1,5,1,1,0,0,0.6,0.0,3.0,2.0,1.2,2.0,-0.8,3.0,0.6,0.2,35,0.19999999999999998,1.0,1.0,2.0,2.0,1.2,1.2,0.0,2.0,0.0,0.3333333333333333,34,0.26666666666666666,1
360,54id531laib9e5qz6pe1factm,2020,2021-02-19 21:30:00,2021,2,sexta-feira,21,São Paulo FC,SE Palmeiras,Morumbi,Leandro Pedro Vuaden,No data,,19 de fevereiro de 2021 21:30,1,1,draw,1,https://optaplayerstats.statsperform.com/pt_BR/soccer/brasileir%C3%A3o-s%C3%A9rie-a-2020/1ruuku31y4hamxz48qnbvwfoq/match/view/54id531laib9e5qz6pe1factm,1,2,0,0,0,1,0,1,2,0,0,0,0,0,2,0,4,0,0,1,0,1.0,1.0,2.0,2.0,1.2,2.0,-0.8,2.4,0.0,0.3333333333333333,35,0.3333333333333333,1.0,1.0,2.0,2.0,1.2,1.0,0.2,2.2,0.2,0.3333333333333333,35,0.19999999999999998,1
361,5bcjzts0pufezks6vvyzh3mne,2020,2021-02-20 18:30:00,2021,2,sábado,18,Coritiba FBC,Ceará SC,Couto Pereira,Marcelo de Lima Henrique,No data,,20 de fevereiro de 2021 18:30,0,2,away_win,2,https://optaplayerstats.statsperform.com/pt_BR/soccer/brasileir%C3%A3o-s%C3%A9rie-a-2020/1ruuku31y4hamxz48qnbvwfoq/match/view/5bcjzts0pufezks6vvyzh3mne,0,1,0,0,0,0,0,2,0,0,0,0,0,0,2,-2,1,0,0,0,0,1.0,1.0,2.0,2.0,0.8,1.4,-0.6,3.2,0.4,0.3333333333333333,36,0.39999999999999997,0.8,1.0,1.0,3.0,1.0,1.8,-0.8,1.8,0.2,0.26666666666666666,36,0.5333333333333333,1
362,5au93hemca2f8mvkgg1u5cui2,2020,2021-02-20 21:00:00,2021,2,sábado,21,Fortaleza EC,EC Bahia,Castelão,Luiz Flávio de Oliveira,No data,,20 de fevereiro de 2021 21:00,0,4,away_win,2,https://optaplayerstats.statsperform.com/pt_BR/soccer/brasileir%C3%A3o-s%C3%A9rie-a-2020/1ruuku31y4hamxz48qnbvwfoq/match/view/5au93hemca2f8mvkgg1u5cui2,0,4,0,1,1,0,0,4,3,0,0,0,1,0,4,-4,7,1,1,1,0,1.2,2.0,0.0,3.0,1.2,1.6,-0.4,2.0,0.2,0.4,36,0.7333333333333334,1.2,1.0,3.0,1.0,1.2,1.2,0.0,2.2,0.2,0.4,36,0.19999999999999998,1
363,5a0g4ojgqnjphubm769yktpii,2020,2021-02-21 16:00:00,2021,2,domingo,16,SC Corinthians Paulista,CR Vasco da Gama,Neo Química Arena,Anderson Daronco,No data,,21 de fevereiro de 2021 16:00,0,0,draw,1,https://optaplayerstats.statsperform.com/pt_BR/soccer/brasileir%C3%A3o-s%C3%A9rie-a-2020/1ruuku31y4hamxz48qnbvwfoq/match/view/5a0g4ojgqnjphubm769yktpii,0,1,0,0,0,0,0,0,2,0,0,0,0,0,0,0,3,0,0,0,0,0.8,1.0,1.0,3.0,1.4,1.8,-0.4,1.8,0.0,0.26666666666666666,36,0.6666666666666666,0.4,0.0,2.0,3.0,0.2,1.6,-1.4,2.0,0.2,0.13333333333333333,36,0.13333333333333333,1
364,5aic67ydepd2e9zf0gbef0odm,2020,2021-02-21 16:00:00,2021,2,domingo,16,SC do Recife,Clube Atlético Mineiro,Ilha do Retiro,Rodolpho Toski Marques,No data,,21 de fevereiro de 2021 16:00,2,3,away_win,2,https://optaplayerstats.statsperform.com/pt_BR/soccer/brasileir%C3%A3o-s%C3%A9rie-a-2020/1ruuku31y4hamxz48qnbvwfoq/match/view/5aic67ydepd2e9zf0gbef0odm,2,4,0,0,0,1,0,3,5,1,0,1,0,1,5,-1,9,1,1,1,1,2.0,3.0,1.0,1.0,1.0,0.8,0.2,3.0,0.0,0.6666666666666666,36,0.4666666666666666,1.6,2.0,2.0,1.0,1.0,0.4,0.6,1.2,0.0,0.5333333333333333,36,0.19999999999999998,1
365,5anl2g0nc3td70vwt0go3obca,2020,2021-02-21 16:00:00,2021,2,domingo,16,CR Flamengo,SC Internacional,Estádio Jornalista Mário Filho (Maracanã),Raphael Claus,No data,,21 de fevereiro de 2021 16:00,2,1,home_win,0,https://optaplayerstats.statsperform.com/pt_BR/soccer/brasileir%C3%A3o-s%C3%A9rie-a-2020/1ruuku31y4hamxz48qnbvwfoq/match/view/5anl2g0nc3td70vwt0go3obca,2,4,0,0,0,0,0,1,0,1,0,1,1,0,3,1,4,1,1,1,0,2.6,4.0,1.0,0.0,2.4,0.8,1.6,1.8,0.0,0.8666666666666667,36,0.6,2.0,3.0,1.0,1.0,1.4,0.8,0.6,3.0,0.4,0.6666666666666666,36,0.8666666666666667,1
366,59usi9b2cl3iv2y4qcs0f0jmy,2020,2021-02-21 18:15:00,2021,2,domingo,18,Santos FC Sao Paulo,Fluminense FC,Vila Belmiro,Sávio Pereira Sampaio,No data,,21 de fevereiro de 2021 18:15,1,1,draw,1,https://optaplayerstats.statsperform.com/pt_BR/soccer/brasileir%C3%A3o-s%C3%A9rie-a-2020/1ruuku31y4hamxz48qnbvwfoq/match/view/59usi9b2cl3iv2y4qcs0f0jmy,1,3,0,0,0,0,0,1,4,1,0,1,0,0,2,0,7,1,1,0,0,1.6,2.0,2.0,1.0,1.4,1.2,0.2,1.0,0.2,0.5333333333333333,36,0.6666666666666666,2.6,4.0,1.0,0.0,1.8,0.2,1.6,1.0,0.0,0.8666666666666667,36,0.6666666666666666,1
367,5b504vk1k7rscb55ajf6tumi2,2020,2021-02-21 18:15:00,2021,2,domingo,18,Grêmio FB Porto Alegrense,Club Athletico Paranaense,Arena do Grêmio,Ricardo Marques Ribeiro,No data,,21 de fevereiro de 2021 18:15,1,0,home_win,0,https://optaplayerstats.statsperform.com/pt_BR/soccer/brasileir%C3%A3o-s%C3%A9rie-a-2020/1ruuku31y4hamxz48qnbvwfoq/match/view/5b504vk1k7rscb55ajf6tumi2,1,3,0,0,0,0,0,0,1,2,0,2,0,0,1,1,4,2,1,0,0,1.0,1.0,2.0,2.0,2.4,2.4,0.0,3.6,0.2,0.3333333333333333,36,0.3333333333333333,2.2,3.0,2.0,0.0,1.8,1.0,0.8,2.0,0.0,0.7333333333333333,36,0.5333333333333333,1
368,5adae4foadxk6ldpnme24bsru,2020,2021-02-21 20:30:00,2021,2,domingo,20,Goiás EC,Red Bull Bragantino,Estádio Hailé Pinheiro (Serrinha),Jean Pierre Goncalves Lima,No data,,21 de fevereiro de 2021 20:30,0,0,draw,1,https://optaplayerstats.statsperform.com/pt_BR/soccer/brasileir%C3%A3o-s%C3%A9rie-a-2020/1ruuku31y4hamxz48qnbvwfoq/match/view/5adae4foadxk6ldpnme24bsru,0,3,0,0,0,0,0,0,0,0,0,0,0,0,0,0,3,0,0,0,0,2.0,3.0,1.0,1.0,2.0,1.8,0.2,3.6,0.0,0.6666666666666666,36,0.6,1.6,2.0,2.0,1.0,1.2,0.6,0.6,2.6,0.0,0.5333333333333333,36,0.4666666666666666,1
369,5bjnlaqevqp1311x0mmqo9rai,2020,2021-02-22 18:00:00,2021,2,segunda-feira,18,SE Palmeiras,Atlético Goianiense,Allianz Parque,Caio Max Augusto Vieira,No data,,22 de fevereiro de 2021 18:00,1,1,draw,1,https://optaplayerstats.statsperform.com/pt_BR/soccer/brasileir%C3%A3o-s%C3%A9rie-a-2020/1ruuku31y4hamxz48qnbvwfoq/match/view/5bjnlaqevqp1311x0mmqo9rai,1,2,0,0,0,0,0,1,1,0,0,0,0,0,2,0,3,0,0,0,0,1.2,1.0,3.0,1.0,1.2,0.8,0.4,1.6,0.2,0.4,36,0.6,1.4,2.0,1.0,2.0,1.2,1.2,0.0,2.2,0.2,0.4666666666666667,36,0.19999999999999998,1
370,5a6r0q76zm6dkqbin46nw0h2i,2020,2021-02-22 20:00:00,2021,2,segunda-feira,20,Botafogo FR,São Paulo FC,Estádio Nilton Santos,Braulio da Silva Machado,No data,,22 de fevereiro de 2021 20:00,1,0,home_win,0,https://optaplayerstats.statsperform.com/pt_BR/soccer/brasileir%C3%A3o-s%C3%A9rie-a-2020/1ruuku31y4hamxz48qnbvwfoq/match/view/5a6r0q76zm6dkqbin46nw0h2i,1,3,0,0,0,0,0,0,6,1,0,1,0,0,1,1,9,1,1,0,0,0.2,0.0,1.0,4.0,0.6,2.2,-1.6,1.4,0.2,0.06666666666666667,36,0.0,1.2,1.0,3.0,1.0,1.2,1.2,0.0,2.4,0.0,0.4,36,0.4666666666666666,1
371,5bq1ox3fs09mb7wa5smq7h1t6,2020,2021-02-25 21:30:00,2021,2,quinta-feira,21,São Paulo FC,CR Flamengo,Morumbi,Rodolpho Toski Marques,No data,,25 de fevereiro de 2021 21:30,2,1,home_win,0,https://optaplayerstats.statsperform.com/pt_BR/soccer/brasileir%C3%A3o-s%C3%A9rie-a-2020/1ruuku31y4hamxz48qnbvwfoq/match/view/5bq1ox3fs09mb7wa5smq7h1t6,2,6,0,0,0,0,0,1,3,0,0,0,0,0,3,1,9,0,0,0,0,1.0,1.0,2.0,2.0,1.0,1.2,-0.2,3.4,0.2,0.3333333333333333,37,0.19999999999999998,2.6,4.0,1.0,0.0,2.0,0.6,1.4,2.0,0.0,0.8666666666666667,37,0.6666666666666666,1
372,5bxcq20w8fn3csbwba4ikuhyi,2020,2021-02-25 21:30:00,2021,2,quinta-feira,21,Ceará SC,Botafogo FR,Castelão,Raphael Claus,No data,,25 de fevereiro de 2021 21:30,2,1,home_win,0,https://optaplayerstats.statsperform.com/pt_BR/soccer/brasileir%C3%A3o-s%C3%A9rie-a-2020/1ruuku31y4hamxz48qnbvwfoq/match/view/5bxcq20w8fn3csbwba4ikuhyi,2,3,0,1,1,0,0,1,0,0,0,0,1,0,3,1,3,1,1,1,0,0.8,1.0,1.0,3.0,1.0,1.6,-0.6,1.2,0.0,0.26666666666666666,37,0.19999999999999998,0.8,1.0,1.0,3.0,0.8,1.8,-1.0,1.8,0.2,0.26666666666666666,37,0.06666666666666667,1
373,5c4mihxouhmdqsr05z84sqwdm,2020,2021-02-25 21:30:00,2021,2,quinta-feira,21,Clube Atlético Mineiro,SE Palmeiras,Mineirão,Heber Roberto Lopes,No data,,25 de fevereiro de 2021 21:30,2,0,home_win,0,https://optaplayerstats.statsperform.com/pt_BR/soccer/brasileir%C3%A3o-s%C3%A9rie-a-2020/1ruuku31y4hamxz48qnbvwfoq/match/view/5c4mihxouhmdqsr05z84sqwdm,2,3,0,0,0,0,0,0,0,0,0,0,0,0,2,2,3,0,0,0,0,1.6,2.0,2.0,1.0,1.2,0.8,0.4,2.0,0.2,0.5333333333333333,37,0.8666666666666667,1.2,1.0,3.0,1.0,1.2,0.8,0.4,1.8,0.2,0.4,37,0.26666666666666666,1
374,5cas76zm42pd23hp15ixn51m2,2020,2021-02-25 21:30:00,2021,2,quinta-feira,21,EC Bahia,Santos FC Sao Paulo,Arena Fonte Nova,Paulo Roberto Alves Júnior,No data,,25 de fevereiro de 2021 21:30,2,0,home_win,0,https://optaplayerstats.statsperform.com/pt_BR/soccer/brasileir%C3%A3o-s%C3%A9rie-a-2020/1ruuku31y4hamxz48qnbvwfoq/match/view/5cas76zm42pd23hp15ixn51m2,2,0,0,0,0,0,0,0,0,0,0,0,0,0,2,2,0,0,0,0,0,1.2,1.0,3.0,1.0,1.6,1.0,0.6,2.2,0.2,0.4,37,0.4666666666666666,1.8,2.0,3.0,0.0,1.6,1.0,0.6,1.4,0.2,0.6,37,0.3333333333333333,1
375,5cizzldqglox2hjx6vwo749yi,2020,2021-02-25 21:30:00,2021,2,quinta-feira,21,SC Internacional,SC Corinthians Paulista,Beira-Rio,Wilton Pereira Sampaio,No data,,25 de fevereiro de 2021 21:30,0,0,draw,1,https://optaplayerstats.statsperform.com/pt_BR/soccer/brasileir%C3%A3o-s%C3%A9rie-a-2020/1ruuku31y4hamxz48qnbvwfoq/match/view/5cizzldqglox2hjx6vwo749yi,0,0,0,0,0,0,0,0,2,0,0,0,0,0,0,0,2,0,0,0,0,1.4,2.0,1.0,2.0,1.2,1.0,0.2,2.6,0.6,0.4666666666666667,37,0.7999999999999999,1.0,1.0,2.0,2.0,1.2,1.4,-0.2,1.8,0.0,0.3333333333333333,37,0.19999999999999998,1
376,5cnzla0vcb4s6mo24thdfx08a,2020,2021-02-25 21:30:00,2021,2,quinta-feira,21,Red Bull Bragantino,Grêmio FB Porto Alegrense,Nabizão,Ramon Abatti,No data,,25 de fevereiro de 2021 21:30,1,0,home_win,0,https://optaplayerstats.statsperform.com/pt_BR/soccer/brasileir%C3%A3o-s%C3%A9rie-a-2020/1ruuku31y4hamxz48qnbvwfoq/match/view/5cnzla0vcb4s6mo24thdfx08a,1,4,0,0,0,0,0,0,0,0,0,0,0,0,1,1,4,0,0,0,0,1.2,1.0,3.0,1.0,0.8,0.6,0.2,1.8,0.0,0.4,37,0.7333333333333334,1.6,2.0,2.0,1.0,2.2,1.6,0.6,3.2,0.2,0.5333333333333333,37,0.39999999999999997,1
377,5csvm0e0talxeblgjm6y3jpey,2020,2021-02-25 21:30:00,2021,2,quinta-feira,21,Club Athletico Paranaense,SC do Recife,Arena da Baixada,Flavio Rodrigues De Souza,No data,,25 de fevereiro de 2021 21:30,2,0,home_win,0,https://optaplayerstats.statsperform.com/pt_BR/soccer/brasileir%C3%A3o-s%C3%A9rie-a-2020/1ruuku31y4hamxz48qnbvwfoq/match/view/5csvm0e0talxeblgjm6y3jpey,2,0,0,0,0,0,0,0,2,0,0,0,0,0,2,2,2,0,0,0,0,1.6,2.0,2.0,1.0,1.4,1.0,0.4,1.8,0.4,0.5333333333333333,37,0.7333333333333334,1.4,2.0,1.0,2.0,1.0,1.4,-0.4,3.2,0.0,0.4666666666666667,37,0.39999999999999997,1
378,5cyigdbha3qv6ew6j1rtszqsq,2020,2021-02-25 21:30:00,2021,2,quinta-feira,21,Atlético Goianiense,Coritiba FBC,Estádio Antônio Accioly,Edina Alves Batista,No data,,25 de fevereiro de 2021 21:30,3,1,home_win,0,https://optaplayerstats.statsperform.com/pt_BR/soccer/brasileir%C3%A3o-s%C3%A9rie-a-2020/1ruuku31y4hamxz48qnbvwfoq/match/view/5cyigdbha3qv6ew6j1rtszqsq,3,0,0,0,0,0,1,1,1,0,0,0,0,0,4,2,1,0,0,0,1,1.0,1.0,2.0,2.0,1.0,1.4,-0.4,2.0,0.2,0.3333333333333333,37,0.6,0.8,1.0,1.0,3.0,0.6,1.6,-1.0,3.0,0.4,0.26666666666666666,37,0.26666666666666666,1
379,5d46e8kgq8mrw7hkziufa61d6,2020,2021-02-25 21:30:00,2021,2,quinta-feira,21,Fluminense FC,Fortaleza EC,Estádio Jornalista Mário Filho (Maracanã),Anderson Daronco,No data,,25 de fevereiro de 2021 21:30,2,0,home_win,0,https://optaplayerstats.statsperform.com/pt_BR/soccer/brasileir%C3%A3o-s%C3%A9rie-a-2020/1ruuku31y4hamxz48qnbvwfoq/match/view/5d46e8kgq8mrw7hkziufa61d6,2,0,0,0,0,0,0,0,0,0,0,0,0,0,2,2,0,0,0,0,0,2.2,3.0,2.0,0.0,1.6,0.4,1.2,1.4,0.2,0.7333333333333333,37,0.6666666666666666,1.2,2.0,0.0,3.0,1.2,2.0,-0.8,2.4,0.2,0.4,37,0.0,1
380,5d9g78zocz08wn1ng2qm0odii,2020,2021-02-25 21:30:00,2021,2,quinta-feira,21,CR Vasco da Gama,Goiás EC,São Januário,Leandro Pedro Vuaden,No data,,25 de fevereiro de 2021 21:30,3,2,home_win,0,https://optaplayerstats.statsperform.com/pt_BR/soccer/brasileir%C3%A3o-s%C3%A9rie-a-2020/1ruuku31y4hamxz48qnbvwfoq/match/view/5d9g78zocz08wn1ng2qm0odii,3,1,0,0,0,0,0,2,2,0,0,0,0,0,5,1,3,0,0,0,0,0.4,0.0,2.0,3.0,0.0,1.4,-1.4,2.2,0.2,0.13333333333333333,37,0.4666666666666666,1.6,2.0,2.0,1.0,1.2,1.2,0.0,3.4,0.0,0.5333333333333333,37,0.4666666666666666,1
381,ddsqolh3ieo188kko3m4t2lg4,2021,2021-05-29 19:00:00,2021,5,sábado,19,Cuiabá EC,EC Juventude,Arena Pantanal,Denis Ribeiro Serafim,No data,,29 de maio de 2021 19:00,2,2,draw,1,https://optaplayerstats.statsperform.com/pt_BR/soccer/brasileir%C3%A3o-s%C3%A9rie-a-2021/cmto2xdcdarka1b708ac99jx0/match/view/ddsqolh3ieo188kko3m4t2lg4,2,1,0,0,0,0,0,2,4,0,0,0,0,0,4,0,5,0,0,0,0,,,,,,,,,,,0,,,,,,,,,,,,0,,0
382,ddj5pzmkntounxehlihx43l78,2021,2021-05-29 20:00:00,2021,5,sábado,20,EC Bahia,Santos FC Sao Paulo,Pituaçu,Bruno Arleu de Araújo,No data,,29 de maio de 2021 20:00,3,0,home_win,0,https://optaplayerstats.statsperform.com/pt_BR/soccer/brasileir%C3%A3o-s%C3%A9rie-a-2021/cmto2xdcdarka1b708ac99jx0/match/view/ddj5pzmkntounxehlihx43l78,3,3,0,0,0,0,0,0,3,0,0,0,0,0,3,3,6,0,0,0,0,1.6,2.0,2.0,1.0,2.0,1.0,1.0,1.6,0.2,0.5333333333333333,38,0.6666666666666666,1.6,2.0,2.0,1.0,1.0,0.8,0.2,1.0,0.0,0.5333333333333333,38,0.13333333333333333,1
383,dd4jbncjdz6r60l7a73vq9b10,2021,2021-05-29 21:00:00,2021,5,sábado,21,São Paulo FC,Fluminense FC,Morumbi,Rodolpho Toski Marques,No data,,29 de maio de 2021 21:00,0,0,draw,1,https://optaplayerstats.statsperform.com/pt_BR/soccer/brasileir%C3%A3o-s%C3%A9rie-a-2021/cmto2xdcdarka1b708ac99jx0/match/view/dd4jbncjdz6r60l7a73vq9b10,0,1,0,0,0,0,0,0,3,0,0,0,0,0,0,0,4,0,0,0,0,1.6,2.0,2.0,1.0,1.2,1.0,0.2,4.4,0.2,0.5333333333333333,38,0.39999999999999997,2.2,3.0,2.0,0.0,1.4,0.4,1.0,1.2,0.2,0.7333333333333333,38,0.5333333333333333,1
384,dd8imrkfe2ov8y2sqx0bugb2s,2021,2021-05-30 11:00:00,2021,5,domingo,11,Clube Atlético Mineiro,Fortaleza EC,Mineirão,Caio Max Augusto Vieira,No data,,30 de maio de 2021 11:00,1,2,away_win,2,https://optaplayerstats.statsperform.com/pt_BR/soccer/brasileir%C3%A3o-s%C3%A9rie-a-2021/cmto2xdcdarka1b708ac99jx0/match/view/dd8imrkfe2ov8y2sqx0bugb2s,1,2,0,0,0,1,0,2,4,0,0,0,0,0,3,-1,6,0,0,1,0,1.6,2.0,2.0,1.0,1.2,0.8,0.4,2.6,0.2,0.5333333333333333,38,0.8666666666666667,1.2,2.0,0.0,3.0,1.2,2.0,-0.8,2.2,0.2,0.4,38,0.0,1
385,dcuyak3junjktd20aoqr0f8r8,2021,2021-05-30 16:00:00,2021,5,domingo,16,CR Flamengo,SE Palmeiras,Estádio Jornalista Mário Filho (Maracanã),Anderson Daronco,No data,,30 de maio de 2021 16:00,1,0,home_win,0,https://optaplayerstats.statsperform.com/pt_BR/soccer/brasileir%C3%A3o-s%C3%A9rie-a-2021/cmto2xdcdarka1b708ac99jx0/match/view/dcuyak3junjktd20aoqr0f8r8,1,2,0,0,0,0,0,0,3,0,0,0,0,0,1,1,5,0,0,0,0,2.0,3.0,1.0,1.0,1.6,1.0,0.6,2.2,0.0,0.6666666666666666,38,0.7999999999999999,1.0,1.0,2.0,2.0,1.0,1.0,0.0,1.4,0.2,0.3333333333333333,38,0.06666666666666667,1
386,ddfiazi58rpyur580lv6x8etw,2021,2021-05-30 16:00:00,2021,5,domingo,16,Ceará SC,Grêmio FB Porto Alegrense,Castelão,Sávio Pereira Sampaio,No data,,30 de maio de 2021 16:00,3,2,home_win,0,https://optaplayerstats.statsperform.com/pt_BR/soccer/brasileir%C3%A3o-s%C3%A9rie-a-2021/cmto2xdcdarka1b708ac99jx0/match/view/ddfiazi58rpyur580lv6x8etw,3,3,0,0,0,0,0,2,3,0,0,0,0,0,5,1,6,0,0,0,0,1.4,2.0,1.0,2.0,1.4,1.4,0.0,1.8,0.2,0.4666666666666667,38,0.39999999999999997,1.4,2.0,1.0,2.0,2.0,1.6,0.4,2.6,0.2,0.4666666666666667,38,0.3333333333333333,1
387,dczgpovgr5q8by7pbxk4co3ys,2021,2021-05-30 18:15:00,2021,5,domingo,18,SC Corinthians Paulista,Atlético Goianiense,Neo Química Arena,Felipe Fernandes de Lima,No data,,30 de maio de 2021 18:15,0,1,away_win,2,https://optaplayerstats.statsperform.com/pt_BR/soccer/brasileir%C3%A3o-s%C3%A9rie-a-2021/cmto2xdcdarka1b708ac99jx0/match/view/dczgpovgr5q8by7pbxk4co3ys,0,5,0,0,0,0,0,1,3,0,0,0,0,0,1,-1,8,0,0,0,0,0.6,0.0,3.0,2.0,0.8,1.2,-0.4,2.2,0.0,0.2,38,0.5333333333333333,1.0,1.0,2.0,2.0,1.2,1.4,-0.2,1.4,0.2,0.3333333333333333,38,0.26666666666666666,1
388,ddmc6keu7h5b7ydthpiyb807o,2021,2021-05-30 18:15:00,2021,5,domingo,18,Club Athletico Paranaense,América FC (Minas Gerais),Arena da Baixada,Jefferson Ferreira de Moraes,No data,,30 de maio de 2021 18:15,1,0,home_win,0,https://optaplayerstats.statsperform.com/pt_BR/soccer/brasileir%C3%A3o-s%C3%A9rie-a-2021/cmto2xdcdarka1b708ac99jx0/match/view/ddmc6keu7h5b7ydthpiyb807o,1,1,0,0,0,0,0,0,2,0,0,0,0,0,1,1,3,0,0,0,0,1.6,2.0,2.0,1.0,1.4,1.0,0.4,1.4,0.4,0.5333333333333333,38,0.7333333333333334,,,,,,,,,,,0,,0
389,ddpjgrejo7wq6ozjc3if507bo,2021,2021-05-30 18:15:00,2021,5,domingo,18,Chapecoense AF,Red Bull Bragantino,Arena Condá,Marielson Alves Silva,No data,,30 de maio de 2021 18:15,0,3,away_win,2,https://optaplayerstats.statsperform.com/pt_BR/soccer/brasileir%C3%A3o-s%C3%A9rie-a-2021/cmto2xdcdarka1b708ac99jx0/match/view/ddpjgrejo7wq6ozjc3if507bo,0,1,0,0,0,0,0,3,0,0,0,0,0,0,3,-3,1,0,0,0,0,,,,,,,,,,,0,,1.8,2.0,3.0,0.0,0.8,0.2,0.6,2.6,0.0,0.6,38,0.5333333333333333,0
390,ddc04az96q70nuqslfib0407o,2021,2021-05-30 20:30:00,2021,5,domingo,20,SC Internacional,SC do Recife,Beira-Rio,Vinicius Gonçalves Dias Araujo,No data,,30 de maio de 2021 20:30,2,2,draw,1,https://optaplayerstats.statsperform.com/pt_BR/soccer/brasileir%C3%A3o-s%C3%A9rie-a-2021/cmto2xdcdarka1b708ac99jx0/match/view/ddc04az96q70nuqslfib0407o,2,4,0,0,0,1,0,2,2,0,0,0,1,0,4,0,6,0,0,1,0,1.0,1.0,2.0,2.0,0.8,0.8,0.0,2.0,0.6,0.3333333333333333,38,0.6666666666666666,1.4,2.0,1.0,2.0,1.0,1.2,-0.2,3.2,0.0,0.4666666666666667,38,0.39999999999999997,1
391,dejubhcviymdytrf8gdhzmk2c,2021,2021-06-05 19:00:00,2021,6,sábado,19,Atlético Goianiense,São Paulo FC,Estádio Antônio Accioly,Diego Pombo Lopez,No data,,5 de junho de 2021 19:00,2,0,home_win,0,https://optaplayerstats.statsperform.com/pt_BR/soccer/brasileir%C3%A3o-s%C3%A9rie-a-2021/cmto2xdcdarka1b708ac99jx0/match/view/dejubhcviymdytrf8gdhzmk2c,2,4,0,0,0,0,0,0,5,0,0,0,0,0,2,2,9,0,0,0,0,1.6,2.0,2.0,1.0,1.4,1.0,0.4,1.4,0.2,0.5333333333333333,39,0.7333333333333334,1.6,2.0,2.0,1.0,1.0,0.8,0.2,3.8,0.2,0.5333333333333333,39,0.26666666666666666,1
392,de0gtkypf4ssnro3s684v9fkk,2021,2021-06-05 21:00:00,2021,6,sábado,21,Santos FC Sao Paulo,Ceará SC,Vila Belmiro,Jean Pierre Goncalves Lima,No data,,5 de junho de 2021 21:00,3,1,home_win,0,https://optaplayerstats.statsperform.com/pt_BR/soccer/brasileir%C3%A3o-s%C3%A9rie-a-2021/cmto2xdcdarka1b708ac99jx0/match/view/de0gtkypf4ssnro3s684v9fkk,3,4,0,0,0,0,0,1,1,0,0,0,1,0,4,2,5,0,0,1,0,1.4,2.0,1.0,2.0,0.8,1.2,-0.4,1.2,0.0,0.4666666666666667,39,0.6666666666666666,2.0,3.0,1.0,1.0,1.8,1.4,0.4,2.4,0.2,0.6666666666666666,39,0.6666666666666666,1
393,ded6qv7s09cgm6ssq6zhv572s,2021,2021-06-05 21:00:00,2021,6,sábado,21,Red Bull Bragantino,EC Bahia,Nabizão,Vinicius Gomes do Amaral,No data,,5 de junho de 2021 21:00,3,3,draw,1,https://optaplayerstats.statsperform.com/pt_BR/soccer/brasileir%C3%A3o-s%C3%A9rie-a-2021/cmto2xdcdarka1b708ac99jx0/match/view/ded6qv7s09cgm6ssq6zhv572s,3,2,0,0,0,0,0,3,4,0,0,0,0,0,6,0,6,0,0,0,0,1.8,2.0,3.0,0.0,1.0,0.2,0.8,1.8,0.0,0.6,39,0.7333333333333334,2.2,3.0,2.0,0.0,2.6,0.8,1.8,2.0,0.2,0.7333333333333333,39,0.39999999999999997,1
394,ddvcw56re6ixzvd3clpw2jy8k,2021,2021-06-06 11:00:00,2021,6,domingo,11,Fluminense FC,Cuiabá EC,São Januário,Edina Alves Batista,No data,,6 de junho de 2021 11:00,1,0,home_win,0,https://optaplayerstats.statsperform.com/pt_BR/soccer/brasileir%C3%A3o-s%C3%A9rie-a-2021/cmto2xdcdarka1b708ac99jx0/match/view/ddvcw56re6ixzvd3clpw2jy8k,1,2,0,0,0,0,0,0,1,0,0,0,0,0,1,1,3,0,0,0,0,1.8,2.0,3.0,0.0,1.2,0.4,0.8,1.6,0.2,0.6,39,0.8666666666666667,,,,,,,,,,,1,,0
395,de2wlab2du7xljk63ijf0bwno,2021,2021-06-06 16:00:00,2021,6,domingo,16,América FC (Minas Gerais),SC Corinthians Paulista,Estádio Raimundo Sampaio,Marcelo de Lima Henrique,No data,,6 de junho de 2021 16:00,0,1,away_win,2,https://optaplayerstats.statsperform.com/pt_BR/soccer/brasileir%C3%A3o-s%C3%A9rie-a-2021/cmto2xdcdarka1b708ac99jx0/match/view/de2wlab2du7xljk63ijf0bwno,0,3,0,0,0,0,0,1,3,0,0,0,1,0,1,-1,6,0,0,1,0,,,,,,,,,,,1,,0.4,0.0,2.0,3.0,0.2,0.8,-0.6,2.6,0.0,0.13333333333333333,39,0.06666666666666667,0
396,de7y96c1jpi6gol4deal0a3v8,2021,2021-06-06 16:00:00,2021,6,domingo,16,Fortaleza EC,SC Internacional,Castelão,Paulo Roberto Alves Júnior,No data,,6 de junho de 2021 16:00,5,1,home_win,0,https://optaplayerstats.statsperform.com/pt_BR/soccer/brasileir%C3%A3o-s%C3%A9rie-a-2021/cmto2xdcdarka1b708ac99jx0/match/view/de7y96c1jpi6gol4deal0a3v8,5,1,0,0,0,0,1,1,4,2,0,2,0,0,6,4,5,2,1,0,1,1.2,2.0,0.0,3.0,1.0,2.0,-1.0,2.6,0.2,0.4,39,0.6666666666666666,1.0,1.0,2.0,2.0,1.2,1.2,0.0,2.4,0.6,0.3333333333333333,39,0.6666666666666666,1
397,ddxxat59hr3fve1zntxpwpqfo,2021,2021-06-06 18:15:00,2021,6,domingo,18,SE Palmeiras,Chapecoense AF,Allianz Parque,Léo Simão Holanda,No data,,6 de junho de 2021 18:15,3,1,home_win,0,https://optaplayerstats.statsperform.com/pt_BR/soccer/brasileir%C3%A3o-s%C3%A9rie-a-2021/cmto2xdcdarka1b708ac99jx0/match/view/ddxxat59hr3fve1zntxpwpqfo,3,2,0,0,0,0,0,1,0,0,0,0,0,0,4,2,2,0,0,0,0,0.4,0.0,2.0,3.0,0.4,1.2,-0.8,2.0,0.2,0.13333333333333333,39,0.6,,,,,,,,,,,1,,0
398,defpgoapya2twq7wq7gzx16vo,2021,2021-06-06 18:15:00,2021,6,domingo,18,EC Juventude,Club Athletico Paranaense,Alfredo Jaconi,Paulo Cesar Zanovelli da Silva,No data,,6 de junho de 2021 18:15,0,3,away_win,2,https://optaplayerstats.statsperform.com/pt_BR/soccer/brasileir%C3%A3o-s%C3%A9rie-a-2021/cmto2xdcdarka1b708ac99jx0/match/view/defpgoapya2twq7wq7gzx16vo,0,0,0,0,0,0,0,3,3,0,0,0,0,0,3,-3,3,0,0,0,0,,,,,,,,,,,1,,2.0,3.0,1.0,1.0,1.6,1.0,0.6,1.0,0.4,0.6666666666666666,39,0.3333333333333333,0
399,deai23fv6nl10z3tzhwy48qvo,2021,2021-06-06 20:30:00,2021,6,domingo,20,SC do Recife,Clube Atlético Mineiro,Ilha do Retiro,Raphael Claus,No data,,6 de junho de 2021 20:30,0,1,away_win,2,https://optaplayerstats.statsperform.com/pt_BR/soccer/brasileir%C3%A3o-s%C3%A9rie-a-2021/cmto2xdcdarka1b708ac99jx0/match/view/deai23fv6nl10z3tzhwy48qvo,0,3,0,0,0,0,0,1,2,0,0,0,0,0,1,-1,5,0,0,0,0,1.0,1.0,2.0,2.0,1.2,1.6,-0.4,3.0,0.0,0.3333333333333333,39,0.26666666666666666,1.6,2.0,2.0,1.0,1.4,1.0,0.4,2.4,0.2,0.5333333333333333,39,0.3333333333333333,1
400,deoip1erdkylp4149duvlx4ic,2021,2021-06-12 19:00:00,2021,6,sábado,19,SE Palmeiras,SC Corinthians Paulista,Allianz Parque,Flavio Rodrigues De Souza,No data,,12 de junho de 2021 19:00,1,1,draw,1,https://optaplayerstats.statsperform.com/pt_BR/soccer/brasileir%C3%A3o-s%C3%A9rie-a-2021/cmto2xdcdarka1b708ac99jx0/match/view/deoip1erdkylp4149duvlx4ic,1,3,0,0,0,0,0,1,0,0,0,0,0,0,2,0,3,0,0,0,0,1.0,1.0,2.0,2.0,1.0,1.2,-0.2,1.8,0.0,0.3333333333333333,40,0.6,1.0,1.0,2.0,2.0,0.2,0.4,-0.2,2.2,0.0,0.3333333333333333,40,0.26666666666666666,1
401,deqzd7l9lpqmwreihmenpw844,2021,2021-06-12 19:00:00,2021,6,sábado,19,Santos FC Sao Paulo,EC Juventude,Vila Belmiro,Alexandre Vargas Tavares de Jesus,No data,,12 de junho de 2021 19:00,0,0,draw,1,https://optaplayerstats.statsperform.com/pt_BR/soccer/brasileir%C3%A3o-s%C3%A9rie-a-2021/cmto2xdcdarka1b708ac99jx0/match/view/deqzd7l9lpqmwreihmenpw844,0,2,0,0,0,0,0,0,3,0,0,0,0,0,0,0,5,0,0,0,0,1.4,2.0,1.0,2.0,1.0,1.4,-0.4,2.0,0.0,0.4666666666666667,40,0.6666666666666666,,,,,,,,,,,2,,0
402,dem5fxf10qqq3ju7g5j6gvi8k,2021,2021-06-13 16:00:00,2021,6,domingo,16,CR Flamengo,América FC (Minas Gerais),Estádio Jornalista Mário Filho (Maracanã),Ramon Abatti,No data,,13 de junho de 2021 16:00,2,0,home_win,0,https://optaplayerstats.statsperform.com/pt_BR/soccer/brasileir%C3%A3o-s%C3%A9rie-a-2021/cmto2xdcdarka1b708ac99jx0/match/view/dem5fxf10qqq3ju7g5j6gvi8k,2,0,0,0,0,0,0,0,0,0,0,0,0,0,2,2,0,0,0,0,0,2.0,3.0,1.0,1.0,1.4,1.0,0.4,2.4,0.0,0.6666666666666666,39,1.0,,,,,,,,,,,2,,0
403,detigx8j6p5w068uqvgczsjro,2021,2021-06-13 16:00:00,2021,6,domingo,16,Clube Atlético Mineiro,São Paulo FC,Mineirão,Anderson Daronco,No data,,13 de junho de 2021 16:00,1,0,home_win,0,https://optaplayerstats.statsperform.com/pt_BR/soccer/brasileir%C3%A3o-s%C3%A9rie-a-2021/cmto2xdcdarka1b708ac99jx0/match/view/detigx8j6p5w068uqvgczsjro,1,0,0,0,0,0,0,0,1,0,0,0,0,0,1,1,1,0,0,0,0,2.0,3.0,1.0,1.0,1.6,1.0,0.6,2.6,0.2,0.6666666666666666,40,0.6666666666666666,1.0,1.0,2.0,2.0,0.6,1.0,-0.4,4.0,0.2,0.3333333333333333,40,0.26666666666666666,1
404,devwgg7t1l1ymcbpzbmay17h0,2021,2021-06-13 16:00:00,2021,6,domingo,16,Grêmio FB Porto Alegrense,Club Athletico Paranaense,Arena do Grêmio,Ricardo Marques Ribeiro,No data,,13 de junho de 2021 16:00,0,1,away_win,2,https://optaplayerstats.statsperform.com/pt_BR/soccer/brasileir%C3%A3o-s%C3%A9rie-a-2021/cmto2xdcdarka1b708ac99jx0/match/view/devwgg7t1l1ymcbpzbmay17h0,0,5,0,0,0,0,0,1,5,0,0,0,0,0,1,-1,10,0,0,0,0,1.2,2.0,0.0,3.0,1.8,1.6,0.2,2.2,0.2,0.4,39,0.3333333333333333,2.4,4.0,0.0,1.0,1.6,0.4,1.2,1.6,0.4,0.8,40,0.4666666666666666,1
405,deydqwnznt758715nool767f8,2021,2021-06-13 20:30:00,2021,6,domingo,20,Fortaleza EC,SC do Recife,Castelão,Braulio da Silva Machado,No data,,13 de junho de 2021 20:30,1,0,home_win,0,https://optaplayerstats.statsperform.com/pt_BR/soccer/brasileir%C3%A3o-s%C3%A9rie-a-2021/cmto2xdcdarka1b708ac99jx0/match/view/deydqwnznt758715nool767f8,1,3,0,0,0,1,0,0,4,1,0,1,0,0,1,1,7,1,1,1,0,1.2,2.0,0.0,3.0,1.4,2.2,-0.8,2.4,0.2,0.4,40,0.7999999999999999,0.4,0.0,2.0,3.0,0.8,1.6,-0.8,2.8,0.0,0.13333333333333333,40,0.4666666666666666,1
406,df0tvfycxi5vbik6w3sc0dgr8,2021,2021-06-13 20:30:00,2021,6,domingo,20,EC Bahia,SC Internacional,Pituaçu,Wagner do Nascimento Magalhaes,No data,,13 de junho de 2021 20:30,0,1,away_win,2,https://optaplayerstats.statsperform.com/pt_BR/soccer/brasileir%C3%A3o-s%C3%A9rie-a-2021/cmto2xdcdarka1b708ac99jx0/match/view/df0tvfycxi5vbik6w3sc0dgr8,0,5,0,0,0,0,0,1,4,1,0,1,1,0,1,-1,9,1,1,1,0,2.2,3.0,2.0,0.0,2.6,0.8,1.8,2.2,0.0,0.7333333333333333,40,0.6666666666666666,1.0,1.0,2.0,2.0,1.2,1.8,-0.6,2.8,0.6,0.3333333333333333,40,0.4666666666666666,1
407,df38c1fromrc0wk0xr8mbreok,2021,2021-06-13 20:30:00,2021,6,domingo,20,Red Bull Bragantino,Fluminense FC,Nabizão,Leandro Pedro Vuaden,No data,,13 de junho de 2021 20:30,2,2,draw,1,https://optaplayerstats.statsperform.com/pt_BR/soccer/brasileir%C3%A3o-s%C3%A9rie-a-2021/cmto2xdcdarka1b708ac99jx0/match/view/df38c1fromrc0wk0xr8mbreok,2,3,0,0,0,0,0,2,2,0,0,0,1,0,4,0,5,0,0,1,0,1.8,2.0,3.0,0.0,1.4,0.6,0.8,1.2,0.0,0.6,40,0.7333333333333334,2.2,3.0,2.0,0.0,1.4,0.4,1.0,2.0,0.2,0.7333333333333333,40,0.6,1
408,df5m6dpwoh06x7x2cgi3w99uc,2021,2021-06-13 20:30:00,2021,6,domingo,20,Chapecoense AF,Ceará SC,Arena Condá,Vinicius Gonçalves Dias Araujo,No data,,13 de junho de 2021 20:30,0,0,draw,1,https://optaplayerstats.statsperform.com/pt_BR/soccer/brasileir%C3%A3o-s%C3%A9rie-a-2021/cmto2xdcdarka1b708ac99jx0/match/view/df5m6dpwoh06x7x2cgi3w99uc,0,2,0,0,0,0,0,0,2,0,0,0,0,0,0,0,4,0,0,0,0,,,,,,,,,,,2,,1.8,3.0,0.0,2.0,1.8,1.8,0.0,1.6,0.2,0.6,40,0.4666666666666666,0
409,dff3uiycdnd9db51s3uxcn4es,2021,2021-06-16 19:00:00,2021,6,quarta-feira,19,São Paulo FC,Chapecoense AF,Morumbi,Dyorgines José Padovani Andrade,No data,,16 de junho de 2021 19:00,1,1,draw,1,https://optaplayerstats.statsperform.com/pt_BR/soccer/brasileir%C3%A3o-s%C3%A9rie-a-2021/cmto2xdcdarka1b708ac99jx0/match/view/dff3uiycdnd9db51s3uxcn4es,1,3,1,0,1,0,0,1,2,0,0,0,0,0,2,0,5,1,1,0,0,0.8,1.0,1.0,3.0,0.4,1.0,-0.6,3.8,0.2,0.26666666666666666,41,0.4666666666666666,,,,,,,,,,,3,,0
410,dfjvgjxeeppfdftzzd93d6txw,2021,2021-06-16 19:00:00,2021,6,quarta-feira,19,SC Internacional,Clube Atlético Mineiro,Beira-Rio,Luiz Flávio de Oliveira,No data,,16 de junho de 2021 19:00,0,1,away_win,2,https://optaplayerstats.statsperform.com/pt_BR/soccer/brasileir%C3%A3o-s%C3%A9rie-a-2021/cmto2xdcdarka1b708ac99jx0/match/view/dfjvgjxeeppfdftzzd93d6txw,0,3,0,0,0,0,0,1,1,1,0,1,0,0,1,-1,4,1,1,0,0,1.0,1.0,2.0,2.0,1.0,1.8,-0.8,2.4,0.8,0.3333333333333333,41,0.5333333333333333,2.4,4.0,0.0,1.0,1.6,0.8,0.8,2.4,0.2,0.8,41,0.4666666666666666,1
411,dfcoop5ngppd4jb1q9km2z09g,2021,2021-06-16 20:30:00,2021,6,quarta-feira,20,SC Corinthians Paulista,Red Bull Bragantino,Neo Química Arena,Thiago Luis Scarascati,No data,,16 de junho de 2021 20:30,1,2,away_win,2,https://optaplayerstats.statsperform.com/pt_BR/soccer/brasileir%C3%A3o-s%C3%A9rie-a-2021/cmto2xdcdarka1b708ac99jx0/match/view/dfcoop5ngppd4jb1q9km2z09g,1,2,0,0,0,0,0,2,0,0,0,0,0,0,3,-1,2,0,0,0,0,1.2,1.0,3.0,1.0,0.4,0.4,0.0,2.2,0.0,0.4,41,0.3333333333333333,1.8,2.0,3.0,0.0,1.8,1.0,0.8,1.8,0.0,0.6,41,0.5333333333333333,1
412,dfvvi3vi73a0q89wbx1ulbac4,2021,2021-06-16 21:30:00,2021,6,quarta-feira,21,EC Juventude,SE Palmeiras,Alfredo Jaconi,Marielson Alves Silva,No data,,16 de junho de 2021 21:30,0,3,away_win,2,https://optaplayerstats.statsperform.com/pt_BR/soccer/brasileir%C3%A3o-s%C3%A9rie-a-2021/cmto2xdcdarka1b708ac99jx0/match/view/dfvvi3vi73a0q89wbx1ulbac4,0,0,0,0,0,0,0,3,3,0,0,0,0,1,3,-3,3,0,0,0,1,,,,,,,,,,,3,,1.0,1.0,2.0,2.0,1.0,1.2,-0.2,2.0,0.0,0.3333333333333333,41,0.06666666666666667,0
413,dfhidkcg4ser8npulu3qqidck,2021,2021-06-17 16:00:00,2021,6,quinta-feira,16,América FC (Minas Gerais),Cuiabá EC,Estádio Raimundo Sampaio,Antonio Dib Moraes de Sousa,No data,,17 de junho de 2021 16:00,0,0,draw,1,https://optaplayerstats.statsperform.com/pt_BR/soccer/brasileir%C3%A3o-s%C3%A9rie-a-2021/cmto2xdcdarka1b708ac99jx0/match/view/dfhidkcg4ser8npulu3qqidck,0,1,0,0,0,0,0,0,1,0,0,0,0,0,0,0,2,0,0,0,0,,,,,,,,,,,3,,,,,,,,,,,,2,,0
414,dfmn24abt7ifz1nsl64hauolw,2021,2021-06-17 16:00:00,2021,6,quinta-feira,16,Ceará SC,EC Bahia,Castelão,Marcelo de Lima Henrique,No data,,17 de junho de 2021 16:00,1,2,away_win,2,https://optaplayerstats.statsperform.com/pt_BR/soccer/brasileir%C3%A3o-s%C3%A9rie-a-2021/cmto2xdcdarka1b708ac99jx0/match/view/dfmn24abt7ifz1nsl64hauolw,1,4,0,0,0,0,0,2,5,0,0,0,1,0,3,-1,9,0,0,1,0,2.0,3.0,1.0,1.0,1.6,1.2,0.4,1.8,0.2,0.6666666666666666,41,0.6,2.0,3.0,1.0,1.0,2.4,0.8,1.6,3.0,0.0,0.6666666666666666,41,0.39999999999999997,1
415,dfa6ipda9yvkh3xrl4hdphs7o,2021,2021-06-17 19:00:00,2021,6,quinta-feira,19,Fluminense FC,Santos FC Sao Paulo,Estádio Jornalista Mário Filho (Maracanã),Paulo Roberto Alves Júnior,No data,,17 de junho de 2021 19:00,1,0,home_win,0,https://optaplayerstats.statsperform.com/pt_BR/soccer/brasileir%C3%A3o-s%C3%A9rie-a-2021/cmto2xdcdarka1b708ac99jx0/match/view/dfa6ipda9yvkh3xrl4hdphs7o,1,4,0,0,0,0,0,0,3,0,0,0,0,0,1,1,7,0,0,0,0,1.8,2.0,3.0,0.0,1.2,0.6,0.6,2.2,0.2,0.6,41,0.8666666666666667,1.0,1.0,2.0,2.0,0.8,1.4,-0.6,2.4,0.0,0.3333333333333333,41,0.13333333333333333,1
416,dfp2pdlpr0nyv8d5c5nxyzwno,2021,2021-06-17 19:00:00,2021,6,quinta-feira,19,SC do Recife,Grêmio FB Porto Alegrense,Ilha do Retiro,Denis Ribeiro Serafim,No data,,17 de junho de 2021 19:00,1,0,home_win,0,https://optaplayerstats.statsperform.com/pt_BR/soccer/brasileir%C3%A3o-s%C3%A9rie-a-2021/cmto2xdcdarka1b708ac99jx0/match/view/dfp2pdlpr0nyv8d5c5nxyzwno,1,5,0,0,0,0,0,0,5,0,0,0,0,0,1,1,10,0,0,0,0,0.2,0.0,1.0,4.0,0.8,1.8,-1.0,3.0,0.2,0.06666666666666667,41,0.26666666666666666,0.6,1.0,0.0,4.0,0.8,1.4,-0.6,3.2,0.2,0.2,40,0.26666666666666666,1
417,dfycb1tgezhnfwjp1fy7j7od0,2021,2021-06-17 19:00:00,2021,6,quinta-feira,19,Atlético Goianiense,Fortaleza EC,Estádio Antônio Accioly,Douglas Schwengber da Silva,No data,,17 de junho de 2021 19:00,0,0,draw,1,https://optaplayerstats.statsperform.com/pt_BR/soccer/brasileir%C3%A3o-s%C3%A9rie-a-2021/cmto2xdcdarka1b708ac99jx0/match/view/dfycb1tgezhnfwjp1fy7j7od0,0,3,0,0,0,0,0,0,1,0,0,0,0,0,0,0,4,0,0,0,0,2.0,3.0,1.0,1.0,1.6,0.8,0.8,1.8,0.0,0.6666666666666666,40,0.8666666666666667,1.8,3.0,0.0,2.0,1.6,1.6,0.0,2.4,0.2,0.6,41,0.19999999999999998,1
418,dg0z621oz6421pn59fg08nv9w,2021,2021-06-19 21:00:00,2021,6,sábado,21,CR Flamengo,Red Bull Bragantino,Estádio Jornalista Mário Filho (Maracanã),Braulio da Silva Machado,No data,,19 de junho de 2021 21:00,2,3,away_win,2,https://optaplayerstats.statsperform.com/pt_BR/soccer/brasileir%C3%A3o-s%C3%A9rie-a-2021/cmto2xdcdarka1b708ac99jx0/match/view/dg0z621oz6421pn59fg08nv9w,2,2,0,0,0,0,0,3,3,0,0,0,0,0,5,-1,5,0,0,0,0,2.4,4.0,0.0,1.0,1.6,0.8,0.8,2.0,0.0,0.8,40,1.0,2.2,3.0,2.0,0.0,2.2,1.2,1.0,1.8,0.0,0.7333333333333333,42,0.5333333333333333,1
419,dg3jv3ttur6ee6uljtlfef5zo,2021,2021-06-20 11:00:00,2021,6,domingo,11,SE Palmeiras,América FC (Minas Gerais),Allianz Parque,Jefferson Ferreira de Moraes,No data,,20 de junho de 2021 11:00,2,1,home_win,0,https://optaplayerstats.statsperform.com/pt_BR/soccer/brasileir%C3%A3o-s%C3%A9rie-a-2021/cmto2xdcdarka1b708ac99jx0/match/view/dg3jv3ttur6ee6uljtlfef5zo,2,3,0,0,0,0,0,1,4,1,0,1,0,0,3,1,7,1,1,0,0,1.4,2.0,1.0,2.0,1.4,1.0,0.4,2.2,0.0,0.4666666666666667,42,0.6,,,,,,,,,,,4,,0
420,dgb1ry3qoeoft3w1tawga81zo,2021,2021-06-20 16:00:00,2021,6,domingo,16,SC Internacional,Ceará SC,Beira-Rio,Diego Pombo Lopez,No data,,20 de junho de 2021 16:00,1,1,draw,1,https://optaplayerstats.statsperform.com/pt_BR/soccer/brasileir%C3%A3o-s%C3%A9rie-a-2021/cmto2xdcdarka1b708ac99jx0/match/view/dgb1ry3qoeoft3w1tawga81zo,1,2,0,0,0,1,0,1,3,0,0,0,0,0,2,0,5,0,0,1,0,1.0,1.0,2.0,2.0,0.8,1.6,-0.8,3.0,0.6,0.3333333333333333,42,0.3333333333333333,1.4,2.0,1.0,2.0,1.4,1.6,-0.2,2.6,0.2,0.4666666666666667,42,0.3333333333333333,1
421,dgg8pkaq13blwwt8nucaqukno,2021,2021-06-20 16:00:00,2021,6,domingo,16,EC Bahia,SC Corinthians Paulista,Pituaçu,Bruno Arleu de Araújo,No data,,20 de junho de 2021 16:00,0,0,draw,1,https://optaplayerstats.statsperform.com/pt_BR/soccer/brasileir%C3%A3o-s%C3%A9rie-a-2021/cmto2xdcdarka1b708ac99jx0/match/view/dgg8pkaq13blwwt8nucaqukno,0,1,0,0,0,0,0,0,3,0,0,0,0,0,0,0,4,0,0,0,0,2.0,3.0,1.0,1.0,2.0,1.0,1.0,3.4,0.0,0.6666666666666666,42,0.4666666666666666,1.0,1.0,2.0,2.0,0.6,0.8,-0.2,2.4,0.0,0.3333333333333333,42,0.3333333333333333,1
422,dg5xss0uusbm2dty1velxkzkk,2021,2021-06-20 18:15:00,2021,6,domingo,18,Santos FC Sao Paulo,São Paulo FC,Vila Belmiro,Sávio Pereira Sampaio,No data,,20 de junho de 2021 18:15,2,0,home_win,0,https://optaplayerstats.statsperform.com/pt_BR/soccer/brasileir%C3%A3o-s%C3%A9rie-a-2021/cmto2xdcdarka1b708ac99jx0/match/view/dg5xss0uusbm2dty1velxkzkk,2,2,0,0,0,0,0,0,4,0,0,0,0,0,2,2,6,0,0,0,0,0.8,1.0,1.0,3.0,0.6,1.4,-0.8,2.4,0.0,0.26666666666666666,42,0.7333333333333334,1.0,1.0,2.0,2.0,0.6,1.0,-0.4,3.2,0.2,0.3333333333333333,42,0.19999999999999998,1
423,dgdilwbifpekh8062suspedqs,2021,2021-06-20 18:15:00,2021,6,domingo,18,Fortaleza EC,Fluminense FC,Castelão,Flavio Rodrigues De Souza,No data,,20 de junho de 2021 18:15,1,1,draw,1,https://optaplayerstats.statsperform.com/pt_BR/soccer/brasileir%C3%A3o-s%C3%A9rie-a-2021/cmto2xdcdarka1b708ac99jx0/match/view/dgdilwbifpekh8062suspedqs,1,3,0,0,0,0,0,1,0,0,0,0,0,0,2,0,3,0,0,0,0,2.0,3.0,1.0,1.0,1.6,0.8,0.8,1.8,0.0,0.6666666666666666,42,0.7999999999999999,2.2,3.0,2.0,0.0,1.2,0.4,0.8,2.2,0.0,0.7333333333333333,42,0.6,1
424,dgiteetozzvuo3nffua4er310,2021,2021-06-20 18:15:00,2021,6,domingo,18,Club Athletico Paranaense,Atlético Goianiense,Arena da Baixada,Felipe Fernandes de Lima,No data,,20 de junho de 2021 18:15,2,1,home_win,0,https://optaplayerstats.statsperform.com/pt_BR/soccer/brasileir%C3%A3o-s%C3%A9rie-a-2021/cmto2xdcdarka1b708ac99jx0/match/view/dgiteetozzvuo3nffua4er310,2,2,0,0,0,0,0,1,2,0,0,0,0,0,3,1,4,0,0,0,0,2.4,4.0,0.0,1.0,1.4,0.2,1.2,2.0,0.4,0.8,41,0.8666666666666667,2.2,3.0,2.0,0.0,1.4,0.4,1.0,2.2,0.0,0.7333333333333333,41,0.4666666666666666,1
425,dgli1m228vug5e6f884a56zh0,2021,2021-06-20 20:30:00,2021,6,domingo,20,EC Juventude,SC do Recife,Alfredo Jaconi,Edina Alves Batista,No data,,20 de junho de 2021 20:30,1,0,home_win,0,https://optaplayerstats.statsperform.com/pt_BR/soccer/brasileir%C3%A3o-s%C3%A9rie-a-2021/cmto2xdcdarka1b708ac99jx0/match/view/dgli1m228vug5e6f884a56zh0,1,4,0,0,0,0,0,0,0,0,0,0,0,0,1,1,4,0,0,0,0,,,,,,,,,,,4,,0.8,1.0,1.0,3.0,0.6,1.2,-0.6,3.2,0.2,0.26666666666666666,42,0.4666666666666666,0
426,dg8iz4f0n50a5vhfb7bc2k7pw,2021,2021-06-21 20:00:00,2021,6,segunda-feira,20,Clube Atlético Mineiro,Chapecoense AF,Mineirão,Rodolpho Toski Marques,No data,,21 de junho de 2021 20:00,1,1,draw,1,https://optaplayerstats.statsperform.com/pt_BR/soccer/brasileir%C3%A3o-s%C3%A9rie-a-2021/cmto2xdcdarka1b708ac99jx0/match/view/dg8iz4f0n50a5vhfb7bc2k7pw,1,1,0,0,0,0,0,1,1,0,0,0,1,0,2,0,2,0,0,1,0,2.4,4.0,0.0,1.0,1.2,0.4,0.8,1.6,0.2,0.8,42,0.6666666666666666,,,,,,,,,,,4,,0
427,dgqln395e57wps9gkhe7bsftg,2021,2021-06-23 19:00:00,2021,6,quarta-feira,19,CR Flamengo,Fortaleza EC,Estádio Jornalista Mário Filho (Maracanã),Anderson Daronco,No data,,23 de junho de 2021 19:00,2,1,home_win,0,https://optaplayerstats.statsperform.com/pt_BR/soccer/brasileir%C3%A3o-s%C3%A9rie-a-2021/cmto2xdcdarka1b708ac99jx0/match/view/dgqln395e57wps9gkhe7bsftg,2,1,0,0,0,0,0,1,1,0,0,0,0,0,3,1,2,0,0,0,0,1.8,3.0,0.0,2.0,1.6,1.2,0.4,2.2,0.0,0.6,41,0.7999999999999999,2.2,3.0,2.0,0.0,1.8,0.6,1.2,2.4,0.0,0.7333333333333333,43,0.26666666666666666,1
428,dgvppj43ycg024jdswsbujthw,2021,2021-06-23 19:00:00,2021,6,quarta-feira,19,São Paulo FC,Cuiabá EC,Morumbi,Ricardo Marques Ribeiro,No data,,23 de junho de 2021 19:00,2,2,draw,1,https://optaplayerstats.statsperform.com/pt_BR/soccer/brasileir%C3%A3o-s%C3%A9rie-a-2021/cmto2xdcdarka1b708ac99jx0/match/view/dgvppj43ycg024jdswsbujthw,2,1,0,0,0,0,0,2,1,0,0,0,0,0,4,0,2,0,0,0,0,0.4,0.0,2.0,3.0,0.2,1.2,-1.0,2.8,0.2,0.13333333333333333,43,0.4666666666666666,,,,,,,,,,,3,,0
429,dhabrcbvs85nsf9lgqpat1hxw,2021,2021-06-23 19:00:00,2021,6,quarta-feira,19,Red Bull Bragantino,SE Palmeiras,Nabizão,Luiz Flávio de Oliveira,No data,,23 de junho de 2021 19:00,3,1,home_win,0,https://optaplayerstats.statsperform.com/pt_BR/soccer/brasileir%C3%A3o-s%C3%A9rie-a-2021/cmto2xdcdarka1b708ac99jx0/match/view/dhabrcbvs85nsf9lgqpat1hxw,3,3,0,0,0,0,0,1,3,0,0,0,0,0,4,2,6,0,0,0,0,2.2,3.0,2.0,0.0,2.6,1.6,1.0,1.6,0.0,0.7333333333333333,43,0.6,2.0,3.0,1.0,1.0,1.8,0.8,1.0,2.8,0.0,0.6666666666666666,43,0.26666666666666666,1
430,dhfm8j33to9e8shx2tuss4cus,2021,2021-06-23 19:00:00,2021,6,quarta-feira,19,Atlético Goianiense,Fluminense FC,Estádio Antônio Accioly,Paulo Cesar Zanovelli da Silva,No data,,23 de junho de 2021 19:00,1,0,home_win,0,https://optaplayerstats.statsperform.com/pt_BR/soccer/brasileir%C3%A3o-s%C3%A9rie-a-2021/cmto2xdcdarka1b708ac99jx0/match/view/dhfm8j33to9e8shx2tuss4cus,1,3,0,0,0,0,0,0,3,0,0,0,0,0,1,1,6,0,0,0,0,2.0,3.0,1.0,1.0,1.4,0.6,0.8,2.4,0.0,0.6666666666666666,42,0.7333333333333334,1.8,2.0,3.0,0.0,1.0,0.6,0.4,2.2,0.0,0.6,43,0.4666666666666666,1
431,dgy1tv4im5v7zztjgdpbg6tck,2021,2021-06-24 16:00:00,2021,6,quinta-feira,16,América FC (Minas Gerais),EC Juventude,Estádio Raimundo Sampaio,Wagner do Nascimento Magalhaes,No data,,24 de junho de 2021 16:00,1,1,draw,1,https://optaplayerstats.statsperform.com/pt_BR/soccer/brasileir%C3%A3o-s%C3%A9rie-a-2021/cmto2xdcdarka1b708ac99jx0/match/view/dgy1tv4im5v7zztjgdpbg6tck,1,2,0,1,1,1,0,1,2,0,0,0,1,0,2,0,4,1,1,1,0,0.2,0.0,1.0,4.0,0.2,1.2,-1.0,2.0,0.2,0.06666666666666667,5,,1.0,1.0,2.0,2.0,0.6,1.6,-1.0,2.2,0.0,0.3333333333333333,5,,1
432,dgt2mleao2z76kl8pia5g3cic,2021,2021-06-24 19:00:00,2021,6,quinta-feira,19,SC Corinthians Paulista,SC do Recife,Neo Química Arena,Paulo Roberto Alves Júnior,No data,,24 de junho de 2021 19:00,2,1,home_win,0,https://optaplayerstats.statsperform.com/pt_BR/soccer/brasileir%C3%A3o-s%C3%A9rie-a-2021/cmto2xdcdarka1b708ac99jx0/match/view/dgt2mleao2z76kl8pia5g3cic,2,0,0,0,0,0,1,1,3,0,0,0,0,0,3,1,3,0,0,0,1,1.0,1.0,2.0,2.0,0.6,0.8,-0.2,2.6,0.0,0.3333333333333333,43,0.3333333333333333,0.8,1.0,1.0,3.0,0.6,1.0,-0.4,2.8,0.2,0.26666666666666666,43,0.26666666666666666,1
433,dh33px6bkk47txb5332ibbv9w,2021,2021-06-24 19:00:00,2021,6,quinta-feira,19,Ceará SC,Clube Atlético Mineiro,Castelão,Leandro Pedro Vuaden,No data,,24 de junho de 2021 19:00,2,1,home_win,0,https://optaplayerstats.statsperform.com/pt_BR/soccer/brasileir%C3%A3o-s%C3%A9rie-a-2021/cmto2xdcdarka1b708ac99jx0/match/view/dh33px6bkk47txb5332ibbv9w,2,3,0,0,0,0,0,1,4,0,0,0,0,0,3,1,7,0,0,0,0,1.0,1.0,2.0,2.0,1.2,1.6,-0.4,2.6,0.0,0.3333333333333333,43,0.39999999999999997,2.0,3.0,1.0,1.0,1.0,0.6,0.4,1.2,0.2,0.6666666666666666,43,0.6666666666666666,1
434,dhcv03jxl6r46nuznp39rdgyc,2021,2021-06-24 19:00:00,2021,6,quinta-feira,19,Chapecoense AF,SC Internacional,Arena Condá,Alexandre Vargas Tavares de Jesus,No data,,24 de junho de 2021 19:00,1,2,away_win,2,https://optaplayerstats.statsperform.com/pt_BR/soccer/brasileir%C3%A3o-s%C3%A9rie-a-2021/cmto2xdcdarka1b708ac99jx0/match/view/dhcv03jxl6r46nuznp39rdgyc,1,2,1,0,1,0,0,2,3,2,0,2,0,0,3,-1,5,3,1,0,0,0.6,0.0,3.0,2.0,0.6,1.6,-1.0,1.2,0.0,0.2,5,,1.0,1.0,2.0,2.0,1.0,1.8,-0.8,3.4,0.6,0.3333333333333333,43,0.4666666666666666,1
435,dh0ioa73ze8cjkm4iuslxobo4,2021,2021-06-24 21:30:00,2021,6,quinta-feira,21,Grêmio FB Porto Alegrense,Santos FC Sao Paulo,Arena do Grêmio,Caio Max Augusto Vieira,No data,,24 de junho de 2021 21:30,2,2,draw,1,https://optaplayerstats.statsperform.com/pt_BR/soccer/brasileir%C3%A3o-s%C3%A9rie-a-2021/cmto2xdcdarka1b708ac99jx0/match/view/dh0ioa73ze8cjkm4iuslxobo4,2,2,0,0,0,0,0,2,4,0,0,0,0,0,4,0,6,0,0,0,0,0.6,1.0,0.0,4.0,0.6,1.2,-0.6,3.2,0.0,0.2,41,0.26666666666666666,1.4,2.0,1.0,2.0,1.0,1.0,0.0,2.8,0.0,0.4666666666666667,43,0.13333333333333333,1
436,dh7pfjues8j8khnmqa1bkhogk,2021,2021-06-24 21:30:00,2021,6,quinta-feira,21,EC Bahia,Club Athletico Paranaense,Pituaçu,Antonio Dib Moraes de Sousa,No data,,24 de junho de 2021 21:30,2,1,home_win,0,https://optaplayerstats.statsperform.com/pt_BR/soccer/brasileir%C3%A3o-s%C3%A9rie-a-2021/cmto2xdcdarka1b708ac99jx0/match/view/dh7pfjues8j8khnmqa1bkhogk,2,2,0,0,0,0,0,1,2,2,0,2,0,0,3,1,4,2,1,0,0,1.6,2.0,2.0,1.0,1.6,1.0,0.6,3.6,0.0,0.5333333333333333,43,0.5333333333333333,3.0,5.0,0.0,0.0,1.8,0.2,1.6,2.2,0.0,1.0,42,0.6666666666666666,1
437,di2e9hplkaa90jowhc8fjvwno,2021,2021-06-27 11:00:00,2021,6,domingo,11,EC Juventude,CR Flamengo,Alfredo Jaconi,Thiago Luis Scarascati,No data,,27 de junho de 2021 11:00,1,0,home_win,0,https://optaplayerstats.statsperform.com/pt_BR/soccer/brasileir%C3%A3o-s%C3%A9rie-a-2021/cmto2xdcdarka1b708ac99jx0/match/view/di2e9hplkaa90jowhc8fjvwno,1,2,0,0,0,0,0,0,1,0,0,0,0,0,1,1,3,0,0,0,0,1.0,1.0,2.0,2.0,0.4,1.4,-1.0,1.8,0.0,0.3333333333333333,6,0.3333333333333333,1.8,3.0,0.0,2.0,1.6,1.2,0.4,1.6,0.0,0.6,42,0.4666666666666666,1
438,dhiatnfc76k74bebz2v8herys,2021,2021-06-27 16:00:00,2021,6,domingo,16,Fluminense FC,SC Corinthians Paulista,São Januário,Sávio Pereira Sampaio,No data,,27 de junho de 2021 16:00,1,1,draw,1,https://optaplayerstats.statsperform.com/pt_BR/soccer/brasileir%C3%A3o-s%C3%A9rie-a-2021/cmto2xdcdarka1b708ac99jx0/match/view/dhiatnfc76k74bebz2v8herys,1,3,1,0,1,0,0,1,1,0,0,0,1,0,2,0,4,1,1,1,0,1.6,2.0,2.0,1.0,1.0,0.8,0.2,2.2,0.0,0.5333333333333333,44,0.8666666666666667,1.6,2.0,2.0,1.0,1.0,0.8,0.2,1.6,0.0,0.5333333333333333,44,0.39999999999999997,1
439,dhkqkndmhi7zhkzz01fxdzhuc,2021,2021-06-27 20:00:00,2021,6,domingo,20,SE Palmeiras,EC Bahia,Allianz Parque,Denis Ribeiro Serafim,No data,,27 de junho de 2021 20:00,3,2,home_win,0,https://optaplayerstats.statsperform.com/pt_BR/soccer/brasileir%C3%A3o-s%C3%A9rie-a-2021/cmto2xdcdarka1b708ac99jx0/match/view/dhkqkndmhi7zhkzz01fxdzhuc,3,4,0,0,0,0,0,2,4,0,0,0,0,0,5,1,8,0,0,0,0,2.0,3.0,1.0,1.0,2.0,1.2,0.8,2.8,0.0,0.6666666666666666,44,0.7333333333333334,1.6,2.0,2.0,1.0,1.4,1.2,0.2,3.4,0.0,0.5333333333333333,44,0.6,1
440,dhsa4nakauhpzs9d21tdweeqc,2021,2021-06-27 20:00:00,2021,6,domingo,20,Grêmio FB Porto Alegrense,Fortaleza EC,Arena do Grêmio,Marcelo de Lima Henrique,No data,,27 de junho de 2021 20:00,0,0,draw,1,https://optaplayerstats.statsperform.com/pt_BR/soccer/brasileir%C3%A3o-s%C3%A9rie-a-2021/cmto2xdcdarka1b708ac99jx0/match/view/dhsa4nakauhpzs9d21tdweeqc,0,2,1,0,1,0,0,0,4,0,0,0,0,0,0,0,6,1,1,0,0,0.2,0.0,1.0,4.0,0.8,1.6,-0.8,3.0,0.0,0.06666666666666667,42,0.3333333333333333,1.6,2.0,2.0,1.0,1.6,0.8,0.8,1.8,0.0,0.5333333333333333,44,0.26666666666666666,1
441,dhzwswf9t80fwntt1lv489tlg,2021,2021-06-27 20:00:00,2021,6,domingo,20,Club Athletico Paranaense,Chapecoense AF,Arena da Baixada,Vinicius Gomes do Amaral,No data,,27 de junho de 2021 20:00,2,2,draw,1,https://optaplayerstats.statsperform.com/pt_BR/soccer/brasileir%C3%A3o-s%C3%A9rie-a-2021/cmto2xdcdarka1b708ac99jx0/match/view/dhzwswf9t80fwntt1lv489tlg,2,1,0,0,0,0,0,2,1,0,0,0,0,0,4,0,2,0,0,0,0,2.4,4.0,0.0,1.0,1.6,0.6,1.0,2.6,0.4,0.8,43,0.8666666666666667,0.6,0.0,3.0,2.0,0.8,1.4,-0.6,1.4,0.2,0.2,6,0.2222222222222222,1
442,dhn6zqgpa4keje64r0atcb9qs,2021,2021-06-27 20:30:00,2021,6,domingo,20,Santos FC Sao Paulo,Clube Atlético Mineiro,Vila Belmiro,Bruno Arleu de Araújo,No data,,27 de junho de 2021 20:30,2,0,home_win,0,https://optaplayerstats.statsperform.com/pt_BR/soccer/brasileir%C3%A3o-s%C3%A9rie-a-2021/cmto2xdcdarka1b708ac99jx0/match/view/dhn6zqgpa4keje64r0atcb9qs,2,4,0,0,0,0,0,0,3,0,1,1,0,0,2,2,7,1,1,0,0,1.6,2.0,2.0,1.0,1.4,0.8,0.6,3.0,0.0,0.5333333333333333,44,0.7333333333333334,2.0,3.0,1.0,1.0,1.0,0.6,0.4,1.6,0.2,0.6666666666666666,44,0.6666666666666666,1
443,dhpnar6erd8knoqbb2jpp7ifo,2021,2021-06-27 20:30:00,2021,6,domingo,20,América FC (Minas Gerais),SC Internacional,Estádio Raimundo Sampaio,Braulio da Silva Machado,No data,,27 de junho de 2021 20:30,1,1,draw,1,https://optaplayerstats.statsperform.com/pt_BR/soccer/brasileir%C3%A3o-s%C3%A9rie-a-2021/cmto2xdcdarka1b708ac99jx0/match/view/dhpnar6erd8knoqbb2jpp7ifo,1,2,0,0,0,0,0,1,3,0,0,0,0,0,2,0,5,0,0,0,0,0.4,0.0,2.0,3.0,0.4,1.2,-0.8,2.0,0.4,0.13333333333333333,6,0.2222222222222222,1.4,2.0,1.0,2.0,1.0,1.6,-0.6,3.2,1.0,0.4666666666666667,44,0.6,1
444,dhur4ig9pf190rjj30o52153o,2021,2021-06-27 20:30:00,2021,6,domingo,20,Ceará SC,São Paulo FC,Castelão,Felipe Fernandes de Lima,No data,,27 de junho de 2021 20:30,1,1,draw,1,https://optaplayerstats.statsperform.com/pt_BR/soccer/brasileir%C3%A3o-s%C3%A9rie-a-2021/cmto2xdcdarka1b708ac99jx0/match/view/dhur4ig9pf190rjj30o52153o,1,4,0,0,0,0,0,1,6,0,0,0,0,1,2,0,10,0,0,0,1,1.0,1.0,2.0,2.0,1.0,1.4,-0.4,2.6,0.0,0.3333333333333333,44,0.6,0.4,0.0,2.0,3.0,0.6,1.6,-1.0,2.8,0.2,0.13333333333333333,44,0.19999999999999998,1
445,dhxan6ut7f39j4iglzx3jpes4,2021,2021-06-27 20:30:00,2021,6,domingo,20,SC do Recife,Cuiabá EC,Ilha do Retiro,Marielson Alves Silva,No data,,27 de junho de 2021 20:30,0,0,draw,1,https://optaplayerstats.statsperform.com/pt_BR/soccer/brasileir%C3%A3o-s%C3%A9rie-a-2021/cmto2xdcdarka1b708ac99jx0/match/view/dhxan6ut7f39j4iglzx3jpes4,0,0,0,0,0,0,0,0,1,0,0,0,0,0,0,0,1,0,0,0,0,0.6,1.0,0.0,4.0,0.4,1.0,-0.6,3.0,0.2,0.2,44,0.26666666666666666,,,,,,,,,,,4,0.2222222222222222,0
446,di4zs2pmzi7miyygg8fifjhg4,2021,2021-06-28 20:00:00,2021,6,segunda-feira,20,Atlético Goianiense,Red Bull Bragantino,Estádio Antônio Accioly,Ramon Abatti,No data,,28 de junho de 2021 20:00,0,1,away_win,2,https://optaplayerstats.statsperform.com/pt_BR/soccer/brasileir%C3%A3o-s%C3%A9rie-a-2021/cmto2xdcdarka1b708ac99jx0/match/view/di4zs2pmzi7miyygg8fifjhg4,0,2,0,0,0,0,0,1,2,0,0,0,0,0,1,-1,4,0,0,0,0,2.0,3.0,1.0,1.0,1.0,0.4,0.6,3.0,0.0,0.6666666666666666,43,0.7333333333333334,2.2,3.0,2.0,0.0,2.6,1.8,0.8,2.2,0.0,0.7333333333333333,44,0.7333333333333334,1
447,di7kb32j5msonfnfkmbczp4ic,2021,2021-06-30 16:00:00,2021,6,quarta-feira,16,Fluminense FC,Club Athletico Paranaense,Estádio Municipal General Raulino de Oliveira,Ricardo Marques Ribeiro,No data,,30 de junho de 2021 16:00,1,4,away_win,2,https://optaplayerstats.statsperform.com/pt_BR/soccer/brasileir%C3%A3o-s%C3%A9rie-a-2021/cmto2xdcdarka1b708ac99jx0/match/view/di7kb32j5msonfnfkmbczp4ic,1,1,0,0,0,0,0,4,2,0,0,0,1,0,5,-3,3,0,0,1,0,1.2,1.0,3.0,1.0,1.0,1.0,0.0,2.4,0.2,0.4,45,0.7333333333333334,2.0,3.0,1.0,1.0,1.8,1.0,0.8,2.6,0.4,0.6666666666666666,44,0.4666666666666666,1
448,din1xn90uyn33esyl8nmreexg,2021,2021-06-30 16:00:00,2021,6,quarta-feira,16,Fortaleza EC,Chapecoense AF,Castelão,Antonio Dib Moraes de Sousa,No data,,30 de junho de 2021 16:00,3,2,home_win,0,https://optaplayerstats.statsperform.com/pt_BR/soccer/brasileir%C3%A3o-s%C3%A9rie-a-2021/cmto2xdcdarka1b708ac99jx0/match/view/din1xn90uyn33esyl8nmreexg,3,4,0,1,1,0,0,2,3,0,0,0,1,0,5,1,7,1,1,1,0,1.2,1.0,3.0,1.0,0.6,0.6,0.0,2.4,0.0,0.4,45,0.6666666666666666,0.8,0.0,4.0,1.0,1.0,1.2,-0.2,1.6,0.2,0.26666666666666666,7,0.25,1
449,diika7jt84dqco86zlq6k4vtg,2021,2021-06-30 19:00:00,2021,6,quarta-feira,19,SC Internacional,SE Palmeiras,Beira-Rio,Paulo Roberto Alves Júnior,No data,,30 de junho de 2021 19:00,1,2,away_win,2,https://optaplayerstats.statsperform.com/pt_BR/soccer/brasileir%C3%A3o-s%C3%A9rie-a-2021/cmto2xdcdarka1b708ac99jx0/match/view/diika7jt84dqco86zlq6k4vtg,1,3,0,0,0,1,0,2,3,1,0,1,0,0,3,-1,6,1,1,1,0,1.6,2.0,2.0,1.0,1.0,0.8,0.2,3.0,0.6,0.5333333333333333,45,0.19999999999999998,2.0,3.0,1.0,1.0,2.0,1.4,0.6,3.2,0.0,0.6666666666666666,45,0.26666666666666666,1
450,diq4xx1fxgwjdv5j11syc4u8k,2021,2021-06-30 19:00:00,2021,6,quarta-feira,19,EC Bahia,América FC (Minas Gerais),Pituaçu,Léo Simão Holanda,No data,,30 de junho de 2021 19:00,3,4,away_win,2,https://optaplayerstats.statsperform.com/pt_BR/soccer/brasileir%C3%A3o-s%C3%A9rie-a-2021/cmto2xdcdarka1b708ac99jx0/match/view/diq4xx1fxgwjdv5j11syc4u8k,3,4,0,0,0,0,0,4,0,0,0,0,0,0,7,-1,4,0,0,0,0,1.4,2.0,1.0,2.0,1.2,1.2,0.0,3.4,0.0,0.4666666666666667,45,0.6666666666666666,0.6,0.0,3.0,2.0,0.6,1.2,-0.6,1.8,0.4,0.2,7,0.0,1
451,dicumqjf9bodv0afsoqa3tams,2021,2021-06-30 20:30:00,2021,6,quarta-feira,20,Santos FC Sao Paulo,SC do Recife,Vila Belmiro,Douglas Schwengber da Silva,No data,,30 de junho de 2021 20:30,0,0,draw,1,https://optaplayerstats.statsperform.com/pt_BR/soccer/brasileir%C3%A3o-s%C3%A9rie-a-2021/cmto2xdcdarka1b708ac99jx0/match/view/dicumqjf9bodv0afsoqa3tams,0,1,0,0,0,0,0,0,4,0,0,0,0,0,0,0,5,0,0,0,0,1.6,2.0,2.0,1.0,1.2,0.6,0.6,3.0,0.0,0.5333333333333333,45,0.7333333333333334,0.8,1.0,1.0,3.0,0.4,0.8,-0.4,2.4,0.2,0.26666666666666666,45,0.06666666666666667,1
452,dia5xfk717n5pfz2gtt1801zo,2021,2021-06-30 21:30:00,2021,6,quarta-feira,21,SC Corinthians Paulista,São Paulo FC,Neo Química Arena,Leandro Pedro Vuaden,No data,,30 de junho de 2021 21:30,0,0,draw,1,https://optaplayerstats.statsperform.com/pt_BR/soccer/brasileir%C3%A3o-s%C3%A9rie-a-2021/cmto2xdcdarka1b708ac99jx0/match/view/dia5xfk717n5pfz2gtt1801zo,0,1,0,0,0,0,0,0,1,0,0,0,0,0,0,0,2,0,0,0,0,1.2,1.0,3.0,1.0,1.0,1.0,0.0,1.2,0.0,0.4,45,0.3333333333333333,0.6,0.0,3.0,2.0,0.8,1.4,-0.6,3.0,0.2,0.2,45,0.06666666666666667,1
453,divw3r2oscj5ea90vv9cgxb10,2021,2021-06-30 21:30:00,2021,6,quarta-feira,21,EC Juventude,Grêmio FB Porto Alegrense,Alfredo Jaconi,Vinicius Gonçalves Dias Araujo,No data,,30 de junho de 2021 21:30,2,0,home_win,0,https://optaplayerstats.statsperform.com/pt_BR/soccer/brasileir%C3%A3o-s%C3%A9rie-a-2021/cmto2xdcdarka1b708ac99jx0/match/view/divw3r2oscj5ea90vv9cgxb10,2,3,0,0,0,0,0,0,1,0,0,0,0,0,2,2,4,0,0,0,0,1.6,2.0,2.0,1.0,0.6,0.8,-0.2,2.2,0.0,0.5333333333333333,7,0.5,0.4,0.0,2.0,3.0,0.8,1.4,-0.6,3.4,0.2,0.13333333333333333,43,0.26666666666666666,1
454,disz0xzvc8qfi3hq6g8rxecyc,2021,2021-07-01 16:00:00,2021,7,quinta-feira,16,Red Bull Bragantino,Ceará SC,Nabizão,Wagner do Nascimento Magalhaes,No data,,1 de julho de 2021 16:00,0,0,draw,1,https://optaplayerstats.statsperform.com/pt_BR/soccer/brasileir%C3%A3o-s%C3%A9rie-a-2021/cmto2xdcdarka1b708ac99jx0/match/view/disz0xzvc8qfi3hq6g8rxecyc,0,1,0,0,0,0,0,0,3,0,1,1,0,0,0,0,4,1,1,0,0,2.6,4.0,1.0,0.0,2.2,1.2,1.0,2.2,0.0,0.8666666666666667,45,0.6,1.2,1.0,3.0,1.0,1.0,1.0,0.0,3.2,0.0,0.4,45,0.39999999999999997,1
455,difnypgqa8pj30e70ob0pzml0,2021,2021-07-01 19:00:00,2021,7,quinta-feira,19,Clube Atlético Mineiro,Atlético Goianiense,Mineirão,Flavio Rodrigues De Souza,No data,,1 de julho de 2021 19:00,4,1,home_win,0,https://optaplayerstats.statsperform.com/pt_BR/soccer/brasileir%C3%A3o-s%C3%A9rie-a-2021/cmto2xdcdarka1b708ac99jx0/match/view/difnypgqa8pj30e70ob0pzml0,4,0,0,0,0,0,0,1,2,0,0,0,0,0,5,3,2,0,0,0,0,1.4,2.0,1.0,2.0,0.8,1.0,-0.2,1.8,0.4,0.4666666666666667,45,0.5333333333333333,1.4,2.0,1.0,2.0,0.8,0.6,0.2,2.8,0.0,0.4666666666666667,44,0.26666666666666666,1
456,diyw6kdsab7mq7yhb1bmksbo4,2021,2021-07-01 20:00:00,2021,7,quinta-feira,20,Cuiabá EC,CR Flamengo,Arena Pantanal,Rodolpho Toski Marques,No data,,1 de julho de 2021 20:00,0,2,away_win,2,https://optaplayerstats.statsperform.com/pt_BR/soccer/brasileir%C3%A3o-s%C3%A9rie-a-2021/cmto2xdcdarka1b708ac99jx0/match/view/diyw6kdsab7mq7yhb1bmksbo4,0,3,0,0,0,0,0,2,5,0,0,0,0,0,2,-2,8,0,0,0,0,0.8,0.0,4.0,1.0,0.8,1.0,-0.2,1.0,0.0,0.26666666666666666,5,,1.8,3.0,0.0,2.0,1.4,1.0,0.4,1.2,0.0,0.6,43,0.4666666666666666,1
457,dj9twyzh8a8b2cw19934g3t3o,2021,2021-07-03 19:00:00,2021,7,sábado,19,América FC (Minas Gerais),Santos FC Sao Paulo,Estádio Raimundo Sampaio,Denis Ribeiro Serafim,No data,,3 de julho de 2021 19:00,2,0,home_win,0,https://optaplayerstats.statsperform.com/pt_BR/soccer/brasileir%C3%A3o-s%C3%A9rie-a-2021/cmto2xdcdarka1b708ac99jx0/match/view/dj9twyzh8a8b2cw19934g3t3o,2,5,0,0,0,0,0,0,4,0,0,0,0,0,2,2,9,0,0,0,0,1.2,1.0,3.0,1.0,1.4,1.4,0.0,1.8,0.4,0.4,8,0.25,1.6,2.0,2.0,1.0,1.2,0.6,0.6,2.8,0.0,0.5333333333333333,46,0.13333333333333333,1
458,djkok7ufx1k4pngl9f7g62710,2021,2021-07-03 19:00:00,2021,7,sábado,19,Club Athletico Paranaense,Fortaleza EC,Arena da Baixada,Paulo Cesar Zanovelli da Silva,No data,,3 de julho de 2021 19:00,2,1,home_win,0,https://optaplayerstats.statsperform.com/pt_BR/soccer/brasileir%C3%A3o-s%C3%A9rie-a-2021/cmto2xdcdarka1b708ac99jx0/match/view/djkok7ufx1k4pngl9f7g62710,2,3,0,0,0,0,0,1,3,0,0,0,0,0,3,1,6,0,0,0,0,2.0,3.0,1.0,1.0,2.0,1.2,0.8,2.4,0.4,0.6666666666666666,45,0.8666666666666667,1.2,1.0,3.0,1.0,1.0,1.0,0.0,2.6,0.2,0.4,46,0.3333333333333333,1
459,dj4c87xiw9cnxs0j71zv3evis,2021,2021-07-03 21:00:00,2021,7,sábado,21,SC Corinthians Paulista,SC Internacional,Neo Química Arena,Marcelo de Lima Henrique,No data,,3 de julho de 2021 21:00,1,1,draw,1,https://optaplayerstats.statsperform.com/pt_BR/soccer/brasileir%C3%A3o-s%C3%A9rie-a-2021/cmto2xdcdarka1b708ac99jx0/match/view/dj4c87xiw9cnxs0j71zv3evis,1,2,0,0,0,0,0,1,2,0,0,0,1,0,2,0,4,0,0,1,0,1.2,1.0,3.0,1.0,0.8,0.8,0.0,1.4,0.0,0.4,46,0.3333333333333333,1.0,1.0,2.0,2.0,1.0,1.2,-0.2,2.8,0.4,0.3333333333333333,46,0.4666666666666666,1
460,djnhme2kb3slooj8jxad41hck,2021,2021-07-04 11:00:00,2021,7,domingo,11,Chapecoense AF,EC Bahia,Arena Condá,Edina Alves Batista,No data,,4 de julho de 2021 11:00,0,2,away_win,2,https://optaplayerstats.statsperform.com/pt_BR/soccer/brasileir%C3%A3o-s%C3%A9rie-a-2021/cmto2xdcdarka1b708ac99jx0/match/view/djnhme2kb3slooj8jxad41hck,0,2,0,0,0,0,0,2,1,0,0,0,0,0,2,-2,3,0,0,0,0,0.6,0.0,3.0,2.0,1.4,1.8,-0.4,1.8,0.2,0.2,8,0.1111111111111111,1.4,2.0,1.0,2.0,1.8,1.8,0.0,3.2,0.0,0.4666666666666667,46,0.5333333333333333,1
461,dj1p4s2suamm3058bnyoybfo4,2021,2021-07-04 16:00:00,2021,7,domingo,16,CR Flamengo,Fluminense FC,Neo Química Arena,Luiz Flávio de Oliveira,No data,,4 de julho de 2021 16:00,0,1,away_win,2,https://optaplayerstats.statsperform.com/pt_BR/soccer/brasileir%C3%A3o-s%C3%A9rie-a-2021/cmto2xdcdarka1b708ac99jx0/match/view/dj1p4s2suamm3058bnyoybfo4,0,2,0,0,0,0,0,1,1,0,0,0,0,0,1,-1,3,0,0,0,0,1.8,3.0,0.0,2.0,1.6,1.0,0.6,1.8,0.0,0.6,44,0.7999999999999999,1.0,1.0,2.0,2.0,0.8,1.4,-0.6,2.2,0.2,0.3333333333333333,46,0.26666666666666666,1
462,djhwqq7mbfifcxbjy1e0tg104,2021,2021-07-04 16:00:00,2021,7,domingo,16,SC do Recife,SE Palmeiras,Ilha do Retiro,Caio Max Augusto Vieira,No data,,4 de julho de 2021 16:00,0,1,away_win,2,https://optaplayerstats.statsperform.com/pt_BR/soccer/brasileir%C3%A3o-s%C3%A9rie-a-2021/cmto2xdcdarka1b708ac99jx0/match/view/djhwqq7mbfifcxbjy1e0tg104,0,3,0,0,0,0,0,1,1,0,0,0,0,0,1,-1,4,0,0,0,0,1.0,1.0,2.0,2.0,0.4,0.6,-0.2,2.4,0.0,0.3333333333333333,46,0.3333333333333333,2.4,4.0,0.0,1.0,2.2,1.4,0.8,3.2,0.2,0.8,46,0.39999999999999997,1
463,dj71vq9ipffgyo3rxi7js4ahg,2021,2021-07-04 18:15:00,2021,7,domingo,18,São Paulo FC,Red Bull Bragantino,Morumbi,Anderson Daronco,No data,,4 de julho de 2021 18:15,1,2,away_win,2,https://optaplayerstats.statsperform.com/pt_BR/soccer/brasileir%C3%A3o-s%C3%A9rie-a-2021/cmto2xdcdarka1b708ac99jx0/match/view/dj71vq9ipffgyo3rxi7js4ahg,1,1,0,0,0,0,0,2,2,0,0,0,0,0,3,-1,3,0,0,0,0,0.8,0.0,4.0,1.0,0.8,1.2,-0.4,3.0,0.2,0.26666666666666666,46,0.4666666666666666,2.6,4.0,1.0,0.0,1.8,0.8,1.0,1.8,0.0,0.8666666666666667,46,0.8666666666666667,1
464,djf7oeo9gj8n0emao7nqlt3x0,2021,2021-07-04 18:15:00,2021,7,domingo,18,Ceará SC,EC Juventude,Castelão,Alisson Sidnei Furtado,No data,,4 de julho de 2021 18:15,2,0,home_win,0,https://optaplayerstats.statsperform.com/pt_BR/soccer/brasileir%C3%A3o-s%C3%A9rie-a-2021/cmto2xdcdarka1b708ac99jx0/match/view/djf7oeo9gj8n0emao7nqlt3x0,2,2,0,0,0,0,0,0,2,0,1,1,0,0,2,2,4,1,1,0,0,1.2,1.0,3.0,1.0,1.0,1.0,0.0,3.4,0.2,0.4,46,0.6666666666666666,2.0,3.0,1.0,1.0,1.0,0.8,0.2,2.2,0.0,0.6666666666666666,8,0.3333333333333333,1
465,djq5qzypaq2n3uavvh4ipb9jo,2021,2021-07-04 18:15:00,2021,7,domingo,18,Cuiabá EC,Clube Atlético Mineiro,Arena Pantanal,Sávio Pereira Sampaio,No data,,4 de julho de 2021 18:15,0,1,away_win,2,https://optaplayerstats.statsperform.com/pt_BR/soccer/brasileir%C3%A3o-s%C3%A9rie-a-2021/cmto2xdcdarka1b708ac99jx0/match/view/djq5qzypaq2n3uavvh4ipb9jo,0,5,0,0,0,0,0,1,2,0,0,0,0,0,1,-1,7,0,0,0,0,0.6,0.0,3.0,2.0,0.4,1.0,-0.6,1.4,0.0,0.2,6,,1.4,2.0,1.0,2.0,1.4,1.2,0.2,1.8,0.4,0.4666666666666667,46,0.6,1
466,djcjr5591u3tn07w6ee7254wk,2021,2021-07-04 20:30:00,2021,7,domingo,20,Grêmio FB Porto Alegrense,Atlético Goianiense,Arena do Grêmio,Marielson Alves Silva,No data,,4 de julho de 2021 20:30,0,1,away_win,2,https://optaplayerstats.statsperform.com/pt_BR/soccer/brasileir%C3%A3o-s%C3%A9rie-a-2021/cmto2xdcdarka1b708ac99jx0/match/view/djcjr5591u3tn07w6ee7254wk,0,3,0,0,0,0,0,1,0,0,0,0,0,0,1,-1,3,0,0,0,0,0.4,0.0,2.0,3.0,0.4,1.2,-0.8,3.0,0.2,0.13333333333333333,44,0.3333333333333333,0.8,1.0,1.0,3.0,0.6,1.4,-0.8,2.4,0.0,0.26666666666666666,45,0.26666666666666666,1
467,djy1nl53x8a48eooezjxkquqc,2021,2021-07-06 19:30:00,2021,7,terça-feira,19,Santos FC Sao Paulo,Club Athletico Paranaense,Vila Belmiro,Vinicius Gomes do Amaral,No data,,6 de julho de 2021 19:30,2,1,home_win,0,https://optaplayerstats.statsperform.com/pt_BR/soccer/brasileir%C3%A3o-s%C3%A9rie-a-2021/cmto2xdcdarka1b708ac99jx0/match/view/djy1nl53x8a48eooezjxkquqc,2,2,0,0,0,0,1,1,2,0,0,0,0,0,3,1,4,0,0,0,1,1.6,2.0,2.0,1.0,1.2,0.8,0.4,3.0,0.0,0.5333333333333333,47,0.7333333333333334,2.0,3.0,1.0,1.0,2.2,1.4,0.8,2.0,0.4,0.6666666666666666,46,0.6,1
468,dk7zhp44a5fvf0wr708iuuq6s,2021,2021-07-07 18:00:00,2021,7,quarta-feira,18,Fortaleza EC,América FC (Minas Gerais),Castelão,Thiago Luis Scarascati,No data,,7 de julho de 2021 18:00,4,0,home_win,0,https://optaplayerstats.statsperform.com/pt_BR/soccer/brasileir%C3%A3o-s%C3%A9rie-a-2021/cmto2xdcdarka1b708ac99jx0/match/view/dk7zhp44a5fvf0wr708iuuq6s,4,2,0,0,0,0,0,0,1,0,0,0,0,0,4,4,3,0,0,0,0,1.0,1.0,2.0,2.0,1.2,1.4,-0.2,3.0,0.2,0.3333333333333333,47,0.6666666666666666,1.6,2.0,2.0,1.0,1.8,1.4,0.4,2.6,0.4,0.5333333333333333,9,0.25,1
469,dkalrgewmg86677qc0liaos2c,2021,2021-07-07 18:00:00,2021,7,quarta-feira,18,EC Bahia,EC Juventude,Pituaçu,Douglas Marques das Flores,No data,,7 de julho de 2021 18:00,1,0,home_win,0,https://optaplayerstats.statsperform.com/pt_BR/soccer/brasileir%C3%A3o-s%C3%A9rie-a-2021/cmto2xdcdarka1b708ac99jx0/match/view/dkalrgewmg86677qc0liaos2c,1,2,0,0,0,0,0,0,3,0,0,0,0,0,1,1,5,0,0,0,0,1.4,2.0,1.0,2.0,1.8,1.6,0.2,2.4,0.0,0.4666666666666667,47,0.4666666666666666,2.0,3.0,1.0,1.0,1.0,0.6,0.4,2.6,0.2,0.6666666666666666,9,0.25,1
470,dkd8rd3krjjrnt3glnvdz9h5g,2021,2021-07-07 18:00:00,2021,7,quarta-feira,18,Red Bull Bragantino,Cuiabá EC,Nabizão,Douglas Schwengber da Silva,No data,,7 de julho de 2021 18:00,1,1,draw,1,https://optaplayerstats.statsperform.com/pt_BR/soccer/brasileir%C3%A3o-s%C3%A9rie-a-2021/cmto2xdcdarka1b708ac99jx0/match/view/dkd8rd3krjjrnt3glnvdz9h5g,1,3,0,0,0,0,0,1,2,0,0,0,0,0,2,0,5,0,0,0,0,2.6,4.0,1.0,0.0,1.8,0.8,1.0,2.2,0.0,0.8666666666666667,47,0.6,0.6,0.0,3.0,2.0,0.4,1.0,-0.6,2.2,0.0,0.2,7,0.25,1
471,djvgur0mhfvu9u9cjxujy4cgk,2021,2021-07-07 19:00:00,2021,7,quarta-feira,19,SE Palmeiras,Grêmio FB Porto Alegrense,Allianz Parque,Felipe Fernandes de Lima,No data,,7 de julho de 2021 19:00,2,0,home_win,0,https://optaplayerstats.statsperform.com/pt_BR/soccer/brasileir%C3%A3o-s%C3%A9rie-a-2021/cmto2xdcdarka1b708ac99jx0/match/view/djvgur0mhfvu9u9cjxujy4cgk,2,2,0,0,0,0,0,0,3,0,0,0,0,0,2,2,5,0,0,0,0,2.4,4.0,0.0,1.0,1.8,1.4,0.4,2.8,0.2,0.8,47,0.7333333333333334,0.4,0.0,2.0,3.0,0.4,1.2,-0.8,2.6,0.2,0.13333333333333333,45,0.19999999999999998,1
472,dk2qqiub3orhfqarhzhv4opas,2021,2021-07-07 19:00:00,2021,7,quarta-feira,19,Clube Atlético Mineiro,CR Flamengo,Mineirão,Paulo Roberto Alves Júnior,No data,,7 de julho de 2021 19:00,2,1,home_win,0,https://optaplayerstats.statsperform.com/pt_BR/soccer/brasileir%C3%A3o-s%C3%A9rie-a-2021/cmto2xdcdarka1b708ac99jx0/match/view/dk2qqiub3orhfqarhzhv4opas,2,1,0,0,0,0,0,1,1,0,0,0,0,0,3,1,2,0,0,0,0,1.4,2.0,1.0,2.0,1.4,1.2,0.2,2.0,0.2,0.4666666666666667,47,0.6666666666666666,1.2,2.0,0.0,3.0,1.2,1.2,0.0,2.2,0.0,0.4,45,0.4666666666666666,1
473,dkik22ncapb48vazkkxv44opg,2021,2021-07-07 19:15:00,2021,7,quarta-feira,19,Atlético Goianiense,SC do Recife,Estádio Antônio Accioly,Léo Simão Holanda,No data,,7 de julho de 2021 19:15,1,1,draw,1,https://optaplayerstats.statsperform.com/pt_BR/soccer/brasileir%C3%A3o-s%C3%A9rie-a-2021/cmto2xdcdarka1b708ac99jx0/match/view/dkik22ncapb48vazkkxv44opg,1,4,0,0,0,0,0,1,1,0,0,0,0,0,2,0,5,0,0,0,0,1.2,2.0,0.0,3.0,0.8,1.4,-0.6,1.8,0.0,0.4,46,0.6666666666666666,0.4,0.0,2.0,3.0,0.2,0.8,-0.6,2.0,0.0,0.13333333333333333,47,0.13333333333333333,1
474,djsudp9uavdp4jg61pi0z65uc,2021,2021-07-07 21:30:00,2021,7,quarta-feira,21,Fluminense FC,Ceará SC,São Januário,Ramon Abatti,No data,,7 de julho de 2021 21:30,0,0,draw,1,https://optaplayerstats.statsperform.com/pt_BR/soccer/brasileir%C3%A3o-s%C3%A9rie-a-2021/cmto2xdcdarka1b708ac99jx0/match/view/djsudp9uavdp4jg61pi0z65uc,0,2,0,0,0,0,0,0,4,0,0,0,0,0,0,0,6,0,0,0,0,1.0,1.0,2.0,2.0,0.8,1.4,-0.6,1.6,0.2,0.3333333333333333,47,0.6666666666666666,1.8,2.0,3.0,0.0,1.2,0.6,0.6,3.0,0.2,0.6,47,0.39999999999999997,1
475,dk5d5z6tlp1yels6ekcmyyhas,2021,2021-07-07 21:30:00,2021,7,quarta-feira,21,SC Internacional,São Paulo FC,Beira-Rio,Bruno Arleu de Araújo,No data,,7 de julho de 2021 21:30,0,2,away_win,2,https://optaplayerstats.statsperform.com/pt_BR/soccer/brasileir%C3%A3o-s%C3%A9rie-a-2021/cmto2xdcdarka1b708ac99jx0/match/view/dk5d5z6tlp1yels6ekcmyyhas,0,2,0,0,0,0,0,2,3,0,0,0,0,0,2,-2,5,0,0,0,0,1.2,1.0,3.0,1.0,1.2,1.2,0.0,2.6,0.4,0.4,47,0.19999999999999998,0.6,0.0,3.0,2.0,0.8,1.4,-0.6,2.6,0.0,0.2,47,0.13333333333333333,1
476,dkfwhu3tkpma3oddcem1gebkk,2021,2021-07-08 21:00:00,2021,7,quinta-feira,21,Chapecoense AF,SC Corinthians Paulista,Arena Condá,Ricardo Marques Ribeiro,No data,,8 de julho de 2021 21:00,0,1,away_win,2,https://optaplayerstats.statsperform.com/pt_BR/soccer/brasileir%C3%A3o-s%C3%A9rie-a-2021/cmto2xdcdarka1b708ac99jx0/match/view/dkfwhu3tkpma3oddcem1gebkk,0,3,0,0,0,0,0,1,0,0,0,0,0,0,1,-1,3,0,0,0,0,0.4,0.0,2.0,3.0,1.2,2.0,-0.8,1.8,0.2,0.13333333333333333,9,0.08333333333333333,1.4,1.0,4.0,0.0,0.8,0.6,0.2,1.4,0.0,0.4666666666666667,47,0.4666666666666666,1
477,dkns7atb3uzrbndj22vgm8s2c,2021,2021-07-10 16:30:00,2021,7,sábado,16,SE Palmeiras,Santos FC Sao Paulo,Allianz Parque,Braulio da Silva Machado,No data,,10 de julho de 2021 16:30,3,2,home_win,0,https://optaplayerstats.statsperform.com/pt_BR/soccer/brasileir%C3%A3o-s%C3%A9rie-a-2021/cmto2xdcdarka1b708ac99jx0/match/view/dkns7atb3uzrbndj22vgm8s2c,3,1,0,0,0,0,0,2,7,0,0,0,2,0,5,1,8,0,0,1,0,2.4,4.0,0.0,1.0,1.8,1.2,0.6,2.6,0.2,0.8,48,0.8666666666666667,1.6,2.0,2.0,1.0,1.2,1.0,0.2,3.0,0.0,0.5333333333333333,48,0.06666666666666667,1
478,dkvwl4q7avgznx3j94ffdtkic,2021,2021-07-10 16:30:00,2021,7,sábado,16,Grêmio FB Porto Alegrense,SC Internacional,Arena do Grêmio,Flavio Rodrigues De Souza,No data,,10 de julho de 2021 16:30,0,0,draw,1,https://optaplayerstats.statsperform.com/pt_BR/soccer/brasileir%C3%A3o-s%C3%A9rie-a-2021/cmto2xdcdarka1b708ac99jx0/match/view/dkvwl4q7avgznx3j94ffdtkic,0,1,0,0,0,0,0,0,2,0,0,0,0,0,0,0,3,0,0,0,0,0.4,0.0,2.0,3.0,0.4,1.4,-1.0,2.2,0.2,0.13333333333333333,46,0.3333333333333333,1.0,1.0,2.0,2.0,1.0,1.4,-0.4,2.6,0.4,0.3333333333333333,48,0.5333333333333333,1
479,dl4caicgfkzuxbe0w1lixdxxw,2021,2021-07-10 17:30:00,2021,7,sábado,17,Club Athletico Paranaense,Red Bull Bragantino,Arena da Baixada,Leandro Pedro Vuaden,No data,,10 de julho de 2021 17:30,2,2,draw,1,https://optaplayerstats.statsperform.com/pt_BR/soccer/brasileir%C3%A3o-s%C3%A9rie-a-2021/cmto2xdcdarka1b708ac99jx0/match/view/dl4caicgfkzuxbe0w1lixdxxw,2,0,0,0,0,0,0,2,4,0,0,0,0,0,4,0,4,0,0,0,0,1.4,2.0,1.0,2.0,2.0,1.6,0.4,2.0,0.4,0.4666666666666667,47,0.8666666666666667,2.2,3.0,2.0,0.0,1.4,0.6,0.8,2.2,0.0,0.7333333333333333,48,1.0,1
480,dkqehc547c4de92ltcah6n5lg,2021,2021-07-10 19:00:00,2021,7,sábado,19,São Paulo FC,EC Bahia,Morumbi,Marcelo de Lima Henrique,No data,,10 de julho de 2021 19:00,1,0,home_win,0,https://optaplayerstats.statsperform.com/pt_BR/soccer/brasileir%C3%A3o-s%C3%A9rie-a-2021/cmto2xdcdarka1b708ac99jx0/match/view/dkqehc547c4de92ltcah6n5lg,1,0,0,0,0,0,0,0,1,0,0,0,0,0,1,1,1,0,0,0,0,1.2,1.0,3.0,1.0,1.2,1.0,0.2,2.4,0.0,0.4,48,0.39999999999999997,1.8,3.0,0.0,2.0,2.0,1.6,0.4,2.6,0.0,0.6,48,0.6666666666666666,1
481,dkt9n4qwrabmrx6d6e3dmtdzo,2021,2021-07-10 19:00:00,2021,7,sábado,19,América FC (Minas Gerais),Clube Atlético Mineiro,Estádio Raimundo Sampaio,Anderson Daronco,No data,,10 de julho de 2021 19:00,0,1,away_win,2,https://optaplayerstats.statsperform.com/pt_BR/soccer/brasileir%C3%A3o-s%C3%A9rie-a-2021/cmto2xdcdarka1b708ac99jx0/match/view/dkt9n4qwrabmrx6d6e3dmtdzo,0,1,0,0,0,0,0,1,1,0,0,0,0,0,1,-1,2,0,0,0,0,1.6,2.0,2.0,1.0,1.6,1.8,-0.2,2.0,0.2,0.5333333333333333,10,0.39999999999999997,1.8,3.0,0.0,2.0,1.6,1.2,0.4,2.0,0.2,0.6,48,0.6,1
482,dl1jyptsdstbv4yn1qyt49wr8,2021,2021-07-10 19:00:00,2021,7,sábado,19,SC do Recife,Fluminense FC,Ilha do Retiro,Antonio Dib Moraes de Sousa,No data,,10 de julho de 2021 19:00,1,2,away_win,2,https://optaplayerstats.statsperform.com/pt_BR/soccer/brasileir%C3%A3o-s%C3%A9rie-a-2021/cmto2xdcdarka1b708ac99jx0/match/view/dl1jyptsdstbv4yn1qyt49wr8,1,1,0,0,0,1,0,2,3,0,0,0,0,0,3,-1,4,0,0,1,0,0.6,0.0,3.0,2.0,0.4,0.8,-0.4,2.2,0.0,0.2,48,0.26666666666666666,1.0,1.0,2.0,2.0,0.6,1.2,-0.6,2.0,0.2,0.3333333333333333,48,0.39999999999999997,1
483,dl70mcz51s62llcaa4whtc55g,2021,2021-07-11 11:00:00,2021,7,domingo,11,EC Juventude,Atlético Goianiense,Alfredo Jaconi,Wagner do Nascimento Magalhaes,No data,,11 de julho de 2021 11:00,1,1,draw,1,https://optaplayerstats.statsperform.com/pt_BR/soccer/brasileir%C3%A3o-s%C3%A9rie-a-2021/cmto2xdcdarka1b708ac99jx0/match/view/dl70mcz51s62llcaa4whtc55g,1,2,0,0,0,1,0,1,2,0,0,0,0,0,2,0,4,0,0,1,0,1.4,2.0,1.0,2.0,0.8,0.8,0.0,2.4,0.2,0.4666666666666667,10,0.6,1.4,2.0,1.0,2.0,0.8,1.2,-0.4,2.2,0.0,0.4666666666666667,47,0.4666666666666666,1
484,dkl46uhrc1flleblcymet7ztg,2021,2021-07-11 18:15:00,2021,7,domingo,18,CR Flamengo,Chapecoense AF,Estádio Jornalista Mário Filho (Maracanã),Paulo Cesar Zanovelli da Silva,No data,,11 de julho de 2021 18:15,2,1,home_win,0,https://optaplayerstats.statsperform.com/pt_BR/soccer/brasileir%C3%A3o-s%C3%A9rie-a-2021/cmto2xdcdarka1b708ac99jx0/match/view/dkl46uhrc1flleblcymet7ztg,2,3,0,0,0,0,0,1,3,0,0,0,0,0,3,1,6,0,0,0,0,1.2,2.0,0.0,3.0,1.0,1.0,0.0,2.0,0.0,0.4,46,0.6,0.2,0.0,1.0,4.0,1.0,2.0,-1.0,2.2,0.2,0.06666666666666667,10,0.19999999999999998,1
485,dl9z3qb3rucpd6yjr4ox0ctuc,2021,2021-07-11 18:15:00,2021,7,domingo,18,Cuiabá EC,Ceará SC,Arena Pantanal,Edina Alves Batista,No data,,11 de julho de 2021 18:15,2,2,draw,1,https://optaplayerstats.statsperform.com/pt_BR/soccer/brasileir%C3%A3o-s%C3%A9rie-a-2021/cmto2xdcdarka1b708ac99jx0/match/view/dl9z3qb3rucpd6yjr4ox0ctuc,2,1,0,1,1,0,0,2,2,0,0,0,0,0,4,0,3,1,1,0,0,0.6,0.0,3.0,2.0,0.6,1.2,-0.6,2.4,0.0,0.2,8,0.1111111111111111,1.8,2.0,3.0,0.0,1.0,0.4,0.6,3.2,0.2,0.6,48,0.26666666666666666,1
486,dkyo9nzgkxe4h7l92bvp8tjx0,2021,2021-07-11 20:30:00,2021,7,domingo,20,Fortaleza EC,SC Corinthians Paulista,Castelão,Caio Max Augusto Vieira,No data,,11 de julho de 2021 20:30,1,0,home_win,0,https://optaplayerstats.statsperform.com/pt_BR/soccer/brasileir%C3%A3o-s%C3%A9rie-a-2021/cmto2xdcdarka1b708ac99jx0/match/view/dkyo9nzgkxe4h7l92bvp8tjx0,1,4,0,0,0,0,0,0,3,0,0,0,0,0,1,1,7,0,0,0,0,1.4,2.0,1.0,2.0,1.8,1.2,0.6,2.8,0.2,0.4666666666666667,48,0.8666666666666667,1.8,2.0,3.0,0.0,1.0,0.6,0.4,0.8,0.0,0.6,48,0.6,1
487,dlk8qnj3cf5vmthw4sf8nee50,2021,2021-07-17 17:00:00,2021,7,sábado,17,São Paulo FC,Fortaleza EC,Morumbi,Sávio Pereira Sampaio,No data,,17 de julho de 2021 17:00,0,1,away_win,2,https://optaplayerstats.statsperform.com/pt_BR/soccer/brasileir%C3%A3o-s%C3%A9rie-a-2021/cmto2xdcdarka1b708ac99jx0/match/view/dlk8qnj3cf5vmthw4sf8nee50,0,4,0,0,0,0,0,1,2,0,0,0,0,0,1,-1,6,0,0,0,0,1.6,2.0,2.0,1.0,1.0,0.6,0.4,2.2,0.0,0.5333333333333333,49,0.39999999999999997,2.0,3.0,1.0,1.0,1.8,0.8,1.0,3.4,0.2,0.6666666666666666,49,0.3333333333333333,1
488,dlscrqp74v55kxonua5uxnv2s,2021,2021-07-17 17:00:00,2021,7,sábado,17,Ceará SC,Club Athletico Paranaense,Castelão,Marielson Alves Silva,No data,,17 de julho de 2021 17:00,1,0,home_win,0,https://optaplayerstats.statsperform.com/pt_BR/soccer/brasileir%C3%A3o-s%C3%A9rie-a-2021/cmto2xdcdarka1b708ac99jx0/match/view/dlscrqp74v55kxonua5uxnv2s,1,4,0,0,0,0,0,0,3,0,0,0,0,0,1,1,7,0,0,0,0,1.4,1.0,4.0,0.0,1.0,0.6,0.4,3.0,0.2,0.4666666666666667,49,0.6666666666666666,1.6,2.0,2.0,1.0,2.2,1.6,0.6,1.6,0.0,0.5333333333333333,48,0.6,1
489,dlfeznqpl9z0rx4x2ejnq9tzo,2021,2021-07-17 19:00:00,2021,7,sábado,19,SC Corinthians Paulista,Clube Atlético Mineiro,Neo Química Arena,Jean Pierre Goncalves Lima,No data,,17 de julho de 2021 19:00,1,2,away_win,2,https://optaplayerstats.statsperform.com/pt_BR/soccer/brasileir%C3%A3o-s%C3%A9rie-a-2021/cmto2xdcdarka1b708ac99jx0/match/view/dlfeznqpl9z0rx4x2ejnq9tzo,1,0,0,0,0,0,0,2,2,0,0,0,0,0,3,-1,2,0,0,0,0,1.2,1.0,3.0,1.0,0.6,0.6,0.0,1.4,0.0,0.4,49,0.3333333333333333,2.4,4.0,0.0,1.0,1.6,0.8,0.8,1.4,0.2,0.8,49,0.6,1
490,dlcri42hzo1zizh4fdqovb9xw,2021,2021-07-17 21:00:00,2021,7,sábado,21,Fluminense FC,Grêmio FB Porto Alegrense,Estádio Jornalista Mário Filho (Maracanã),Paulo Roberto Alves Júnior,No data,,17 de julho de 2021 21:00,0,1,away_win,2,https://optaplayerstats.statsperform.com/pt_BR/soccer/brasileir%C3%A3o-s%C3%A9rie-a-2021/cmto2xdcdarka1b708ac99jx0/match/view/dlcri42hzo1zizh4fdqovb9xw,0,1,0,0,0,0,0,1,4,0,0,0,1,0,1,-1,5,0,0,1,0,1.6,2.0,2.0,1.0,1.0,1.2,-0.2,2.0,0.2,0.5333333333333333,49,0.5333333333333333,0.4,0.0,2.0,3.0,0.0,1.0,-1.0,2.0,0.2,0.13333333333333333,47,0.0,1
491,dm0wt1fc5qduvmali831unzmc,2021,2021-07-18 11:00:00,2021,7,domingo,11,Chapecoense AF,Cuiabá EC,Arena Condá,Jefferson Ferreira de Moraes,No data,,18 de julho de 2021 11:00,2,3,away_win,2,https://optaplayerstats.statsperform.com/pt_BR/soccer/brasileir%C3%A3o-s%C3%A9rie-a-2021/cmto2xdcdarka1b708ac99jx0/match/view/dm0wt1fc5qduvmali831unzmc,2,2,0,0,0,0,0,3,2,0,0,0,0,0,5,-1,4,0,0,0,0,0.2,0.0,1.0,4.0,1.0,2.0,-1.0,2.4,0.0,0.06666666666666667,11,0.06666666666666667,0.6,0.0,3.0,2.0,0.6,1.2,-0.6,2.4,0.2,0.2,9,0.26666666666666666,1
492,dm3qgwdbqt2vzm4xvi40qarys,2021,2021-07-18 16:00:00,2021,7,domingo,16,Atlético Goianiense,SE Palmeiras,Serra Dourada,Denis Ribeiro Serafim,No data,,18 de julho de 2021 16:00,0,3,away_win,2,https://optaplayerstats.statsperform.com/pt_BR/soccer/brasileir%C3%A3o-s%C3%A9rie-a-2021/cmto2xdcdarka1b708ac99jx0/match/view/dm3qgwdbqt2vzm4xvi40qarys,0,2,0,0,0,0,0,3,2,0,0,0,0,1,3,-3,4,0,0,0,1,1.0,1.0,2.0,2.0,0.8,1.4,-0.6,2.0,0.0,0.3333333333333333,48,0.5333333333333333,3.0,5.0,0.0,0.0,2.2,1.0,1.2,2.2,0.2,1.0,49,0.6,1
493,dlv7j6b7hu7ybirmgseanmihg,2021,2021-07-18 18:15:00,2021,7,domingo,18,EC Bahia,CR Flamengo,Arena Fonte Nova,Wilton Pereira Sampaio,No data,,18 de julho de 2021 18:15,0,5,away_win,2,https://optaplayerstats.statsperform.com/pt_BR/soccer/brasileir%C3%A3o-s%C3%A9rie-a-2021/cmto2xdcdarka1b708ac99jx0/match/view/dlv7j6b7hu7ybirmgseanmihg,0,5,0,0,0,0,0,5,1,0,0,0,1,0,5,-5,6,0,0,1,0,1.2,2.0,0.0,3.0,1.6,1.6,0.0,2.4,0.0,0.4,49,0.4666666666666666,1.2,2.0,0.0,3.0,1.0,1.0,0.0,2.4,0.0,0.4,47,0.26666666666666666,1
494,dlppk1fmdsugpzdkffdfzc2dw,2021,2021-07-18 20:30:00,2021,7,domingo,20,SC Internacional,EC Juventude,Beira-Rio,Rodolpho Toski Marques,No data,,18 de julho de 2021 20:30,1,0,home_win,0,https://optaplayerstats.statsperform.com/pt_BR/soccer/brasileir%C3%A3o-s%C3%A9rie-a-2021/cmto2xdcdarka1b708ac99jx0/match/view/dlppk1fmdsugpzdkffdfzc2dw,1,4,0,0,0,0,0,0,5,2,0,2,0,0,1,1,9,2,1,0,0,0.6,0.0,3.0,2.0,0.6,1.2,-0.6,2.4,0.0,0.2,49,0.13333333333333333,1.4,2.0,1.0,2.0,0.8,0.8,0.0,2.4,0.2,0.4666666666666667,11,0.19999999999999998,1
495,dlxxv57wzuz1mego4uznziql0,2021,2021-07-18 20:30:00,2021,7,domingo,20,Red Bull Bragantino,Santos FC Sao Paulo,Nabizão,Luiz Flávio de Oliveira,No data,,18 de julho de 2021 20:30,2,2,draw,1,https://optaplayerstats.statsperform.com/pt_BR/soccer/brasileir%C3%A3o-s%C3%A9rie-a-2021/cmto2xdcdarka1b708ac99jx0/match/view/dlxxv57wzuz1mego4uznziql0,2,4,0,0,0,0,0,2,7,0,0,0,0,0,4,0,11,0,0,0,0,1.8,2.0,3.0,0.0,1.2,0.8,0.4,2.4,0.0,0.6,49,0.4666666666666666,1.4,2.0,1.0,2.0,1.2,1.2,0.0,3.6,0.0,0.4666666666666667,49,0.06666666666666667,1
496,dln133b0sz2o38t7n454wgjdg,2021,2021-07-19 20:00:00,2021,7,segunda-feira,20,América FC (Minas Gerais),SC do Recife,Estádio Raimundo Sampaio,Vinicius Gomes do Amaral,No data,,19 de julho de 2021 20:00,0,1,away_win,2,https://optaplayerstats.statsperform.com/pt_BR/soccer/brasileir%C3%A3o-s%C3%A9rie-a-2021/cmto2xdcdarka1b708ac99jx0/match/view/dln133b0sz2o38t7n454wgjdg,0,1,0,0,0,0,0,1,3,0,0,0,0,0,1,-1,4,0,0,0,0,1.4,2.0,1.0,2.0,1.4,1.8,-0.4,1.8,0.0,0.4666666666666667,11,0.39999999999999997,0.6,0.0,3.0,2.0,0.4,0.8,-0.4,1.8,0.0,0.2,49,0.13333333333333333,1
497,df7ulg4chtgoatpngt7nl07bo,2021,2021-07-21 19:00:00,2021,7,quarta-feira,19,Cuiabá EC,Atlético Goianiense,Arena Pantanal,Dyorgines José Padovani Andrade,No data,,21 de julho de 2021 19:00,2,1,home_win,0,https://optaplayerstats.statsperform.com/pt_BR/soccer/brasileir%C3%A3o-s%C3%A9rie-a-2021/cmto2xdcdarka1b708ac99jx0/match/view/df7ulg4chtgoatpngt7nl07bo,2,5,0,0,0,0,0,1,5,1,1,2,0,0,3,1,10,2,1,0,0,1.0,1.0,2.0,2.0,1.2,1.6,-0.4,2.6,0.2,0.3333333333333333,10,0.16666666666666666,1.0,1.0,2.0,2.0,0.8,1.8,-1.0,2.0,0.0,0.3333333333333333,49,0.4666666666666666,1
498,dmh7w5a3yfaqx9wbx8r7k1fro,2021,2021-07-24 17:00:00,2021,7,sábado,17,Grêmio FB Porto Alegrense,América FC (Minas Gerais),Arena do Grêmio,Alisson Sidnei Furtado,No data,,24 de julho de 2021 17:00,1,1,draw,1,https://optaplayerstats.statsperform.com/pt_BR/soccer/brasileir%C3%A3o-s%C3%A9rie-a-2021/cmto2xdcdarka1b708ac99jx0/match/view/dmh7w5a3yfaqx9wbx8r7k1fro,1,3,0,0,0,0,0,1,3,0,0,0,0,0,2,0,6,0,0,0,0,0.8,1.0,1.0,3.0,0.2,1.0,-0.8,2.4,0.0,0.26666666666666666,48,0.19999999999999998,1.2,2.0,0.0,3.0,1.2,1.8,-0.6,1.6,0.0,0.4,12,0.19999999999999998,1
499,dm996ozdyaumtfkczbn3o0sus,2021,2021-07-24 19:00:00,2021,7,sábado,19,SE Palmeiras,Fluminense FC,Allianz Parque,Sávio Pereira Sampaio,No data,,24 de julho de 2021 19:00,1,0,home_win,0,https://optaplayerstats.statsperform.com/pt_BR/soccer/brasileir%C3%A3o-s%C3%A9rie-a-2021/cmto2xdcdarka1b708ac99jx0/match/view/dm996ozdyaumtfkczbn3o0sus,1,1,0,0,0,0,1,0,2,0,0,0,0,0,1,1,3,0,0,0,1,3.0,5.0,0.0,0.0,2.2,0.6,1.6,1.8,0.2,1.0,50,0.8666666666666667,1.4,2.0,1.0,2.0,0.8,1.2,-0.4,1.6,0.0,0.4666666666666667,50,0.5333333333333333,1
500,dmeonybs6rzmoiml4mjn4w2s4,2021,2021-07-25 11:00:00,2021,7,domingo,11,Clube Atlético Mineiro,EC Bahia,Mineirão,Antonio Dib Moraes de Sousa,No data,,25 de julho de 2021 11:00,3,0,home_win,0,https://optaplayerstats.statsperform.com/pt_BR/soccer/brasileir%C3%A3o-s%C3%A9rie-a-2021/cmto2xdcdarka1b708ac99jx0/match/view/dmeonybs6rzmoiml4mjn4w2s4,3,2,0,0,0,1,0,0,1,0,0,0,0,0,3,3,3,0,0,1,0,3.0,5.0,0.0,0.0,2.0,0.6,1.4,1.2,0.0,1.0,50,0.6666666666666666,1.2,2.0,0.0,3.0,1.2,2.0,-0.8,2.6,0.0,0.4,50,0.4666666666666666,1
501,dm6pfnq7t0j6s8uewsp7detjo,2021,2021-07-25 16:00:00,2021,7,domingo,16,CR Flamengo,São Paulo FC,Estádio Jornalista Mário Filho (Maracanã),Felipe Fernandes de Lima,No data,,25 de julho de 2021 16:00,5,1,home_win,0,https://optaplayerstats.statsperform.com/pt_BR/soccer/brasileir%C3%A3o-s%C3%A9rie-a-2021/cmto2xdcdarka1b708ac99jx0/match/view/dm6pfnq7t0j6s8uewsp7detjo,5,4,0,0,0,0,1,1,6,0,0,0,0,0,6,4,10,0,0,0,1,1.8,3.0,0.0,2.0,2.0,0.8,1.2,2.4,0.0,0.6,48,0.6,1.4,2.0,1.0,2.0,0.8,0.6,0.2,1.8,0.0,0.4666666666666667,50,0.3333333333333333,1
502,dmjpn3bnup1uwzkqiyqesz7ro,2021,2021-07-25 16:00:00,2021,7,domingo,16,Fortaleza EC,Red Bull Bragantino,Castelão,Bruno Arleu de Araújo,No data,,25 de julho de 2021 16:00,1,0,home_win,0,https://optaplayerstats.statsperform.com/pt_BR/soccer/brasileir%C3%A3o-s%C3%A9rie-a-2021/cmto2xdcdarka1b708ac99jx0/match/view/dmjpn3bnup1uwzkqiyqesz7ro,1,4,0,0,0,0,0,0,3,1,0,1,0,0,1,1,7,1,1,0,0,2.4,4.0,0.0,1.0,2.0,0.8,1.2,3.0,0.2,0.8,50,0.8666666666666667,1.4,1.0,4.0,0.0,1.4,1.2,0.2,2.8,0.0,0.4666666666666667,50,0.8666666666666667,1
503,dmc0psskrwehp76ubjixp1gd0,2021,2021-07-25 18:15:00,2021,7,domingo,18,Santos FC Sao Paulo,Atlético Goianiense,Vila Belmiro,Leandro Pedro Vuaden,No data,,25 de julho de 2021 18:15,0,1,away_win,2,https://optaplayerstats.statsperform.com/pt_BR/soccer/brasileir%C3%A3o-s%C3%A9rie-a-2021/cmto2xdcdarka1b708ac99jx0/match/view/dmc0psskrwehp76ubjixp1gd0,0,2,0,0,0,0,0,1,2,0,0,0,1,0,1,-1,4,0,0,1,0,1.0,1.0,2.0,2.0,1.2,1.6,-0.4,4.2,0.0,0.3333333333333333,50,0.7333333333333334,1.0,1.0,2.0,2.0,0.8,1.4,-0.6,2.6,0.4,0.3333333333333333,50,0.26666666666666666,1
504,dmp5o8y67wjcny92stxzv0rh0,2021,2021-07-25 18:15:00,2021,7,domingo,18,Club Athletico Paranaense,SC Internacional,Arena da Baixada,Thiago Luis Scarascati,No data,,25 de julho de 2021 18:15,2,1,home_win,0,https://optaplayerstats.statsperform.com/pt_BR/soccer/brasileir%C3%A3o-s%C3%A9rie-a-2021/cmto2xdcdarka1b708ac99jx0/match/view/dmp5o8y67wjcny92stxzv0rh0,2,4,0,0,0,0,0,1,4,0,0,0,1,0,3,1,8,0,0,1,0,1.4,2.0,1.0,2.0,1.8,1.4,0.4,2.0,0.0,0.4666666666666667,49,0.7333333333333334,1.0,1.0,2.0,2.0,0.6,1.0,-0.4,2.6,0.0,0.3333333333333333,50,0.6,1
505,dmmcv6o7d75bx9jgmxtc6wnpw,2021,2021-07-25 20:30:00,2021,7,domingo,20,SC do Recife,Ceará SC,Ilha do Retiro,Vinicius Gonçalves Dias Araujo,No data,,25 de julho de 2021 20:30,0,0,draw,1,https://optaplayerstats.statsperform.com/pt_BR/soccer/brasileir%C3%A3o-s%C3%A9rie-a-2021/cmto2xdcdarka1b708ac99jx0/match/view/dmmcv6o7d75bx9jgmxtc6wnpw,0,4,0,0,0,0,0,0,1,0,0,0,0,0,0,0,5,0,0,0,0,1.0,1.0,2.0,2.0,0.6,0.8,-0.2,2.4,0.0,0.3333333333333333,50,0.26666666666666666,1.8,2.0,3.0,0.0,1.0,0.4,0.6,3.0,0.2,0.6,50,0.3333333333333333,1
506,dms4t8k3ubrm8mre6uvo1hbmc,2021,2021-07-26 18:00:00,2021,7,segunda-feira,18,EC Juventude,Chapecoense AF,Alfredo Jaconi,Léo Simão Holanda,No data,,26 de julho de 2021 18:00,1,0,home_win,0,https://optaplayerstats.statsperform.com/pt_BR/soccer/brasileir%C3%A3o-s%C3%A9rie-a-2021/cmto2xdcdarka1b708ac99jx0/match/view/dms4t8k3ubrm8mre6uvo1hbmc,1,5,0,0,0,0,0,0,1,0,0,0,0,0,1,1,6,0,0,0,0,0.8,1.0,1.0,3.0,0.6,1.0,-0.4,3.0,0.6,0.26666666666666666,12,0.6666666666666666,0.0,0.0,0.0,5.0,1.0,2.2,-1.2,2.6,0.0,0.0,12,0.19999999999999998,1
507,dmusgyrwsgmy4lwfvxie7coic,2021,2021-07-26 20:00:00,2021,7,segunda-feira,20,Cuiabá EC,SC Corinthians Paulista,Arena Pantanal,Ramon Abatti,No data,,26 de julho de 2021 20:00,1,2,away_win,2,https://optaplayerstats.statsperform.com/pt_BR/soccer/brasileir%C3%A3o-s%C3%A9rie-a-2021/cmto2xdcdarka1b708ac99jx0/match/view/dmusgyrwsgmy4lwfvxie7coic,1,2,1,0,1,0,0,2,1,0,0,0,0,0,3,-1,3,1,1,0,0,1.6,2.0,2.0,1.0,1.6,1.4,0.2,3.0,0.2,0.5333333333333333,11,0.3333333333333333,1.0,1.0,2.0,2.0,0.6,0.8,-0.2,1.2,0.0,0.3333333333333333,50,0.39999999999999997,1
508,dn4wmz0haamek37z2woalj6s4,2021,2021-07-31 19:00:00,2021,7,sábado,19,São Paulo FC,SE Palmeiras,Morumbi,Luiz Flávio de Oliveira,No data,,31 de julho de 2021 19:00,0,0,draw,1,https://optaplayerstats.statsperform.com/pt_BR/soccer/brasileir%C3%A3o-s%C3%A9rie-a-2021/cmto2xdcdarka1b708ac99jx0/match/view/dn4wmz0haamek37z2woalj6s4,0,3,1,0,1,0,0,0,3,0,0,0,0,0,0,0,6,1,1,0,0,1.2,2.0,0.0,3.0,1.0,1.6,-0.6,2.8,0.0,0.4,51,0.3333333333333333,3.0,5.0,0.0,0.0,2.0,0.4,1.6,1.4,0.0,1.0,51,0.7999999999999999,1
509,dnajjmxyn0c2lqoc47juy7cpg,2021,2021-07-31 20:00:00,2021,7,sábado,20,SC Internacional,Cuiabá EC,Beira-Rio,Paulo Cesar Zanovelli da Silva,No data,,31 de julho de 2021 20:00,0,0,draw,1,https://optaplayerstats.statsperform.com/pt_BR/soccer/brasileir%C3%A3o-s%C3%A9rie-a-2021/cmto2xdcdarka1b708ac99jx0/match/view/dnajjmxyn0c2lqoc47juy7cpg,0,2,0,1,1,0,0,0,3,0,0,0,0,0,0,0,5,1,1,0,0,1.0,1.0,2.0,2.0,0.6,1.0,-0.4,2.8,0.0,0.3333333333333333,51,0.26666666666666666,1.6,2.0,2.0,1.0,1.8,1.6,0.2,2.4,0.4,0.5333333333333333,12,0.4666666666666666,1
510,dnirhev0pc9iw0qraewyto8ic,2021,2021-07-31 21:00:00,2021,7,sábado,21,Red Bull Bragantino,Grêmio FB Porto Alegrense,Nabizão,Ricardo Marques Ribeiro,No data,,31 de julho de 2021 21:00,1,0,home_win,0,https://optaplayerstats.statsperform.com/pt_BR/soccer/brasileir%C3%A3o-s%C3%A9rie-a-2021/cmto2xdcdarka1b708ac99jx0/match/view/dnirhev0pc9iw0qraewyto8ic,1,1,0,0,0,0,0,0,2,0,0,0,0,0,1,1,3,0,0,0,0,1.2,1.0,3.0,1.0,1.4,1.4,0.0,3.2,0.2,0.4,51,0.4666666666666666,1.0,1.0,2.0,2.0,0.4,0.8,-0.4,2.8,0.0,0.3333333333333333,49,0.19999999999999998,1
511,dn24hrz3gblscs39n4f7n5gk4,2021,2021-08-01 16:00:00,2021,8,domingo,16,SC Corinthians Paulista,CR Flamengo,Neo Química Arena,Leandro Pedro Vuaden,No data,,1 de agosto de 2021 16:00,1,3,away_win,2,https://optaplayerstats.statsperform.com/pt_BR/soccer/brasileir%C3%A3o-s%C3%A9rie-a-2021/cmto2xdcdarka1b708ac99jx0/match/view/dn24hrz3gblscs39n4f7n5gk4,1,1,0,0,0,0,0,3,1,0,0,0,0,0,4,-2,2,0,0,0,0,1.4,2.0,1.0,2.0,1.0,1.0,0.0,1.2,0.0,0.4666666666666667,51,0.3333333333333333,1.8,3.0,0.0,2.0,2.6,1.0,1.6,2.2,0.0,0.6,49,0.39999999999999997,1
512,dn7p1ij9q2ltosbo4ph9zyo7o,2021,2021-08-01 16:00:00,2021,8,domingo,16,Clube Atlético Mineiro,Club Athletico Paranaense,Mineirão,Braulio da Silva Machado,No data,,1 de agosto de 2021 16:00,2,0,home_win,0,https://optaplayerstats.statsperform.com/pt_BR/soccer/brasileir%C3%A3o-s%C3%A9rie-a-2021/cmto2xdcdarka1b708ac99jx0/match/view/dn7p1ij9q2ltosbo4ph9zyo7o,2,3,0,1,1,1,0,0,4,0,0,0,0,0,2,2,7,1,1,1,0,3.0,5.0,0.0,0.0,1.8,0.4,1.4,1.6,0.0,1.0,51,0.8666666666666667,1.4,2.0,1.0,2.0,1.4,1.4,0.0,2.4,0.0,0.4666666666666667,50,0.39999999999999997,1
513,dng24h6gixz8w4gfpupseb6z8,2021,2021-08-01 18:15:00,2021,8,domingo,18,EC Bahia,SC do Recife,Pituaçu,Jefferson Ferreira de Moraes,No data,,1 de agosto de 2021 18:15,0,1,away_win,2,https://optaplayerstats.statsperform.com/pt_BR/soccer/brasileir%C3%A3o-s%C3%A9rie-a-2021/cmto2xdcdarka1b708ac99jx0/match/view/dng24h6gixz8w4gfpupseb6z8,0,2,0,0,0,0,0,1,3,0,0,0,0,0,1,-1,5,0,0,0,0,1.2,2.0,0.0,3.0,0.6,1.8,-1.2,2.0,0.0,0.4,51,0.4666666666666666,1.0,1.0,2.0,2.0,0.6,0.8,-0.2,2.4,0.0,0.3333333333333333,51,0.3333333333333333,1
514,dnle04zlxxf9gifznzo0u2bro,2021,2021-08-01 18:15:00,2021,8,domingo,18,Chapecoense AF,Santos FC Sao Paulo,Arena Condá,Rodolpho Toski Marques,No data,,1 de agosto de 2021 18:15,0,1,away_win,2,https://optaplayerstats.statsperform.com/pt_BR/soccer/brasileir%C3%A3o-s%C3%A9rie-a-2021/cmto2xdcdarka1b708ac99jx0/match/view/dnle04zlxxf9gifznzo0u2bro,0,1,0,0,0,0,0,1,0,0,0,0,1,0,1,-1,1,0,0,1,0,0.0,0.0,0.0,5.0,0.6,1.8,-1.2,2.2,0.0,0.0,13,0.06666666666666667,0.8,1.0,1.0,3.0,1.2,1.8,-0.6,4.4,0.0,0.26666666666666666,51,0.13333333333333333,1
515,dndcia7pn5rsq8auysxtppuz8,2021,2021-08-01 20:30:00,2021,8,domingo,20,Ceará SC,Fortaleza EC,Castelão,Denis Ribeiro Serafim,No data,,1 de agosto de 2021 20:30,3,1,home_win,0,https://optaplayerstats.statsperform.com/pt_BR/soccer/brasileir%C3%A3o-s%C3%A9rie-a-2021/cmto2xdcdarka1b708ac99jx0/match/view/dndcia7pn5rsq8auysxtppuz8,3,2,0,0,0,0,0,1,3,0,0,0,0,0,4,2,5,0,0,0,0,1.8,2.0,3.0,0.0,1.0,0.4,0.6,2.6,0.0,0.6,51,0.6666666666666666,2.4,4.0,0.0,1.0,1.6,0.4,1.2,3.0,0.0,0.8,51,0.3333333333333333,1
516,dnnwwiwsivif21jfl0c4wiqdw,2021,2021-08-01 20:30:00,2021,8,domingo,20,Atlético Goianiense,América FC (Minas Gerais),Estádio Antônio Accioly,Douglas Marques das Flores,No data,,1 de agosto de 2021 20:30,1,1,draw,1,https://optaplayerstats.statsperform.com/pt_BR/soccer/brasileir%C3%A3o-s%C3%A9rie-a-2021/cmto2xdcdarka1b708ac99jx0/match/view/dnnwwiwsivif21jfl0c4wiqdw,1,4,0,0,0,0,0,1,0,0,0,0,0,0,2,0,4,0,0,0,0,1.0,1.0,2.0,2.0,0.8,1.4,-0.6,3.0,0.4,0.3333333333333333,51,0.3333333333333333,0.8,1.0,1.0,3.0,0.6,1.4,-0.8,2.2,0.0,0.26666666666666666,13,0.26666666666666666,1
517,do7imp7nax8brhkpg97zch0r8,2021,2021-08-06 19:00:00,2021,8,sexta-feira,19,SC do Recife,Red Bull Bragantino,Ilha do Retiro,Wagner do Nascimento Magalhaes,No data,,6 de agosto de 2021 19:00,0,0,draw,1,https://optaplayerstats.statsperform.com/pt_BR/soccer/brasileir%C3%A3o-s%C3%A9rie-a-2021/cmto2xdcdarka1b708ac99jx0/match/view/do7imp7nax8brhkpg97zch0r8,0,3,0,0,0,0,0,0,1,0,0,0,0,0,0,0,4,0,0,0,0,1.6,2.0,2.0,1.0,0.8,0.6,0.2,2.4,0.0,0.5333333333333333,52,0.3333333333333333,1.2,1.0,3.0,1.0,1.2,1.2,0.0,3.0,0.2,0.4,52,0.6666666666666666,1
518,doa95g02tl8lg0rwdw57wqhas,2021,2021-08-07 18:00:00,2021,8,sábado,18,Club Athletico Paranaense,São Paulo FC,Arena da Baixada,Jean Pierre Goncalves Lima,No data,,7 de agosto de 2021 18:00,1,2,away_win,2,https://optaplayerstats.statsperform.com/pt_BR/soccer/brasileir%C3%A3o-s%C3%A9rie-a-2021/cmto2xdcdarka1b708ac99jx0/match/view/doa95g02tl8lg0rwdw57wqhas,1,3,0,0,0,0,0,2,4,1,0,1,1,0,3,-1,7,1,1,1,0,0.8,1.0,1.0,3.0,1.0,1.6,-0.6,2.6,0.0,0.26666666666666666,51,0.7333333333333334,1.4,2.0,1.0,2.0,0.8,1.2,-0.4,3.2,0.2,0.4666666666666667,52,0.3333333333333333,1
519,dnt6jg7b8gkxpg9fkvg0szp5g,2021,2021-08-07 21:00:00,2021,8,sábado,21,SE Palmeiras,Fortaleza EC,Allianz Parque,Wilton Pereira Sampaio,No data,,7 de agosto de 2021 21:00,2,3,away_win,2,https://optaplayerstats.statsperform.com/pt_BR/soccer/brasileir%C3%A3o-s%C3%A9rie-a-2021/cmto2xdcdarka1b708ac99jx0/match/view/dnt6jg7b8gkxpg9fkvg0szp5g,2,5,0,1,1,0,1,3,2,0,1,1,0,0,5,-1,7,2,1,0,1,2.6,4.0,1.0,0.0,1.8,0.4,1.4,1.8,0.0,0.8666666666666667,52,1.0,2.4,4.0,0.0,1.0,1.6,0.6,1.0,3.0,0.0,0.8,52,0.26666666666666666,1
520,dohrvapxuajahsby2drvxmsd0,2021,2021-08-07 21:00:00,2021,8,sábado,21,Cuiabá EC,EC Bahia,Arena Pantanal,Heber Roberto Lopes,No data,,7 de agosto de 2021 21:00,1,1,draw,1,https://optaplayerstats.statsperform.com/pt_BR/soccer/brasileir%C3%A3o-s%C3%A9rie-a-2021/cmto2xdcdarka1b708ac99jx0/match/view/dohrvapxuajahsby2drvxmsd0,1,1,1,0,1,0,0,1,2,0,0,0,0,0,2,0,3,1,1,0,0,1.6,2.0,2.0,1.0,1.6,1.4,0.2,2.6,0.4,0.5333333333333333,13,0.26666666666666666,0.6,1.0,0.0,4.0,0.2,2.0,-1.8,2.2,0.0,0.2,52,0.39999999999999997,1
521,dnvyv9d0v4klbib5wo9rg9mhg,2021,2021-08-08 16:00:00,2021,8,domingo,16,Santos FC Sao Paulo,SC Corinthians Paulista,Vila Belmiro,Flavio Rodrigues De Souza,No data,,8 de agosto de 2021 16:00,0,0,draw,1,https://optaplayerstats.statsperform.com/pt_BR/soccer/brasileir%C3%A3o-s%C3%A9rie-a-2021/cmto2xdcdarka1b708ac99jx0/match/view/dnvyv9d0v4klbib5wo9rg9mhg,0,2,0,0,0,0,0,0,1,0,0,0,0,0,0,0,3,0,0,0,0,1.4,2.0,1.0,2.0,1.4,1.4,0.0,3.6,0.0,0.4666666666666667,52,0.6666666666666666,1.2,2.0,0.0,3.0,1.0,1.4,-0.4,1.0,0.0,0.4,52,0.5333333333333333,1
522,dnyok4rptdcfcennx7fwdiu50,2021,2021-08-08 16:00:00,2021,8,domingo,16,América FC (Minas Gerais),Fluminense FC,Estádio Raimundo Sampaio,Marielson Alves Silva,No data,,8 de agosto de 2021 16:00,1,0,home_win,0,https://optaplayerstats.statsperform.com/pt_BR/soccer/brasileir%C3%A3o-s%C3%A9rie-a-2021/cmto2xdcdarka1b708ac99jx0/match/view/dnyok4rptdcfcennx7fwdiu50,1,2,0,0,0,0,0,0,2,0,0,0,0,0,1,1,4,0,0,0,0,0.4,0.0,2.0,3.0,0.4,1.6,-1.2,1.2,0.0,0.13333333333333333,14,0.3333333333333333,1.4,2.0,1.0,2.0,0.6,0.6,0.0,1.8,0.0,0.4666666666666667,51,0.4666666666666666,1
523,dod1ksjiw38exvcnh9slal444,2021,2021-08-08 16:00:00,2021,8,domingo,16,EC Juventude,Clube Atlético Mineiro,Alfredo Jaconi,André Luiz de Freitas Castro,No data,,8 de agosto de 2021 16:00,1,2,away_win,2,https://optaplayerstats.statsperform.com/pt_BR/soccer/brasileir%C3%A3o-s%C3%A9rie-a-2021/cmto2xdcdarka1b708ac99jx0/match/view/dod1ksjiw38exvcnh9slal444,1,1,0,0,0,0,0,2,3,0,0,0,0,0,3,-1,4,0,0,0,0,0.8,1.0,1.0,3.0,0.4,1.0,-0.6,3.4,0.6,0.26666666666666666,13,0.8666666666666667,3.0,5.0,0.0,0.0,2.0,0.4,1.6,1.8,0.2,1.0,52,0.6,1
524,dnqlfjpug4carx6x3mbtqhs0k,2021,2021-08-08 18:15:00,2021,8,domingo,18,CR Flamengo,SC Internacional,Estádio Jornalista Mário Filho (Maracanã),Paulo Roberto Alves Júnior,No data,,8 de agosto de 2021 18:15,0,4,away_win,2,https://optaplayerstats.statsperform.com/pt_BR/soccer/brasileir%C3%A3o-s%C3%A9rie-a-2021/cmto2xdcdarka1b708ac99jx0/match/view/dnqlfjpug4carx6x3mbtqhs0k,0,2,0,1,1,0,0,4,2,0,0,0,0,0,4,-4,4,1,1,0,0,2.4,4.0,0.0,1.0,3.2,1.0,2.2,2.0,0.0,0.8,50,0.6,1.0,1.0,2.0,2.0,0.4,0.8,-0.4,2.8,0.2,0.3333333333333333,52,0.39999999999999997,1
525,do4p0luooa8iu2q5duknp3lsk,2021,2021-08-08 18:15:00,2021,8,domingo,18,Ceará SC,Atlético Goianiense,Castelão,Rafael Traci,No data,,8 de agosto de 2021 18:15,0,0,draw,1,https://optaplayerstats.statsperform.com/pt_BR/soccer/brasileir%C3%A3o-s%C3%A9rie-a-2021/cmto2xdcdarka1b708ac99jx0/match/view/do4p0luooa8iu2q5duknp3lsk,0,2,0,0,0,0,0,0,2,0,0,0,0,0,0,0,4,0,0,0,0,1.8,2.0,3.0,0.0,1.2,0.6,0.6,2.6,0.0,0.6,52,0.8666666666666667,1.0,1.0,2.0,2.0,0.8,1.4,-0.6,3.0,0.4,0.3333333333333333,52,0.4666666666666666,1
526,do1odcuh44c1ja8q34aal3k7o,2021,2021-08-09 20:00:00,2021,8,segunda-feira,20,Grêmio FB Porto Alegrense,Chapecoense AF,Arena do Grêmio,Marcelo de Lima Henrique,No data,,9 de agosto de 2021 20:00,2,1,home_win,0,https://optaplayerstats.statsperform.com/pt_BR/soccer/brasileir%C3%A3o-s%C3%A9rie-a-2021/cmto2xdcdarka1b708ac99jx0/match/view/do1odcuh44c1ja8q34aal3k7o,2,1,0,0,0,1,0,1,3,0,0,0,0,0,3,1,4,0,0,1,0,1.0,1.0,2.0,2.0,0.4,0.8,-0.4,2.6,0.0,0.3333333333333333,50,0.26666666666666666,0.0,0.0,0.0,5.0,0.6,1.6,-1.0,2.0,0.0,0.0,14,0.13333333333333333,1
527,dp3t3wnltqjqxrb4qt9jpbbx0,2021,2021-08-14 17:00:00,2021,8,sábado,17,Red Bull Bragantino,EC Juventude,Nabizão,Denis Ribeiro Serafim,No data,,14 de agosto de 2021 17:00,1,2,away_win,2,https://optaplayerstats.statsperform.com/pt_BR/soccer/brasileir%C3%A3o-s%C3%A9rie-a-2021/cmto2xdcdarka1b708ac99jx0/match/view/dp3t3wnltqjqxrb4qt9jpbbx0,1,4,0,0,0,0,0,2,4,0,0,0,0,0,3,-1,8,0,0,0,0,1.2,1.0,3.0,1.0,1.0,1.0,0.0,2.6,0.2,0.4,53,0.6,0.8,1.0,1.0,3.0,0.6,1.0,-0.4,3.2,0.4,0.26666666666666666,14,0.13333333333333333,1
528,dosyatevt8n1541wx70wlk3ys,2021,2021-08-14 19:00:00,2021,8,sábado,19,Clube Atlético Mineiro,SE Palmeiras,Mineirão,Bruno Arleu de Araújo,No data,,14 de agosto de 2021 19:00,2,0,home_win,0,https://optaplayerstats.statsperform.com/pt_BR/soccer/brasileir%C3%A3o-s%C3%A9rie-a-2021/cmto2xdcdarka1b708ac99jx0/match/view/dosyatevt8n1541wx70wlk3ys,2,2,0,0,0,0,0,0,2,2,1,3,0,0,2,2,4,3,1,0,0,3.0,5.0,0.0,0.0,2.0,0.4,1.6,2.2,0.2,1.0,53,0.8666666666666667,2.0,3.0,1.0,1.0,1.8,1.0,0.8,2.4,0.2,0.6666666666666666,53,0.6666666666666666,1
529,doq82g8ejmiwewttsvyx2u784,2021,2021-08-14 21:00:00,2021,8,sábado,21,São Paulo FC,Grêmio FB Porto Alegrense,Morumbi,Braulio da Silva Machado,No data,,14 de agosto de 2021 21:00,2,1,home_win,0,https://optaplayerstats.statsperform.com/pt_BR/soccer/brasileir%C3%A3o-s%C3%A9rie-a-2021/cmto2xdcdarka1b708ac99jx0/match/view/doq82g8ejmiwewttsvyx2u784,2,3,0,0,0,0,0,1,2,0,0,0,0,0,3,1,5,0,0,0,0,1.4,2.0,1.0,2.0,0.8,1.4,-0.6,3.4,0.4,0.4666666666666667,53,0.3333333333333333,1.6,2.0,2.0,1.0,0.8,0.6,0.2,2.2,0.0,0.5333333333333333,51,0.19999999999999998,1
530,dokm9gt7g41rb4c5xugylh990,2021,2021-08-15 16:00:00,2021,8,domingo,16,CR Flamengo,SC do Recife,Estádio Municipal General Raulino de Oliveira,Raphael Claus,No data,,15 de agosto de 2021 16:00,2,0,home_win,0,https://optaplayerstats.statsperform.com/pt_BR/soccer/brasileir%C3%A3o-s%C3%A9rie-a-2021/cmto2xdcdarka1b708ac99jx0/match/view/dokm9gt7g41rb4c5xugylh990,2,4,0,0,0,0,1,0,1,0,0,0,0,0,2,2,5,0,0,0,1,2.4,4.0,0.0,1.0,3.0,1.4,1.6,2.2,0.2,0.8,51,0.6,1.6,2.0,2.0,1.0,0.6,0.4,0.2,2.8,0.0,0.5333333333333333,53,0.5333333333333333,1
531,donfq67vb0w8xe3mo408d93bo,2021,2021-08-15 16:00:00,2021,8,domingo,16,SC Corinthians Paulista,Ceará SC,Neo Química Arena,Rodolpho Toski Marques,No data,,15 de agosto de 2021 16:00,3,1,home_win,0,https://optaplayerstats.statsperform.com/pt_BR/soccer/brasileir%C3%A3o-s%C3%A9rie-a-2021/cmto2xdcdarka1b708ac99jx0/match/view/donfq67vb0w8xe3mo408d93bo,3,1,0,0,0,0,0,1,1,0,0,0,0,0,4,2,2,0,0,0,0,0.8,1.0,1.0,3.0,0.8,1.4,-0.6,1.2,0.0,0.26666666666666666,53,0.3333333333333333,1.8,2.0,3.0,0.0,1.2,0.6,0.6,2.2,0.0,0.6,53,0.3333333333333333,1
532,doyege7n3hzav5r642qy0b1uc,2021,2021-08-15 18:15:00,2021,8,domingo,18,Fortaleza EC,Santos FC Sao Paulo,Castelão,André Luiz de Freitas Castro,No data,,15 de agosto de 2021 18:15,1,1,draw,1,https://optaplayerstats.statsperform.com/pt_BR/soccer/brasileir%C3%A3o-s%C3%A9rie-a-2021/cmto2xdcdarka1b708ac99jx0/match/view/doyege7n3hzav5r642qy0b1uc,1,2,0,0,0,0,0,1,1,0,0,0,0,0,2,0,3,0,0,0,0,2.4,4.0,0.0,1.0,1.4,1.0,0.4,3.0,0.2,0.8,53,0.8666666666666667,1.0,1.0,2.0,2.0,1.0,1.2,-0.2,3.6,0.0,0.3333333333333333,53,0.3333333333333333,1
533,dp12s6a5e5x0bx81k59tjlogk,2021,2021-08-15 18:15:00,2021,8,domingo,18,EC Bahia,Atlético Goianiense,Pituaçu,Ricardo Marques Ribeiro,No data,,15 de agosto de 2021 18:15,1,2,away_win,2,https://optaplayerstats.statsperform.com/pt_BR/soccer/brasileir%C3%A3o-s%C3%A9rie-a-2021/cmto2xdcdarka1b708ac99jx0/match/view/dp12s6a5e5x0bx81k59tjlogk,1,2,0,0,0,0,0,2,0,0,0,0,0,0,3,-1,2,0,0,0,0,0.2,0.0,1.0,4.0,0.2,2.2,-2.0,2.2,0.0,0.06666666666666667,53,0.39999999999999997,1.0,1.0,2.0,2.0,0.6,1.2,-0.6,3.0,0.4,0.3333333333333333,53,0.5333333333333333,1
534,dp9801c6djwtaqdv1uc3hnr4k,2021,2021-08-15 18:15:00,2021,8,domingo,18,Cuiabá EC,Club Athletico Paranaense,Arena Pantanal,Alisson Sidnei Furtado,No data,,15 de agosto de 2021 18:15,1,0,home_win,0,https://optaplayerstats.statsperform.com/pt_BR/soccer/brasileir%C3%A3o-s%C3%A9rie-a-2021/cmto2xdcdarka1b708ac99jx0/match/view/dp9801c6djwtaqdv1uc3hnr4k,1,1,0,0,0,0,0,0,1,0,0,0,0,0,1,1,2,0,0,0,0,1.6,2.0,2.0,1.0,1.4,1.2,0.2,2.6,0.4,0.5333333333333333,14,0.3333333333333333,0.8,1.0,1.0,3.0,1.0,1.6,-0.6,2.8,0.0,0.26666666666666666,52,0.19999999999999998,1
535,dovp136k8mhhwtd9pgjbv49w4,2021,2021-08-15 20:30:00,2021,8,domingo,20,SC Internacional,Fluminense FC,Beira-Rio,Luiz Flávio de Oliveira,No data,,15 de agosto de 2021 20:30,4,2,home_win,0,https://optaplayerstats.statsperform.com/pt_BR/soccer/brasileir%C3%A3o-s%C3%A9rie-a-2021/cmto2xdcdarka1b708ac99jx0/match/view/dovp136k8mhhwtd9pgjbv49w4,4,2,0,0,0,0,0,2,0,0,0,0,0,0,6,2,2,0,0,0,0,1.6,2.0,2.0,1.0,1.2,0.4,0.8,2.8,0.2,0.5333333333333333,53,0.3333333333333333,0.8,1.0,1.0,3.0,0.4,0.8,-0.4,2.0,0.0,0.26666666666666666,52,0.39999999999999997,1
536,dp6gyqpaacfy6g7gs7v8qlxck,2021,2021-08-16 20:00:00,2021,8,segunda-feira,20,Chapecoense AF,América FC (Minas Gerais),Arena Condá,Douglas Schwengber da Silva,No data,,16 de agosto de 2021 20:00,1,1,draw,1,https://optaplayerstats.statsperform.com/pt_BR/soccer/brasileir%C3%A3o-s%C3%A9rie-a-2021/cmto2xdcdarka1b708ac99jx0/match/view/dp6gyqpaacfy6g7gs7v8qlxck,1,1,1,0,1,0,0,1,1,0,0,0,0,0,2,0,2,1,1,0,0,0.0,0.0,0.0,5.0,0.8,1.8,-1.0,2.0,0.0,0.0,15,0.0,1.0,1.0,2.0,2.0,0.6,0.8,-0.2,1.4,0.0,0.3333333333333333,15,0.3333333333333333,1
537,dgnwf6ibuuapgu3ug4c9qp5hw,2021,2021-08-18 19:00:00,2021,8,quarta-feira,19,Cuiabá EC,Grêmio FB Porto Alegrense,Arena Pantanal,Léo Simão Holanda,No data,,18 de agosto de 2021 19:00,0,1,away_win,2,https://optaplayerstats.statsperform.com/pt_BR/soccer/brasileir%C3%A3o-s%C3%A9rie-a-2021/cmto2xdcdarka1b708ac99jx0/match/view/dgnwf6ibuuapgu3ug4c9qp5hw,0,1,0,0,0,0,0,1,5,0,0,0,1,0,1,-1,6,0,0,1,0,1.6,2.0,2.0,1.0,1.0,0.8,0.2,2.4,0.4,0.5333333333333333,15,0.5333333333333333,1.4,2.0,1.0,2.0,1.0,1.0,0.0,2.4,0.0,0.4666666666666667,52,0.19999999999999998,1
538,dq2i1ss703i9kt54ijqikd1qs,2021,2021-08-21 17:00:00,2021,8,sábado,17,Atlético Goianiense,Chapecoense AF,Estádio Antônio Accioly,Adriano Barros Carneiro,No data,,21 de agosto de 2021 17:00,1,1,draw,1,https://optaplayerstats.statsperform.com/pt_BR/soccer/brasileir%C3%A3o-s%C3%A9rie-a-2021/cmto2xdcdarka1b708ac99jx0/match/view/dq2i1ss703i9kt54ijqikd1qs,1,2,1,0,1,1,0,1,6,1,0,1,1,0,2,0,8,2,1,1,0,1.6,2.0,2.0,1.0,1.0,0.8,0.2,2.6,0.4,0.5333333333333333,54,0.3333333333333333,0.2,0.0,1.0,4.0,0.8,1.6,-0.8,1.6,0.2,0.06666666666666667,16,0.06666666666666667,1
539,dpmgk1bkfcwzf676fm6qgbhn8,2021,2021-08-21 19:00:00,2021,8,sábado,19,Grêmio FB Porto Alegrense,EC Bahia,Arena do Grêmio,Caio Max Augusto Vieira,No data,,21 de agosto de 2021 19:00,2,0,home_win,0,https://optaplayerstats.statsperform.com/pt_BR/soccer/brasileir%C3%A3o-s%C3%A9rie-a-2021/cmto2xdcdarka1b708ac99jx0/match/view/dpmgk1bkfcwzf676fm6qgbhn8,2,1,0,0,0,0,0,0,1,0,0,0,0,0,2,2,2,0,0,0,0,1.4,2.0,1.0,2.0,1.0,1.0,0.0,2.6,0.0,0.4666666666666667,53,0.39999999999999997,0.2,0.0,1.0,4.0,0.4,2.4,-2.0,2.4,0.0,0.06666666666666667,54,0.26666666666666666,1
540,dpzl568ywinubnv2v6jpbqwic,2021,2021-08-21 21:00:00,2021,8,sábado,21,EC Juventude,Fortaleza EC,Alfredo Jaconi,Raphael Claus,No data,,21 de agosto de 2021 21:00,1,1,draw,1,https://optaplayerstats.statsperform.com/pt_BR/soccer/brasileir%C3%A3o-s%C3%A9rie-a-2021/cmto2xdcdarka1b708ac99jx0/match/view/dpzl568ywinubnv2v6jpbqwic,1,1,0,0,0,0,0,1,1,0,0,0,0,0,2,0,2,0,0,0,0,1.4,2.0,1.0,2.0,1.0,1.0,0.0,3.4,0.4,0.4666666666666667,15,0.6666666666666666,2.0,3.0,1.0,1.0,1.4,1.2,0.2,2.6,0.2,0.6666666666666666,54,0.4666666666666666,1
541,dpenqsxdfsar24076pjqy1tlg,2021,2021-08-22 11:00:00,2021,8,domingo,11,SE Palmeiras,Cuiabá EC,Allianz Parque,Anderson Daronco,No data,,22 de agosto de 2021 11:00,0,2,away_win,2,https://optaplayerstats.statsperform.com/pt_BR/soccer/brasileir%C3%A3o-s%C3%A9rie-a-2021/cmto2xdcdarka1b708ac99jx0/match/view/dpenqsxdfsar24076pjqy1tlg,0,1,0,0,0,0,0,2,1,0,0,0,0,0,2,-2,2,0,0,0,0,1.4,2.0,1.0,2.0,1.2,1.0,0.2,2.6,0.8,0.4666666666666667,54,0.7999999999999999,1.0,1.0,2.0,2.0,0.6,0.8,-0.2,1.6,0.4,0.3333333333333333,16,0.4666666666666666,1
542,dpp64mw1mkwren0zl0gy08f10,2021,2021-08-22 16:00:00,2021,8,domingo,16,Ceará SC,CR Flamengo,Castelão,Leandro Pedro Vuaden,No data,,22 de agosto de 2021 16:00,1,1,draw,1,https://optaplayerstats.statsperform.com/pt_BR/soccer/brasileir%C3%A3o-s%C3%A9rie-a-2021/cmto2xdcdarka1b708ac99jx0/match/view/dpp64mw1mkwren0zl0gy08f10,1,0,0,0,0,0,0,1,2,0,0,0,0,0,2,0,2,0,0,0,0,1.6,2.0,2.0,1.0,1.0,0.8,0.2,2.0,0.0,0.5333333333333333,54,0.7333333333333334,2.4,4.0,0.0,1.0,3.0,1.2,1.8,2.4,0.2,0.8,52,0.6,1
543,dpwu0t35zett71u4mye5wfjtg,2021,2021-08-22 16:00:00,2021,8,domingo,16,Club Athletico Paranaense,SC Corinthians Paulista,Arena da Baixada,Wilton Pereira Sampaio,No data,,22 de agosto de 2021 16:00,0,1,away_win,2,https://optaplayerstats.statsperform.com/pt_BR/soccer/brasileir%C3%A3o-s%C3%A9rie-a-2021/cmto2xdcdarka1b708ac99jx0/match/view/dpwu0t35zett71u4mye5wfjtg,0,1,1,0,1,0,0,1,0,0,0,0,0,0,1,-1,1,1,1,0,0,0.6,1.0,0.0,4.0,0.6,1.4,-0.8,3.0,0.0,0.2,53,0.5333333333333333,1.4,2.0,1.0,2.0,1.4,1.4,0.0,0.8,0.0,0.4666666666666667,54,0.5333333333333333,1
544,dphacz8h7sf0r04pwc5bi75lg,2021,2021-08-22 18:15:00,2021,8,domingo,18,Santos FC Sao Paulo,SC Internacional,Vila Belmiro,Wagner do Nascimento Magalhaes,No data,,22 de agosto de 2021 18:15,2,2,draw,1,https://optaplayerstats.statsperform.com/pt_BR/soccer/brasileir%C3%A3o-s%C3%A9rie-a-2021/cmto2xdcdarka1b708ac99jx0/match/view/dphacz8h7sf0r04pwc5bi75lg,2,3,0,0,0,0,0,2,2,0,0,0,0,0,4,0,5,0,0,0,0,1.2,1.0,3.0,1.0,0.8,0.8,0.0,2.4,0.0,0.4,54,0.5333333333333333,2.0,3.0,1.0,1.0,2.0,0.8,1.2,2.8,0.2,0.6666666666666666,54,0.39999999999999997,1
545,dprw7ev27sdh8espus7a5hyj8,2021,2021-08-22 20:30:00,2021,8,domingo,20,SC do Recife,São Paulo FC,Ilha do Retiro,Paulo Roberto Alves Júnior,No data,,22 de agosto de 2021 20:30,0,1,away_win,2,https://optaplayerstats.statsperform.com/pt_BR/soccer/brasileir%C3%A3o-s%C3%A9rie-a-2021/cmto2xdcdarka1b708ac99jx0/match/view/dprw7ev27sdh8espus7a5hyj8,0,2,0,0,0,0,0,1,2,0,0,0,0,0,1,-1,4,0,0,0,0,1.6,2.0,2.0,1.0,0.4,0.4,0.0,2.8,0.0,0.5333333333333333,54,0.19999999999999998,1.4,2.0,1.0,2.0,1.0,1.6,-0.6,4.0,0.4,0.4666666666666667,54,0.5333333333333333,1
546,dpbypamcqkn2ldbg4aq6zw0lw,2021,2021-08-23 20:00:00,2021,8,segunda-feira,20,Fluminense FC,Clube Atlético Mineiro,São Januário,Flavio Rodrigues De Souza,No data,,23 de agosto de 2021 20:00,1,1,draw,1,https://optaplayerstats.statsperform.com/pt_BR/soccer/brasileir%C3%A3o-s%C3%A9rie-a-2021/cmto2xdcdarka1b708ac99jx0/match/view/dpbypamcqkn2ldbg4aq6zw0lw,1,3,0,0,0,1,0,1,3,0,0,0,0,0,2,0,6,0,0,1,0,0.6,1.0,0.0,4.0,0.8,1.6,-0.8,1.6,0.0,0.2,53,0.3333333333333333,3.0,5.0,0.0,0.0,2.2,0.4,1.8,2.4,0.2,1.0,54,0.7999999999999999,1
547,dpjw6a0awulxpg5yx5x3ci904,2021,2021-08-23 20:00:00,2021,8,segunda-feira,20,América FC (Minas Gerais),Red Bull Bragantino,Estádio Raimundo Sampaio,Rafael Traci,No data,,23 de agosto de 2021 20:00,0,2,away_win,2,https://optaplayerstats.statsperform.com/pt_BR/soccer/brasileir%C3%A3o-s%C3%A9rie-a-2021/cmto2xdcdarka1b708ac99jx0/match/view/dpjw6a0awulxpg5yx5x3ci904,0,2,0,0,0,0,0,2,0,0,0,0,0,0,2,-2,2,0,0,0,0,1.2,1.0,3.0,1.0,0.8,0.8,0.0,1.4,0.0,0.4,16,0.4666666666666666,1.0,1.0,2.0,2.0,0.8,1.0,-0.2,2.6,0.2,0.3333333333333333,54,0.5333333333333333,1
548,dqn3puwbisp23ko6zt4og5dzo,2021,2021-08-28 17:00:00,2021,8,sábado,17,SC do Recife,Chapecoense AF,Ilha do Retiro,Jefferson Ferreira de Moraes,No data,,28 de agosto de 2021 17:00,0,0,draw,1,https://optaplayerstats.statsperform.com/pt_BR/soccer/brasileir%C3%A3o-s%C3%A9rie-a-2021/cmto2xdcdarka1b708ac99jx0/match/view/dqn3puwbisp23ko6zt4og5dzo,0,1,0,1,1,0,0,0,1,0,0,0,0,0,0,0,2,1,1,0,0,1.0,1.0,2.0,2.0,0.2,0.6,-0.4,2.6,0.0,0.3333333333333333,55,0.13333333333333333,0.4,0.0,2.0,3.0,0.6,1.2,-0.6,2.4,0.4,0.13333333333333333,17,0.06666666666666667,1
549,dqaz3lubsqbvg7syke9o7s00k,2021,2021-08-28 19:00:00,2021,8,sábado,19,Santos FC Sao Paulo,CR Flamengo,Vila Belmiro,Braulio da Silva Machado,No data,,28 de agosto de 2021 19:00,0,4,away_win,2,https://optaplayerstats.statsperform.com/pt_BR/soccer/brasileir%C3%A3o-s%C3%A9rie-a-2021/cmto2xdcdarka1b708ac99jx0/match/view/dqaz3lubsqbvg7syke9o7s00k,0,5,0,0,0,0,0,4,4,0,0,0,1,0,4,-4,9,0,0,1,0,1.2,1.0,3.0,1.0,0.8,0.8,0.0,1.6,0.0,0.4,55,0.39999999999999997,2.0,3.0,1.0,1.0,2.2,1.4,0.8,2.6,0.2,0.6666666666666666,53,0.6666666666666666,1
550,dq8ck1ezrnjhetdz68a6jmz2s,2021,2021-08-28 21:00:00,2021,8,sábado,21,SE Palmeiras,Club Athletico Paranaense,Allianz Parque,Leandro Pedro Vuaden,No data,,28 de agosto de 2021 21:00,2,1,home_win,0,https://optaplayerstats.statsperform.com/pt_BR/soccer/brasileir%C3%A3o-s%C3%A9rie-a-2021/cmto2xdcdarka1b708ac99jx0/match/view/dq8ck1ezrnjhetdz68a6jmz2s,2,3,0,0,0,0,0,1,0,0,0,0,0,0,3,1,3,0,0,0,0,0.8,1.0,1.0,3.0,0.6,1.4,-0.8,2.4,0.8,0.26666666666666666,55,0.6,0.6,1.0,0.0,4.0,0.6,1.4,-0.8,2.6,0.2,0.2,54,0.19999999999999998,1
551,dqh5o3eqa60y20fsv9e36uu50,2021,2021-08-28 21:00:00,2021,8,sábado,21,Grêmio FB Porto Alegrense,SC Corinthians Paulista,Arena do Grêmio,Ricardo Marques Ribeiro,No data,,28 de agosto de 2021 21:00,0,1,away_win,2,https://optaplayerstats.statsperform.com/pt_BR/soccer/brasileir%C3%A3o-s%C3%A9rie-a-2021/cmto2xdcdarka1b708ac99jx0/match/view/dqh5o3eqa60y20fsv9e36uu50,0,1,1,0,1,0,0,1,2,0,0,0,0,0,1,-1,3,1,1,0,0,1.8,3.0,0.0,2.0,1.2,0.8,0.4,2.2,0.0,0.6,54,0.5333333333333333,2.0,3.0,1.0,1.0,1.4,1.0,0.4,0.8,0.0,0.6666666666666666,55,0.6666666666666666,1
552,dqe9r8rtcd0xs43lksq3rlez8,2021,2021-08-29 11:00:00,2021,8,domingo,11,América FC (Minas Gerais),Ceará SC,Estádio Raimundo Sampaio,Raphael Claus,No data,,29 de agosto de 2021 11:00,2,0,home_win,0,https://optaplayerstats.statsperform.com/pt_BR/soccer/brasileir%C3%A3o-s%C3%A9rie-a-2021/cmto2xdcdarka1b708ac99jx0/match/view/dqe9r8rtcd0xs43lksq3rlez8,2,1,0,0,0,0,0,0,2,0,0,0,0,0,2,2,3,0,0,0,0,1.2,1.0,3.0,1.0,0.8,1.0,-0.2,1.6,0.0,0.4,17,0.39999999999999997,1.2,1.0,3.0,1.0,1.0,1.0,0.0,1.2,0.0,0.4,55,0.26666666666666666,1
553,dqsozlxph8d39m20vtlsmg2dw,2021,2021-08-29 16:00:00,2021,8,domingo,16,EC Juventude,São Paulo FC,Alfredo Jaconi,Antonio Dib Moraes de Sousa,No data,,29 de agosto de 2021 16:00,1,1,draw,1,https://optaplayerstats.statsperform.com/pt_BR/soccer/brasileir%C3%A3o-s%C3%A9rie-a-2021/cmto2xdcdarka1b708ac99jx0/match/view/dqsozlxph8d39m20vtlsmg2dw,1,2,0,0,0,0,0,1,5,0,0,0,1,0,2,0,7,0,0,1,0,1.4,2.0,1.0,2.0,1.0,1.0,0.0,3.2,0.4,0.4666666666666667,16,0.5333333333333333,2.0,3.0,1.0,1.0,1.2,1.4,-0.2,3.6,0.4,0.6666666666666666,55,0.6666666666666666,1
554,dqvmmq0nee47qvpewfey0wtn8,2021,2021-08-29 18:15:00,2021,8,domingo,18,Atlético Goianiense,SC Internacional,Estádio Antônio Accioly,Marielson Alves Silva,No data,,29 de agosto de 2021 18:15,0,0,draw,1,https://optaplayerstats.statsperform.com/pt_BR/soccer/brasileir%C3%A3o-s%C3%A9rie-a-2021/cmto2xdcdarka1b708ac99jx0/match/view/dqvmmq0nee47qvpewfey0wtn8,0,1,0,0,0,0,0,0,2,0,0,0,0,0,0,0,3,0,0,0,0,1.8,2.0,3.0,0.0,1.0,0.6,0.4,2.0,0.2,0.6,55,0.19999999999999998,1.6,2.0,2.0,1.0,2.2,1.2,1.0,2.4,0.2,0.5333333333333333,55,0.39999999999999997,1
555,dqpzus55tr0h28tv1qd89q8es,2021,2021-08-29 20:30:00,2021,8,domingo,20,Red Bull Bragantino,Clube Atlético Mineiro,Nabizão,Ramon Abatti,No data,,29 de agosto de 2021 20:30,1,1,draw,1,https://optaplayerstats.statsperform.com/pt_BR/soccer/brasileir%C3%A3o-s%C3%A9rie-a-2021/cmto2xdcdarka1b708ac99jx0/match/view/dqpzus55tr0h28tv1qd89q8es,1,3,0,0,0,0,1,1,4,0,0,0,0,0,2,0,7,0,0,0,1,1.4,2.0,1.0,2.0,0.8,0.6,0.2,1.8,0.2,0.4666666666666667,55,0.39999999999999997,2.6,4.0,1.0,0.0,2.0,0.4,1.6,2.6,0.2,0.8666666666666667,55,0.8666666666666667,1
556,dq5e2oxr5froppxickr4gu590,2021,2021-08-30 19:00:00,2021,8,segunda-feira,19,Fluminense FC,EC Bahia,Estádio Jornalista Mário Filho (Maracanã),Edina Alves Batista,No data,,30 de agosto de 2021 19:00,2,0,home_win,0,https://optaplayerstats.statsperform.com/pt_BR/soccer/brasileir%C3%A3o-s%C3%A9rie-a-2021/cmto2xdcdarka1b708ac99jx0/match/view/dq5e2oxr5froppxickr4gu590,2,2,0,0,0,0,0,0,4,0,0,0,0,0,2,2,6,0,0,0,0,0.2,0.0,1.0,4.0,0.6,1.6,-1.0,1.6,0.0,0.06666666666666667,54,0.19999999999999998,0.2,0.0,1.0,4.0,0.4,1.8,-1.4,1.6,0.0,0.06666666666666667,55,0.26666666666666666,1
557,dqk6annwqtz7c695d44vwj0no,2021,2021-08-30 21:30:00,2021,8,segunda-feira,21,Fortaleza EC,Cuiabá EC,Castelão,Paulo Cesar Zanovelli da Silva,No data,,30 de agosto de 2021 21:30,0,0,draw,1,https://optaplayerstats.statsperform.com/pt_BR/soccer/brasileir%C3%A3o-s%C3%A9rie-a-2021/cmto2xdcdarka1b708ac99jx0/match/view/dqk6annwqtz7c695d44vwj0no,0,2,0,0,0,0,0,0,5,0,0,0,0,0,0,0,7,0,0,0,0,1.6,2.0,2.0,1.0,1.4,1.4,0.0,2.4,0.2,0.5333333333333333,55,0.8666666666666667,1.6,2.0,2.0,1.0,0.8,0.4,0.4,1.4,0.2,0.5333333333333333,17,0.6,1
558,dmzc2bt2fhcx2abvsjo1idfkk,2021,2021-09-02 19:00:00,2021,9,quinta-feira,19,Fluminense FC,EC Juventude,Estádio Jornalista Mário Filho (Maracanã),Heber Roberto Lopes,No data,,2 de setembro de 2021 19:00,1,1,draw,1,https://optaplayerstats.statsperform.com/pt_BR/soccer/brasileir%C3%A3o-s%C3%A9rie-a-2021/cmto2xdcdarka1b708ac99jx0/match/view/dmzc2bt2fhcx2abvsjo1idfkk,1,2,0,0,0,0,0,1,1,0,0,0,0,1,2,0,3,0,0,0,1,0.8,1.0,1.0,3.0,1.0,1.4,-0.4,1.8,0.0,0.26666666666666666,55,0.3333333333333333,1.6,2.0,2.0,1.0,1.2,1.0,0.2,2.6,0.0,0.5333333333333333,17,0.26666666666666666,1
559,drhskg0rpm6bxvleeweyvhq8k,2021,2021-09-04 21:00:00,2021,9,sábado,21,EC Bahia,Fortaleza EC,Pituaçu,Luiz Flávio de Oliveira,No data,,4 de setembro de 2021 21:00,4,2,home_win,0,https://optaplayerstats.statsperform.com/pt_BR/soccer/brasileir%C3%A3o-s%C3%A9rie-a-2021/cmto2xdcdarka1b708ac99jx0/match/view/drhskg0rpm6bxvleeweyvhq8k,4,3,0,0,0,0,0,2,1,0,0,0,0,0,6,2,4,0,0,0,0,0.2,0.0,1.0,4.0,0.4,1.6,-1.2,2.2,0.0,0.06666666666666667,56,0.19999999999999998,1.2,1.0,3.0,1.0,1.2,1.4,-0.2,2.0,0.2,0.4,56,0.4666666666666666,1
560,drr8r9cw5yjgw5nrdymn8whsk,2021,2021-09-04 21:00:00,2021,9,sábado,21,Cuiabá EC,Santos FC Sao Paulo,Arena Pantanal,Bruno Arleu de Araújo,No data,,4 de setembro de 2021 21:00,2,1,home_win,0,https://optaplayerstats.statsperform.com/pt_BR/soccer/brasileir%C3%A3o-s%C3%A9rie-a-2021/cmto2xdcdarka1b708ac99jx0/match/view/drr8r9cw5yjgw5nrdymn8whsk,2,3,0,0,0,0,0,1,1,0,0,0,0,0,3,1,4,0,0,0,0,1.6,2.0,2.0,1.0,0.8,0.4,0.4,1.8,0.2,0.5333333333333333,18,0.4666666666666666,1.2,1.0,3.0,1.0,0.8,1.4,-0.6,2.2,0.0,0.4,56,0.3333333333333333,1
561,drko4vnd7puda2424qud6fv9w,2021,2021-09-05 18:15:00,2021,9,domingo,18,Club Athletico Paranaense,SC do Recife,Arena da Baixada,Denis Ribeiro Serafim,No data,,5 de setembro de 2021 18:15,0,0,draw,1,https://optaplayerstats.statsperform.com/pt_BR/soccer/brasileir%C3%A3o-s%C3%A9rie-a-2021/cmto2xdcdarka1b708ac99jx0/match/view/drko4vnd7puda2424qud6fv9w,0,1,0,0,0,0,0,0,2,0,1,1,0,0,0,0,3,1,1,0,0,0.0,0.0,0.0,5.0,0.4,1.6,-1.2,1.8,0.2,0.0,55,0.4666666666666666,1.0,1.0,2.0,2.0,0.2,0.6,-0.4,2.0,0.2,0.3333333333333333,56,0.5333333333333333,1
562,dr1jocdotnjyqdi4malk5gv10,2021,2021-09-07 21:30:00,2021,9,terça-feira,21,SC Corinthians Paulista,EC Juventude,Neo Química Arena,Ramon Abatti,No data,,7 de setembro de 2021 21:30,1,1,draw,1,https://optaplayerstats.statsperform.com/pt_BR/soccer/brasileir%C3%A3o-s%C3%A9rie-a-2021/cmto2xdcdarka1b708ac99jx0/match/view/dr1jocdotnjyqdi4malk5gv10,1,3,0,0,0,0,0,1,4,0,0,0,0,0,2,0,7,0,0,0,0,2.0,3.0,1.0,1.0,1.2,0.8,0.4,1.0,0.0,0.6666666666666666,56,0.3333333333333333,1.2,1.0,3.0,1.0,1.2,1.2,0.0,1.8,0.0,0.4,18,0.26666666666666666,1
563,dro7qq6w9r9j48h8uolw8mdjo,2021,2021-09-07 21:30:00,2021,9,terça-feira,21,Chapecoense AF,Fluminense FC,Arena Condá,Sávio Pereira Sampaio,No data,,7 de setembro de 2021 21:30,1,2,away_win,2,https://optaplayerstats.statsperform.com/pt_BR/soccer/brasileir%C3%A3o-s%C3%A9rie-a-2021/cmto2xdcdarka1b708ac99jx0/match/view/dro7qq6w9r9j48h8uolw8mdjo,1,0,0,0,0,0,0,2,0,0,0,0,0,0,3,-1,0,0,0,0,0,0.6,0.0,3.0,2.0,0.6,1.0,-0.4,2.4,0.4,0.2,18,0.06666666666666667,1.0,1.0,2.0,2.0,1.2,1.4,-0.2,1.8,0.0,0.3333333333333333,56,0.39999999999999997,1
564,ds41v6taphcrrktfl39qm8duc,2021,2021-09-11 16:00:00,2021,9,sábado,16,América FC (Minas Gerais),Club Athletico Paranaense,Estádio Raimundo Sampaio,Marielson Alves Silva,No data,,11 de setembro de 2021 16:00,2,0,home_win,0,https://optaplayerstats.statsperform.com/pt_BR/soccer/brasileir%C3%A3o-s%C3%A9rie-a-2021/cmto2xdcdarka1b708ac99jx0/match/view/ds41v6taphcrrktfl39qm8duc,2,1,0,0,0,0,0,0,1,0,0,0,0,0,2,2,2,0,0,0,0,1.6,2.0,2.0,1.0,1.0,0.8,0.2,1.2,0.0,0.5333333333333333,18,0.39999999999999997,0.2,0.0,1.0,4.0,0.4,1.2,-0.8,1.2,0.2,0.06666666666666667,56,0.0,1
565,dshb2g9s1z81nj3v5sd5t24us,2021,2021-09-11 17:00:00,2021,9,sábado,17,EC Juventude,Cuiabá EC,Alfredo Jaconi,Caio Max Augusto Vieira,No data,,11 de setembro de 2021 17:00,1,2,away_win,2,https://optaplayerstats.statsperform.com/pt_BR/soccer/brasileir%C3%A3o-s%C3%A9rie-a-2021/cmto2xdcdarka1b708ac99jx0/match/view/dshb2g9s1z81nj3v5sd5t24us,1,3,0,0,0,0,0,2,5,0,1,1,0,1,3,-1,8,1,1,0,1,1.4,1.0,4.0,0.0,1.2,1.0,0.2,2.4,0.0,0.4666666666666667,19,0.39999999999999997,2.0,3.0,1.0,1.0,1.0,0.4,0.6,2.2,0.0,0.6666666666666666,19,0.6,1
566,dsen5a5o2nqkk5cn9c52q9las,2021,2021-09-11 19:00:00,2021,9,sábado,19,Red Bull Bragantino,Chapecoense AF,Nabizão,Marcelo de Lima Henrique,No data,,11 de setembro de 2021 19:00,1,2,away_win,2,https://optaplayerstats.statsperform.com/pt_BR/soccer/brasileir%C3%A3o-s%C3%A9rie-a-2021/cmto2xdcdarka1b708ac99jx0/match/view/dsen5a5o2nqkk5cn9c52q9las,1,4,1,0,1,1,0,2,2,0,0,0,0,0,3,-1,6,1,1,1,0,1.6,2.0,2.0,1.0,1.0,0.6,0.4,1.8,0.0,0.5333333333333333,56,0.39999999999999997,0.6,0.0,3.0,2.0,0.8,1.2,-0.4,2.2,0.4,0.2,19,0.13333333333333333,1
567,ds14qfjbz55unebfjwuy6r66s,2021,2021-09-11 21:00:00,2021,9,sábado,21,Santos FC Sao Paulo,EC Bahia,Vila Belmiro,Paulo Cesar Zanovelli da Silva,No data,,11 de setembro de 2021 21:00,0,0,draw,1,https://optaplayerstats.statsperform.com/pt_BR/soccer/brasileir%C3%A3o-s%C3%A9rie-a-2021/cmto2xdcdarka1b708ac99jx0/match/view/ds14qfjbz55unebfjwuy6r66s,0,1,0,0,0,0,0,0,4,0,0,0,0,0,0,0,5,0,0,0,0,0.6,0.0,3.0,2.0,0.8,1.8,-1.0,2.4,0.0,0.2,57,0.3333333333333333,0.8,1.0,1.0,3.0,1.2,1.8,-0.6,2.4,0.0,0.26666666666666666,57,0.06666666666666667,1
568,ds6m7ihordqa9s3zvfsu4u978,2021,2021-09-12 11:00:00,2021,9,domingo,11,Grêmio FB Porto Alegrense,Ceará SC,Arena do Grêmio,Flavio Rodrigues De Souza,No data,,12 de setembro de 2021 11:00,2,0,home_win,0,https://optaplayerstats.statsperform.com/pt_BR/soccer/brasileir%C3%A3o-s%C3%A9rie-a-2021/cmto2xdcdarka1b708ac99jx0/match/view/ds6m7ihordqa9s3zvfsu4u978,2,0,0,0,0,0,0,0,0,0,0,0,0,0,2,2,0,0,0,0,0,1.8,3.0,0.0,2.0,1.2,0.8,0.4,2.0,0.2,0.6,55,0.5333333333333333,1.0,1.0,2.0,2.0,1.0,1.4,-0.4,1.4,0.0,0.3333333333333333,56,0.19999999999999998,1
569,dry7ubs285dsxckw61e5ixvys,2021,2021-09-12 16:00:00,2021,9,domingo,16,SE Palmeiras,CR Flamengo,Allianz Parque,Wilton Pereira Sampaio,No data,,12 de setembro de 2021 16:00,1,3,away_win,2,https://optaplayerstats.statsperform.com/pt_BR/soccer/brasileir%C3%A3o-s%C3%A9rie-a-2021/cmto2xdcdarka1b708ac99jx0/match/view/dry7ubs285dsxckw61e5ixvys,1,0,1,0,1,0,0,3,2,0,0,0,0,0,4,-2,2,1,1,0,0,0.8,1.0,1.0,3.0,0.8,1.6,-0.8,2.8,0.8,0.26666666666666666,56,0.6,2.0,3.0,1.0,1.0,2.0,1.2,0.8,2.6,0.2,0.6666666666666666,54,0.6666666666666666,1
570,ds98nspkzyfzob89gxrd2r1g4,2021,2021-09-12 16:00:00,2021,9,domingo,16,Fortaleza EC,Clube Atlético Mineiro,Castelão,Braulio da Silva Machado,No data,,12 de setembro de 2021 16:00,0,2,away_win,2,https://optaplayerstats.statsperform.com/pt_BR/soccer/brasileir%C3%A3o-s%C3%A9rie-a-2021/cmto2xdcdarka1b708ac99jx0/match/view/ds98nspkzyfzob89gxrd2r1g4,0,1,0,0,0,0,0,2,3,0,0,0,0,0,2,-2,4,0,0,0,0,1.2,1.0,3.0,1.0,1.4,1.6,-0.2,1.6,0.2,0.4,57,0.7333333333333334,2.2,3.0,2.0,0.0,1.6,0.6,1.0,3.0,0.2,0.7333333333333333,56,0.7333333333333334,1
571,dsk2gh0eyvdqm375fggc79dzo,2021,2021-09-12 18:15:00,2021,9,domingo,18,Atlético Goianiense,SC Corinthians Paulista,Estádio Antônio Accioly,Antonio Dib Moraes de Sousa,No data,,12 de setembro de 2021 18:15,1,1,draw,1,https://optaplayerstats.statsperform.com/pt_BR/soccer/brasileir%C3%A3o-s%C3%A9rie-a-2021/cmto2xdcdarka1b708ac99jx0/match/view/dsk2gh0eyvdqm375fggc79dzo,1,4,0,0,0,0,0,1,2,0,0,0,0,0,2,0,6,0,0,0,0,1.4,1.0,4.0,0.0,0.8,0.6,0.2,1.8,0.2,0.4666666666666667,56,0.26666666666666666,2.2,3.0,2.0,0.0,1.2,0.4,0.8,1.4,0.0,0.7333333333333333,57,0.6666666666666666,1
572,drv96kv0ruchg1nkafmpt7kt0,2021,2021-09-12 20:30:00,2021,9,domingo,20,Fluminense FC,São Paulo FC,Estádio Jornalista Mário Filho (Maracanã),Jefferson Ferreira de Moraes,No data,,12 de setembro de 2021 20:30,2,1,home_win,0,https://optaplayerstats.statsperform.com/pt_BR/soccer/brasileir%C3%A3o-s%C3%A9rie-a-2021/cmto2xdcdarka1b708ac99jx0/match/view/drv96kv0ruchg1nkafmpt7kt0,2,5,0,0,0,0,0,1,4,0,0,0,1,0,3,1,9,0,0,1,0,1.6,2.0,2.0,1.0,1.6,1.4,0.2,1.4,0.0,0.5333333333333333,57,0.39999999999999997,2.2,3.0,2.0,0.0,1.2,0.6,0.6,3.4,0.4,0.7333333333333333,56,0.6666666666666666,1
573,dsbyhkkpj3x0l0d1j4pkz4r9w,2021,2021-09-13 20:00:00,2021,9,segunda-feira,20,SC do Recife,SC Internacional,Ilha do Retiro,André Luiz de Freitas Castro,No data,,13 de setembro de 2021 20:00,0,1,away_win,2,https://optaplayerstats.statsperform.com/pt_BR/soccer/brasileir%C3%A3o-s%C3%A9rie-a-2021/cmto2xdcdarka1b708ac99jx0/match/view/dsbyhkkpj3x0l0d1j4pkz4r9w,0,5,0,0,0,0,0,1,1,0,0,0,0,0,1,-1,6,0,0,0,0,0.6,0.0,3.0,2.0,0.0,0.6,-0.6,1.8,0.4,0.2,57,0.19999999999999998,1.8,2.0,3.0,0.0,2.0,0.8,1.2,2.0,0.2,0.6,56,0.39999999999999997,1
574,dtafuytz5kazlnq96hcj1i80k,2021,2021-09-18 17:00:00,2021,9,sábado,17,Chapecoense AF,SE Palmeiras,Arena Condá,Paulo Roberto Alves Júnior,115,115,18 de setembro de 2021 17:00,0,2,away_win,2,https://optaplayerstats.statsperform.com/pt_BR/soccer/brasileir%C3%A3o-s%C3%A9rie-a-2021/cmto2xdcdarka1b708ac99jx0/match/view/dtafuytz5kazlnq96hcj1i80k,0,2,0,0,0,0,0,2,2,0,0,0,0,0,2,-2,4,0,0,0,0,1.2,1.0,3.0,1.0,1.0,1.0,0.0,2.0,0.4,0.4,20,0.06666666666666667,0.6,1.0,0.0,4.0,1.0,2.2,-1.2,2.2,1.0,0.2,57,0.6666666666666666,1
575,dt7m1jqxivz36d4srubm6ow0k,2021,2021-09-18 18:45:00,2021,9,sábado,18,Club Athletico Paranaense,EC Juventude,Arena da Baixada,Léo Simão Holanda,No data,,18 de setembro de 2021 18:45,2,1,home_win,0,https://optaplayerstats.statsperform.com/pt_BR/soccer/brasileir%C3%A3o-s%C3%A9rie-a-2021/cmto2xdcdarka1b708ac99jx0/match/view/dt7m1jqxivz36d4srubm6ow0k,2,5,0,0,0,1,0,1,1,1,0,1,1,0,3,1,6,1,1,1,0,0.2,0.0,1.0,4.0,0.2,1.2,-1.0,0.8,0.2,0.06666666666666667,57,0.3333333333333333,0.8,0.0,4.0,1.0,1.0,1.2,-0.2,2.2,0.0,0.26666666666666666,20,0.3333333333333333,1
576,dsuvngdp7t97w9uw5d4x429sk,2021,2021-09-18 19:00:00,2021,9,sábado,19,Clube Atlético Mineiro,SC do Recife,Mineirão,Vinicius Gonçalves Dias Araujo,No data,,18 de setembro de 2021 19:00,3,0,home_win,0,https://optaplayerstats.statsperform.com/pt_BR/soccer/brasileir%C3%A3o-s%C3%A9rie-a-2021/cmto2xdcdarka1b708ac99jx0/match/view/dsuvngdp7t97w9uw5d4x429sk,3,2,0,0,0,1,0,0,3,0,0,0,0,0,3,3,5,0,0,1,0,2.2,3.0,2.0,0.0,1.6,0.6,1.0,3.0,0.0,0.7333333333333333,57,1.0,0.4,0.0,2.0,3.0,0.0,0.8,-0.8,2.2,0.4,0.13333333333333333,58,0.5333333333333333,1
577,dt1zk8g0bo396cx7jjvh7ccno,2021,2021-09-18 21:00:00,2021,9,sábado,21,Ceará SC,Santos FC Sao Paulo,Castelão,Anderson Daronco,No data,,18 de setembro de 2021 21:00,0,0,draw,1,https://optaplayerstats.statsperform.com/pt_BR/soccer/brasileir%C3%A3o-s%C3%A9rie-a-2021/cmto2xdcdarka1b708ac99jx0/match/view/dt1zk8g0bo396cx7jjvh7ccno,0,3,0,0,0,0,0,0,2,0,0,0,0,0,0,0,5,0,0,0,0,0.4,0.0,2.0,3.0,0.4,1.6,-1.2,1.0,0.0,0.13333333333333333,57,0.7333333333333334,0.6,0.0,3.0,2.0,0.8,1.8,-1.0,2.2,0.0,0.2,58,0.3333333333333333,1
578,dt4najh6dx9x4p2jqwskuy710,2021,2021-09-18 21:00:00,2021,9,sábado,21,EC Bahia,Red Bull Bragantino,Arena Fonte Nova,Wilton Pereira Sampaio,No data,,18 de setembro de 2021 21:00,1,1,draw,1,https://optaplayerstats.statsperform.com/pt_BR/soccer/brasileir%C3%A3o-s%C3%A9rie-a-2021/cmto2xdcdarka1b708ac99jx0/match/view/dt4najh6dx9x4p2jqwskuy710,1,1,0,0,0,0,0,1,4,0,0,0,0,0,2,0,5,0,0,0,0,0.8,1.0,1.0,3.0,1.0,1.6,-0.6,2.8,0.0,0.26666666666666666,58,0.39999999999999997,1.0,1.0,2.0,2.0,1.0,1.0,0.0,2.4,0.2,0.3333333333333333,57,0.5333333333333333,1
579,dszbionf40yyq9x7uxlbq85xw,2021,2021-09-19 11:00:00,2021,9,domingo,11,SC Internacional,Fortaleza EC,Beira-Rio,Edina Alves Batista,No data,,19 de setembro de 2021 11:00,1,0,home_win,0,https://optaplayerstats.statsperform.com/pt_BR/soccer/brasileir%C3%A3o-s%C3%A9rie-a-2021/cmto2xdcdarka1b708ac99jx0/match/view/dszbionf40yyq9x7uxlbq85xw,1,3,1,0,1,0,0,0,1,1,0,1,0,0,1,1,4,2,1,0,0,2.2,3.0,2.0,0.0,2.2,0.8,1.4,1.8,0.0,0.7333333333333333,57,0.4666666666666666,0.6,0.0,3.0,2.0,0.8,1.6,-0.8,1.4,0.0,0.2,58,0.4666666666666666,1
580,dss7jkiohgjnli00lp8dlg4yc,2021,2021-09-19 16:00:00,2021,9,domingo,16,São Paulo FC,Atlético Goianiense,Morumbi,Caio Max Augusto Vieira,No data,,19 de setembro de 2021 16:00,2,1,home_win,0,https://optaplayerstats.statsperform.com/pt_BR/soccer/brasileir%C3%A3o-s%C3%A9rie-a-2021/cmto2xdcdarka1b708ac99jx0/match/view/dss7jkiohgjnli00lp8dlg4yc,2,1,0,0,0,0,0,1,2,0,0,0,0,0,3,1,3,0,0,0,0,2.0,3.0,1.0,1.0,1.4,1.0,0.4,3.6,0.2,0.6666666666666666,57,0.4666666666666666,1.4,1.0,4.0,0.0,0.8,0.6,0.2,1.8,0.2,0.4666666666666667,57,0.5333333333333333,1
581,dspixonk5ygez7eosptxv4bh0,2021,2021-09-19 18:15:00,2021,9,domingo,18,SC Corinthians Paulista,América FC (Minas Gerais),Neo Química Arena,Sávio Pereira Sampaio,No data,,19 de setembro de 2021 18:15,1,1,draw,1,https://optaplayerstats.statsperform.com/pt_BR/soccer/brasileir%C3%A3o-s%C3%A9rie-a-2021/cmto2xdcdarka1b708ac99jx0/match/view/dspixonk5ygez7eosptxv4bh0,1,1,1,0,1,0,0,1,0,0,0,0,0,0,2,0,1,1,1,0,0,2.2,3.0,2.0,0.0,1.4,0.6,0.8,1.6,0.0,0.7333333333333333,58,0.3333333333333333,2.0,3.0,1.0,1.0,1.2,0.6,0.6,1.4,0.0,0.6666666666666666,19,0.39999999999999997,1
582,dsmtzu7kyrgs9eldwf76ioh04,2021,2021-09-19 20:30:00,2021,9,domingo,20,CR Flamengo,Grêmio FB Porto Alegrense,Estádio Jornalista Mário Filho (Maracanã),Marielson Alves Silva,No data,,19 de setembro de 2021 20:30,0,1,away_win,2,https://optaplayerstats.statsperform.com/pt_BR/soccer/brasileir%C3%A3o-s%C3%A9rie-a-2021/cmto2xdcdarka1b708ac99jx0/match/view/dsmtzu7kyrgs9eldwf76ioh04,0,3,0,0,0,0,0,1,4,0,0,0,0,0,1,-1,7,0,0,0,0,2.0,3.0,1.0,1.0,2.0,1.2,0.8,2.8,0.2,0.6666666666666666,55,0.6,1.8,3.0,0.0,2.0,1.2,0.6,0.6,1.8,0.2,0.6,56,0.39999999999999997,1
583,dtd42r3agdsycf2jdo1ic0w0k,2021,2021-09-20 20:00:00,2021,9,segunda-feira,20,Cuiabá EC,Fluminense FC,Arena Pantanal,Ramon Abatti,No data,,20 de setembro de 2021 20:00,2,2,draw,1,https://optaplayerstats.statsperform.com/pt_BR/soccer/brasileir%C3%A3o-s%C3%A9rie-a-2021/cmto2xdcdarka1b708ac99jx0/match/view/dtd42r3agdsycf2jdo1ic0w0k,2,2,1,0,1,1,0,2,2,0,0,0,0,0,4,0,4,1,1,1,0,2.0,3.0,1.0,1.0,1.2,0.6,0.6,3.0,0.2,0.6666666666666666,20,0.4666666666666666,2.2,3.0,2.0,0.0,1.6,0.8,0.8,2.4,0.0,0.7333333333333333,58,0.39999999999999997,1
584,dr4jj6x4frrsot47719evztas,2021,2021-09-22 20:30:00,2021,9,quarta-feira,20,São Paulo FC,América FC (Minas Gerais),Morumbi,Braulio da Silva Machado,No data,,22 de setembro de 2021 20:30,0,0,draw,1,https://optaplayerstats.statsperform.com/pt_BR/soccer/brasileir%C3%A3o-s%C3%A9rie-a-2021/cmto2xdcdarka1b708ac99jx0/match/view/dr4jj6x4frrsot47719evztas,0,3,0,0,0,0,0,0,1,0,0,0,0,0,0,0,4,0,0,0,0,2.0,3.0,1.0,1.0,1.4,1.0,0.4,3.0,0.0,0.6666666666666666,58,0.6666666666666666,1.6,2.0,2.0,1.0,1.2,0.8,0.4,1.0,0.0,0.5333333333333333,20,0.26666666666666666,1
585,dtt9uqf9rf1n1na2yxohnufpw,2021,2021-09-25 17:00:00,2021,9,sábado,17,Ceará SC,Chapecoense AF,Castelão,Caio Max Augusto Vieira,No data,,25 de setembro de 2021 17:00,1,0,home_win,0,https://optaplayerstats.statsperform.com/pt_BR/soccer/brasileir%C3%A3o-s%C3%A9rie-a-2021/cmto2xdcdarka1b708ac99jx0/match/view/dtt9uqf9rf1n1na2yxohnufpw,1,0,0,0,0,1,0,0,4,0,1,1,0,0,1,1,4,1,1,1,0,0.4,0.0,2.0,3.0,0.4,1.6,-1.2,1.2,0.0,0.13333333333333333,58,0.6,1.0,1.0,2.0,2.0,0.8,1.2,-0.4,2.2,0.2,0.3333333333333333,21,0.3333333333333333,1
586,dtimu70r337r0aorjnnewwzys,2021,2021-09-25 19:00:00,2021,9,sábado,19,SC Corinthians Paulista,SE Palmeiras,Neo Química Arena,Raphael Claus,No data,,25 de setembro de 2021 19:00,2,1,home_win,0,https://optaplayerstats.statsperform.com/pt_BR/soccer/brasileir%C3%A3o-s%C3%A9rie-a-2021/cmto2xdcdarka1b708ac99jx0/match/view/dtimu70r337r0aorjnnewwzys,2,1,0,0,0,0,0,1,1,0,0,0,0,0,3,1,2,0,0,0,0,1.8,2.0,3.0,0.0,1.0,0.6,0.4,1.6,0.2,0.6,59,0.3333333333333333,1.2,2.0,0.0,3.0,1.0,1.6,-0.6,1.6,0.8,0.4,58,0.6666666666666666,1
587,dtl8bhpy7qab8upwcbqh6qbdg,2021,2021-09-25 21:00:00,2021,9,sábado,21,São Paulo FC,Clube Atlético Mineiro,Morumbi,Wilton Pereira Sampaio,No data,,25 de setembro de 2021 21:00,0,0,draw,1,https://optaplayerstats.statsperform.com/pt_BR/soccer/brasileir%C3%A3o-s%C3%A9rie-a-2021/cmto2xdcdarka1b708ac99jx0/match/view/dtl8bhpy7qab8upwcbqh6qbdg,0,1,0,0,0,0,0,0,1,0,0,0,0,0,0,0,2,0,0,0,0,1.6,2.0,2.0,1.0,1.0,0.8,0.2,3.0,0.0,0.5333333333333333,59,0.5333333333333333,2.2,3.0,2.0,0.0,1.8,0.4,1.4,2.8,0.0,0.7333333333333333,58,0.7333333333333334,1
588,dtnsyml0yukph3fc9yvq4v4t0,2021,2021-09-26 11:00:00,2021,9,domingo,11,América FC (Minas Gerais),CR Flamengo,Estádio Raimundo Sampaio,Anderson Daronco,No data,,26 de setembro de 2021 11:00,1,1,draw,1,https://optaplayerstats.statsperform.com/pt_BR/soccer/brasileir%C3%A3o-s%C3%A9rie-a-2021/cmto2xdcdarka1b708ac99jx0/match/view/dtnsyml0yukph3fc9yvq4v4t0,1,1,0,0,0,0,0,1,1,0,0,0,0,0,2,0,2,0,0,0,0,1.6,2.0,2.0,1.0,1.0,0.6,0.4,1.0,0.0,0.5333333333333333,21,0.6,2.0,3.0,1.0,1.0,2.0,0.6,1.4,3.0,0.0,0.6666666666666666,56,0.8666666666666667,1
589,dtfyl3e6uvufejetd2ipma904,2021,2021-09-26 16:00:00,2021,9,domingo,16,Fluminense FC,Red Bull Bragantino,Estádio Jornalista Mário Filho (Maracanã),Leandro Pedro Vuaden,No data,,26 de setembro de 2021 16:00,2,1,home_win,0,https://optaplayerstats.statsperform.com/pt_BR/soccer/brasileir%C3%A3o-s%C3%A9rie-a-2021/cmto2xdcdarka1b708ac99jx0/match/view/dtfyl3e6uvufejetd2ipma904,2,2,0,0,0,0,0,1,2,0,0,0,0,0,3,1,4,0,0,0,0,2.2,3.0,2.0,0.0,1.8,1.0,0.8,2.2,0.0,0.7333333333333333,59,0.5333333333333333,1.0,1.0,2.0,2.0,1.2,1.2,0.0,3.0,0.2,0.3333333333333333,58,0.39999999999999997,1
590,dtqh2n51acjv5n63e07rsohec,2021,2021-09-26 16:00:00,2021,9,domingo,16,SC Internacional,EC Bahia,Beira-Rio,Bruno Arleu de Araújo,No data,,26 de setembro de 2021 16:00,2,0,home_win,0,https://optaplayerstats.statsperform.com/pt_BR/soccer/brasileir%C3%A3o-s%C3%A9rie-a-2021/cmto2xdcdarka1b708ac99jx0/match/view/dtqh2n51acjv5n63e07rsohec,2,2,0,0,0,0,0,0,2,0,0,0,0,0,2,2,4,0,0,0,0,2.2,3.0,2.0,0.0,1.6,0.8,0.8,2.0,0.2,0.7333333333333333,58,0.6666666666666666,1.0,1.0,2.0,2.0,1.0,1.4,-0.4,2.6,0.0,0.3333333333333333,59,0.13333333333333333,1
591,du1huacpu3vqjrf6rojxbomc4,2021,2021-09-26 16:00:00,2021,9,domingo,16,EC Juventude,Santos FC Sao Paulo,Alfredo Jaconi,Jefferson Ferreira de Moraes,No data,,26 de setembro de 2021 16:00,3,0,home_win,0,https://optaplayerstats.statsperform.com/pt_BR/soccer/brasileir%C3%A3o-s%C3%A9rie-a-2021/cmto2xdcdarka1b708ac99jx0/match/view/du1huacpu3vqjrf6rojxbomc4,3,3,0,0,0,0,0,0,0,0,0,0,0,0,3,3,3,0,0,0,0,0.6,0.0,3.0,2.0,1.0,1.4,-0.4,2.2,0.2,0.2,21,0.3333333333333333,0.6,0.0,3.0,2.0,0.6,1.6,-1.0,2.4,0.0,0.2,59,0.39999999999999997,1
592,dtvv7k8rrbfr63ypjwqdcin84,2021,2021-09-26 18:15:00,2021,9,domingo,18,SC do Recife,Fortaleza EC,Itaipava Arena Pernambuco,Wagner do Nascimento Magalhaes,No data,,26 de setembro de 2021 18:15,0,1,away_win,2,https://optaplayerstats.statsperform.com/pt_BR/soccer/brasileir%C3%A3o-s%C3%A9rie-a-2021/cmto2xdcdarka1b708ac99jx0/match/view/dtvv7k8rrbfr63ypjwqdcin84,0,5,0,0,0,0,0,1,2,0,0,0,0,0,1,-1,7,0,0,0,0,0.4,0.0,2.0,3.0,0.0,1.0,-1.0,2.6,0.4,0.13333333333333333,59,0.19999999999999998,0.4,0.0,2.0,3.0,0.6,1.6,-1.0,1.2,0.2,0.13333333333333333,59,0.26666666666666666,1
593,dtyji1l2phb8br49i30jpv310,2021,2021-09-26 18:15:00,2021,9,domingo,18,Club Athletico Paranaense,Grêmio FB Porto Alegrense,Arena da Baixada,Luiz Flávio de Oliveira,No data,,26 de setembro de 2021 18:15,4,2,home_win,0,https://optaplayerstats.statsperform.com/pt_BR/soccer/brasileir%C3%A3o-s%C3%A9rie-a-2021/cmto2xdcdarka1b708ac99jx0/match/view/dtyji1l2phb8br49i30jpv310,4,1,0,0,0,0,0,2,5,0,0,0,0,0,6,2,6,0,0,0,0,0.8,1.0,1.0,3.0,0.6,1.2,-0.6,1.6,0.2,0.26666666666666666,58,0.4666666666666666,2.4,4.0,0.0,1.0,1.2,0.2,1.0,2.2,0.2,0.8,57,0.6,1
594,du4xoyskz4rmqovoxf8itgidw,2021,2021-09-26 20:30:00,2021,9,domingo,20,Atlético Goianiense,Cuiabá EC,Estádio Antônio Accioly,Marielson Alves Silva,No data,,26 de setembro de 2021 20:30,0,0,draw,1,https://optaplayerstats.statsperform.com/pt_BR/soccer/brasileir%C3%A3o-s%C3%A9rie-a-2021/cmto2xdcdarka1b708ac99jx0/match/view/du4xoyskz4rmqovoxf8itgidw,0,1,0,0,0,0,0,0,4,0,0,0,0,0,0,0,5,0,0,0,0,1.2,1.0,3.0,1.0,1.0,1.0,0.0,1.8,0.2,0.4,58,0.26666666666666666,2.2,3.0,2.0,0.0,1.6,0.8,0.8,3.2,0.4,0.7333333333333333,21,0.7333333333333334,1
595,duo5scm9bhzkr6k0u95lt24us,2021,2021-10-02 17:00:00,2021,10,sábado,17,Fortaleza EC,Atlético Goianiense,Castelão,Alisson Sidnei Furtado,2.785,2785,2 de outubro de 2021 17:00,0,3,away_win,2,https://optaplayerstats.statsperform.com/pt_BR/soccer/brasileir%C3%A3o-s%C3%A9rie-a-2021/cmto2xdcdarka1b708ac99jx0/match/view/duo5scm9bhzkr6k0u95lt24us,0,2,0,0,0,0,0,3,4,0,0,0,0,1,3,-3,6,0,0,0,1,0.8,1.0,1.0,3.0,0.6,1.4,-0.8,1.4,0.2,0.26666666666666666,60,0.5333333333333333,0.8,0.0,4.0,1.0,0.6,0.8,-0.2,2.0,0.2,0.26666666666666666,59,0.4666666666666666,1
596,duzdb6sxf0jls6aazdtfayuqc,2021,2021-10-02 17:00:00,2021,10,sábado,17,Cuiabá EC,América FC (Minas Gerais),Arena Pantanal,Rafael Traci,2.426,2426,2 de outubro de 2021 17:00,0,2,away_win,2,https://optaplayerstats.statsperform.com/pt_BR/soccer/brasileir%C3%A3o-s%C3%A9rie-a-2021/cmto2xdcdarka1b708ac99jx0/match/view/duzdb6sxf0jls6aazdtfayuqc,0,1,0,0,0,0,0,2,2,0,0,0,0,0,2,-2,3,0,0,0,0,1.8,2.0,3.0,0.0,1.2,0.8,0.4,3.8,0.4,0.6,22,0.5333333333333333,1.8,2.0,3.0,0.0,1.2,0.4,0.8,0.8,0.0,0.6,22,0.3333333333333333,1
597,dutsak521uxfvqcejnf8ynac4,2021,2021-10-02 19:00:00,2021,10,sábado,19,Red Bull Bragantino,SC Corinthians Paulista,Nabizão,Flavio Rodrigues De Souza,No data,,2 de outubro de 2021 19:00,2,2,draw,1,https://optaplayerstats.statsperform.com/pt_BR/soccer/brasileir%C3%A3o-s%C3%A9rie-a-2021/cmto2xdcdarka1b708ac99jx0/match/view/dutsak521uxfvqcejnf8ynac4,2,0,0,0,0,0,0,2,0,0,0,0,0,0,4,0,0,0,0,0,0,1.0,1.0,2.0,2.0,1.2,1.2,0.0,2.6,0.2,0.3333333333333333,59,0.3333333333333333,1.8,2.0,3.0,0.0,1.2,0.8,0.4,1.8,0.2,0.6,60,0.7333333333333334,1
598,duiwj47ja9wfa3t39k9n2ms5w,2021,2021-10-02 21:00:00,2021,10,sábado,21,Clube Atlético Mineiro,SC Internacional,Mineirão,Luiz Flávio de Oliveira,7.166,7166,2 de outubro de 2021 21:00,1,0,home_win,0,https://optaplayerstats.statsperform.com/pt_BR/soccer/brasileir%C3%A3o-s%C3%A9rie-a-2021/cmto2xdcdarka1b708ac99jx0/match/view/duiwj47ja9wfa3t39k9n2ms5w,1,5,0,0,0,0,0,0,2,0,0,0,0,0,1,1,7,0,0,0,0,1.8,2.0,3.0,0.0,1.4,0.4,1.0,2.6,0.0,0.6,59,1.0,2.2,3.0,2.0,0.0,1.2,0.4,0.8,2.0,0.2,0.7333333333333333,59,0.5333333333333333,1
599,du7xpc6zh302wo06kii9uu80k,2021,2021-10-03 16:00:00,2021,10,domingo,16,CR Flamengo,Club Athletico Paranaense,Estádio Jornalista Mário Filho (Maracanã),Sávio Pereira Sampaio,8.843,8843,3 de outubro de 2021 16:00,3,0,home_win,0,https://optaplayerstats.statsperform.com/pt_BR/soccer/brasileir%C3%A3o-s%C3%A9rie-a-2021/cmto2xdcdarka1b708ac99jx0/match/view/du7xpc6zh302wo06kii9uu80k,3,2,0,0,0,0,0,0,2,0,0,0,0,0,3,3,4,0,0,0,0,1.6,2.0,2.0,1.0,1.8,0.8,1.0,2.4,0.0,0.5333333333333333,57,0.6,1.4,2.0,1.0,2.0,1.4,1.4,0.0,1.6,0.0,0.4666666666666667,59,0.0,1
600,duwlk6cvz6k6p5yxf36kp5s0k,2021,2021-10-03 16:00:00,2021,10,domingo,16,Chapecoense AF,São Paulo FC,Arena Condá,Marielson Alves Silva,973,973,3 de outubro de 2021 16:00,1,1,draw,1,https://optaplayerstats.statsperform.com/pt_BR/soccer/brasileir%C3%A3o-s%C3%A9rie-a-2021/cmto2xdcdarka1b708ac99jx0/match/view/duwlk6cvz6k6p5yxf36kp5s0k,1,1,0,0,0,0,0,1,1,0,0,0,0,0,2,0,2,0,0,0,0,0.8,1.0,1.0,3.0,0.6,1.2,-0.6,1.8,0.2,0.26666666666666666,22,0.06666666666666667,1.2,1.0,3.0,1.0,0.8,0.8,0.0,2.8,0.0,0.4,60,0.4666666666666666,1
601,duaqe3s0gx77jf1b7xhn1e6ms,2021,2021-10-03 18:15:00,2021,10,domingo,18,SE Palmeiras,EC Juventude,Allianz Parque,Marcelo de Lima Henrique,No data,,3 de outubro de 2021 18:15,1,1,draw,1,https://optaplayerstats.statsperform.com/pt_BR/soccer/brasileir%C3%A3o-s%C3%A9rie-a-2021/cmto2xdcdarka1b708ac99jx0/match/view/duaqe3s0gx77jf1b7xhn1e6ms,1,1,0,0,0,0,0,1,1,0,0,0,0,0,2,0,2,0,0,0,0,1.2,2.0,0.0,3.0,1.2,1.6,-0.4,1.4,0.2,0.4,59,0.39999999999999997,1.0,1.0,2.0,2.0,1.4,1.2,0.2,2.4,0.2,0.3333333333333333,22,0.3333333333333333,1
602,dulkkrudz7vh1gj5v7pxkqbro,2021,2021-10-03 20:30:00,2021,10,domingo,20,Grêmio FB Porto Alegrense,SC do Recife,Arena do Grêmio,Felipe Fernandes de Lima,6.847,6847,3 de outubro de 2021 20:30,1,2,away_win,2,https://optaplayerstats.statsperform.com/pt_BR/soccer/brasileir%C3%A3o-s%C3%A9rie-a-2021/cmto2xdcdarka1b708ac99jx0/match/view/dulkkrudz7vh1gj5v7pxkqbro,1,2,0,0,0,0,0,2,1,0,0,0,0,0,3,-1,3,0,0,0,0,1.8,3.0,0.0,2.0,1.4,1.0,0.4,2.2,0.2,0.6,58,0.6666666666666666,0.4,0.0,2.0,3.0,0.0,1.0,-1.0,3.2,0.4,0.13333333333333333,60,0.4666666666666666,1
603,dv4vctq0soe7pxntf6a7ua904,2021,2021-10-05 21:30:00,2021,10,terça-feira,21,SC Corinthians Paulista,EC Bahia,Neo Química Arena,Denis Ribeiro Serafim,10.470,10470,5 de outubro de 2021 21:30,3,1,home_win,0,https://optaplayerstats.statsperform.com/pt_BR/soccer/brasileir%C3%A3o-s%C3%A9rie-a-2021/cmto2xdcdarka1b708ac99jx0/match/view/dv4vctq0soe7pxntf6a7ua904,3,0,0,0,0,1,0,1,1,0,1,1,1,0,4,2,1,1,1,1,0,1.4,1.0,4.0,0.0,1.4,1.2,0.2,1.4,0.2,0.4666666666666667,61,0.5333333333333333,1.0,1.0,2.0,2.0,1.0,1.4,-0.4,2.8,0.0,0.3333333333333333,60,0.13333333333333333,1
604,dvg8rj80u17ayrnlp1l18q1hw,2021,2021-10-06 19:00:00,2021,10,quarta-feira,19,Ceará SC,SC Internacional,Castelão,Rodolpho Toski Marques,2.810,2810,6 de outubro de 2021 19:00,0,0,draw,1,https://optaplayerstats.statsperform.com/pt_BR/soccer/brasileir%C3%A3o-s%C3%A9rie-a-2021/cmto2xdcdarka1b708ac99jx0/match/view/dvg8rj80u17ayrnlp1l18q1hw,0,5,0,0,0,0,0,0,2,0,0,0,0,0,0,0,7,0,0,0,0,1.0,1.0,2.0,2.0,0.4,1.0,-0.6,1.0,0.0,0.3333333333333333,59,0.6,2.0,3.0,1.0,1.0,0.8,0.2,0.6,2.0,0.2,0.6666666666666666,60,0.5333333333333333,1
605,dviv0lrs2u1dpbai16ega88b8,2021,2021-10-06 19:00:00,2021,10,quarta-feira,19,SC do Recife,EC Juventude,Itaipava Arena Pernambuco,Braulio da Silva Machado,1.219,1219,6 de outubro de 2021 19:00,3,1,home_win,0,https://optaplayerstats.statsperform.com/pt_BR/soccer/brasileir%C3%A3o-s%C3%A9rie-a-2021/cmto2xdcdarka1b708ac99jx0/match/view/dviv0lrs2u1dpbai16ega88b8,3,2,0,0,0,0,0,1,2,0,0,0,1,0,4,2,4,0,0,1,0,0.8,1.0,1.0,3.0,0.4,1.2,-0.8,3.2,0.2,0.26666666666666666,61,0.13333333333333333,1.0,1.0,2.0,2.0,1.4,1.2,0.2,2.4,0.2,0.3333333333333333,23,0.39999999999999997,1
606,dvoclmm749m6e2cm52l5yllhw,2021,2021-10-06 19:00:00,2021,10,quarta-feira,19,Chapecoense AF,Clube Atlético Mineiro,Arena Condá,André Luiz de Freitas Castro,733,733,6 de outubro de 2021 19:00,2,2,draw,1,https://optaplayerstats.statsperform.com/pt_BR/soccer/brasileir%C3%A3o-s%C3%A9rie-a-2021/cmto2xdcdarka1b708ac99jx0/match/view/dvoclmm749m6e2cm52l5yllhw,2,2,0,0,0,1,0,2,1,0,0,0,0,0,4,0,3,0,0,1,0,0.8,1.0,1.0,3.0,0.8,1.4,-0.6,1.8,0.2,0.26666666666666666,23,0.13333333333333333,2.2,3.0,2.0,0.0,1.4,0.2,1.2,3.0,0.0,0.7333333333333333,60,0.6,1
607,dvr533bv7ww1lfsn3lgb1xhxw,2021,2021-10-06 19:00:00,2021,10,quarta-feira,19,Atlético Goianiense,Club Athletico Paranaense,Estádio Antônio Accioly,Wagner do Nascimento Magalhaes,1.500,1500,6 de outubro de 2021 19:00,0,2,away_win,2,https://optaplayerstats.statsperform.com/pt_BR/soccer/brasileir%C3%A3o-s%C3%A9rie-a-2021/cmto2xdcdarka1b708ac99jx0/match/view/dvr533bv7ww1lfsn3lgb1xhxw,0,3,0,0,0,0,0,2,3,0,0,0,0,0,2,-2,6,0,0,0,0,1.2,1.0,3.0,1.0,1.0,0.6,0.4,2.4,0.0,0.4,60,0.3333333333333333,1.4,2.0,1.0,2.0,1.2,1.6,-0.4,2.0,0.0,0.4666666666666667,60,0.0,1
608,dvljpnse6kqu4kx0jyldfqyvo,2021,2021-10-06 20:30:00,2021,10,quarta-feira,20,Red Bull Bragantino,CR Flamengo,Nabizão,Ramon Abatti,2.708,2708,6 de outubro de 2021 20:30,1,1,draw,1,https://optaplayerstats.statsperform.com/pt_BR/soccer/brasileir%C3%A3o-s%C3%A9rie-a-2021/cmto2xdcdarka1b708ac99jx0/match/view/dvljpnse6kqu4kx0jyldfqyvo,1,2,0,0,0,0,0,1,3,0,0,0,0,0,2,0,5,0,0,0,0,0.6,0.0,3.0,2.0,1.2,1.6,-0.4,2.6,0.2,0.2,60,0.3333333333333333,2.0,3.0,1.0,1.0,2.2,0.6,1.6,2.4,0.0,0.6666666666666666,58,0.7333333333333334,1
609,dv22xmaxd8ven41u7u715qrdg,2021,2021-10-06 21:30:00,2021,10,quarta-feira,21,Fluminense FC,Fortaleza EC,Estádio Jornalista Mário Filho (Maracanã),Paulo Roberto Alves Júnior,3.231,3231,6 de outubro de 2021 21:30,0,2,away_win,2,https://optaplayerstats.statsperform.com/pt_BR/soccer/brasileir%C3%A3o-s%C3%A9rie-a-2021/cmto2xdcdarka1b708ac99jx0/match/view/dv22xmaxd8ven41u7u715qrdg,0,2,0,0,0,0,0,2,2,0,0,0,0,0,2,-2,4,0,0,0,0,2.2,3.0,2.0,0.0,1.8,1.2,0.6,2.2,0.0,0.7333333333333333,60,0.7333333333333334,0.6,1.0,0.0,4.0,0.6,2.0,-1.4,1.4,0.2,0.2,61,0.4666666666666666,1
610,dvamqd4yd3yacb2xzoa120cno,2021,2021-10-06 21:30:00,2021,10,quarta-feira,21,América FC (Minas Gerais),SE Palmeiras,Estádio Raimundo Sampaio,Leandro Pedro Vuaden,854,854,6 de outubro de 2021 21:30,2,1,home_win,0,https://optaplayerstats.statsperform.com/pt_BR/soccer/brasileir%C3%A3o-s%C3%A9rie-a-2021/cmto2xdcdarka1b708ac99jx0/match/view/dvamqd4yd3yacb2xzoa120cno,2,2,0,0,0,1,0,1,3,0,0,0,0,0,3,1,5,0,0,1,0,1.8,2.0,3.0,0.0,1.2,0.4,0.8,1.0,0.0,0.6,23,0.6666666666666666,1.4,2.0,1.0,2.0,1.4,1.4,0.0,1.4,0.2,0.4666666666666667,60,0.4666666666666666,1
611,dvd7acwxysn0cpgg0oyhz82l0,2021,2021-10-06 21:30:00,2021,10,quarta-feira,21,Grêmio FB Porto Alegrense,Cuiabá EC,Arena do Grêmio,Wilton Pereira Sampaio,4.488,4488,6 de outubro de 2021 21:30,2,2,draw,1,https://optaplayerstats.statsperform.com/pt_BR/soccer/brasileir%C3%A3o-s%C3%A9rie-a-2021/cmto2xdcdarka1b708ac99jx0/match/view/dvd7acwxysn0cpgg0oyhz82l0,2,3,0,0,0,0,0,2,3,0,0,0,0,0,4,0,6,0,0,0,0,1.2,2.0,0.0,3.0,1.2,1.4,-0.2,2.4,0.2,0.4,59,0.6,1.6,2.0,2.0,1.0,1.2,1.2,0.0,3.0,0.4,0.5333333333333333,23,0.6,1
612,dv7n7yvxcgoofcj3yk8t44gt0,2021,2021-10-07 18:30:00,2021,10,quinta-feira,18,São Paulo FC,Santos FC Sao Paulo,Morumbi,Raphael Claus,5.529,5529,7 de outubro de 2021 18:30,1,1,draw,1,https://optaplayerstats.statsperform.com/pt_BR/soccer/brasileir%C3%A3o-s%C3%A9rie-a-2021/cmto2xdcdarka1b708ac99jx0/match/view/dv7n7yvxcgoofcj3yk8t44gt0,1,2,0,0,0,1,0,1,4,0,0,0,0,0,2,0,6,0,0,1,0,1.2,1.0,3.0,1.0,0.8,0.8,0.0,2.0,0.0,0.4,61,0.6,0.4,0.0,2.0,3.0,0.2,1.8,-1.6,1.8,0.0,0.13333333333333333,60,0.3333333333333333,1
613,dvttgd628ssdfzene4d4yz504,2021,2021-10-09 16:30:00,2021,10,sábado,16,Fluminense FC,Atlético Goianiense,Estádio Jornalista Mário Filho (Maracanã),Edina Alves Batista,2.200,2200,9 de outubro de 2021 16:30,0,0,draw,1,https://optaplayerstats.statsperform.com/pt_BR/soccer/brasileir%C3%A3o-s%C3%A9rie-a-2021/cmto2xdcdarka1b708ac99jx0/match/view/dvttgd628ssdfzene4d4yz504,0,2,0,0,0,0,0,0,2,1,0,1,0,0,0,0,4,1,1,0,0,2.0,3.0,1.0,1.0,1.6,1.4,0.2,2.2,0.0,0.6666666666666666,61,0.6666666666666666,1.0,1.0,2.0,2.0,1.0,1.0,0.0,2.8,0.0,0.3333333333333333,61,0.6666666666666666,1
614,dw3nu9zhlvlvoaq1msc5nodn8,2021,2021-10-09 16:30:00,2021,10,sábado,16,Clube Atlético Mineiro,Ceará SC,Mineirão,Jefferson Ferreira de Moraes,10.265,10265,9 de outubro de 2021 16:30,3,1,home_win,0,https://optaplayerstats.statsperform.com/pt_BR/soccer/brasileir%C3%A3o-s%C3%A9rie-a-2021/cmto2xdcdarka1b708ac99jx0/match/view/dw3nu9zhlvlvoaq1msc5nodn8,3,1,0,0,0,1,0,1,3,1,0,1,0,0,4,2,4,1,1,1,0,2.2,3.0,2.0,0.0,1.6,0.4,1.2,2.4,0.0,0.7333333333333333,61,1.0,1.0,1.0,2.0,2.0,0.2,0.8,-0.6,2.0,0.0,0.3333333333333333,60,0.13333333333333333,1
615,dwc3o8r2ejvdeb60q3u9dh5as,2021,2021-10-09 16:30:00,2021,10,sábado,16,SC do Recife,SC Corinthians Paulista,Itaipava Arena Pernambuco,Sávio Pereira Sampaio,2.489,2489,9 de outubro de 2021 16:30,1,0,home_win,0,https://optaplayerstats.statsperform.com/pt_BR/soccer/brasileir%C3%A3o-s%C3%A9rie-a-2021/cmto2xdcdarka1b708ac99jx0/match/view/dwc3o8r2ejvdeb60q3u9dh5as,1,3,0,0,0,0,0,0,0,0,0,0,0,0,1,1,3,0,0,0,0,1.2,2.0,0.0,3.0,1.0,1.4,-0.4,3.2,0.0,0.4,62,0.26666666666666666,1.8,2.0,3.0,0.0,1.8,1.2,0.6,0.8,0.2,0.6,62,0.6,1
616,dw9fv8ul7wwwjpquxleax3huc,2021,2021-10-09 19:00:00,2021,10,sábado,19,Fortaleza EC,CR Flamengo,Castelão,Felipe Fernandes de Lima,4.052,4052,9 de outubro de 2021 19:00,0,3,away_win,2,https://optaplayerstats.statsperform.com/pt_BR/soccer/brasileir%C3%A3o-s%C3%A9rie-a-2021/cmto2xdcdarka1b708ac99jx0/match/view/dw9fv8ul7wwwjpquxleax3huc,0,0,1,0,1,0,0,3,2,0,0,0,0,0,3,-3,2,1,1,0,0,1.2,2.0,0.0,3.0,0.6,1.2,-0.6,1.6,0.2,0.4,62,0.3333333333333333,1.6,2.0,2.0,1.0,1.6,0.8,0.8,2.2,0.0,0.5333333333333333,59,0.6,1
617,dwetv804f8vn1zz1wzofjfehg,2021,2021-10-09 19:00:00,2021,10,sábado,19,Club Athletico Paranaense,EC Bahia,Arena da Baixada,Marcelo de Lima Henrique,3.340,3340,9 de outubro de 2021 19:00,0,2,away_win,2,https://optaplayerstats.statsperform.com/pt_BR/soccer/brasileir%C3%A3o-s%C3%A9rie-a-2021/cmto2xdcdarka1b708ac99jx0/match/view/dwetv804f8vn1zz1wzofjfehg,0,1,0,0,0,0,0,2,2,0,0,0,0,0,2,-2,3,0,0,0,0,1.8,3.0,0.0,2.0,1.6,1.6,0.0,2.4,0.0,0.6,61,0.4666666666666666,1.0,1.0,2.0,2.0,1.2,1.6,-0.4,2.2,0.2,0.3333333333333333,61,0.06666666666666667,1
618,dvyiwigvfreowx8frn9d2jhn8,2021,2021-10-09 21:00:00,2021,10,sábado,21,SE Palmeiras,Red Bull Bragantino,Allianz Parque,Rafael Traci,8.884,8884,9 de outubro de 2021 21:00,2,4,away_win,2,https://optaplayerstats.statsperform.com/pt_BR/soccer/brasileir%C3%A3o-s%C3%A9rie-a-2021/cmto2xdcdarka1b708ac99jx0/match/view/dvyiwigvfreowx8frn9d2jhn8,2,2,0,0,0,1,0,4,2,0,0,0,0,0,6,-2,4,0,0,1,0,0.8,1.0,1.0,3.0,1.2,1.6,-0.4,1.4,0.2,0.26666666666666666,61,0.26666666666666666,0.6,0.0,3.0,2.0,1.2,1.6,-0.4,2.4,0.2,0.2,61,0.3333333333333333,1
619,dwhtbb94jzkiped8w8eyu35sk,2021,2021-10-09 21:00:00,2021,10,sábado,21,EC Juventude,América FC (Minas Gerais),Alfredo Jaconi,Alexandre Vargas Tavares de Jesus,1.457,1457,9 de outubro de 2021 21:00,1,1,draw,1,https://optaplayerstats.statsperform.com/pt_BR/soccer/brasileir%C3%A3o-s%C3%A9rie-a-2021/cmto2xdcdarka1b708ac99jx0/match/view/dwhtbb94jzkiped8w8eyu35sk,1,6,0,0,0,0,0,1,3,0,0,0,0,0,2,0,9,0,0,0,0,0.8,1.0,1.0,3.0,1.4,1.6,-0.2,2.0,0.2,0.26666666666666666,24,0.3333333333333333,1.8,2.0,3.0,0.0,1.2,0.6,0.6,1.2,0.0,0.6,24,0.4666666666666666,1
620,dw6pi2u9bqcmqcx4ito166h3o,2021,2021-10-10 11:00:00,2021,10,domingo,11,SC Internacional,Chapecoense AF,Beira-Rio,Alisson Sidnei Furtado,11.976,11976,10 de outubro de 2021 11:00,5,2,home_win,0,https://optaplayerstats.statsperform.com/pt_BR/soccer/brasileir%C3%A3o-s%C3%A9rie-a-2021/cmto2xdcdarka1b708ac99jx0/match/view/dw6pi2u9bqcmqcx4ito166h3o,5,3,0,0,0,0,0,2,1,0,0,0,0,0,7,3,4,0,0,0,0,2.0,3.0,1.0,1.0,0.8,0.2,0.6,2.0,0.2,0.6666666666666666,61,0.8666666666666667,1.0,1.0,2.0,2.0,1.0,1.4,-0.4,2.2,0.2,0.3333333333333333,24,0.3333333333333333,1
621,dw10byd10cozncafrd0i7khsk,2021,2021-10-10 16:00:00,2021,10,domingo,16,Santos FC Sao Paulo,Grêmio FB Porto Alegrense,Vila Belmiro,Bruno Arleu de Araújo,4.165,4165,10 de outubro de 2021 16:00,1,0,home_win,0,https://optaplayerstats.statsperform.com/pt_BR/soccer/brasileir%C3%A3o-s%C3%A9rie-a-2021/cmto2xdcdarka1b708ac99jx0/match/view/dw10byd10cozncafrd0i7khsk,1,4,0,0,0,0,0,0,6,0,1,1,0,0,1,1,10,1,1,0,0,0.6,0.0,3.0,2.0,0.4,1.2,-0.8,1.6,0.0,0.2,61,0.19999999999999998,1.4,2.0,1.0,2.0,1.6,1.6,0.0,2.8,0.0,0.4666666666666667,60,0.39999999999999997,1
622,dwkmb2fa1vrskz0q1zyptszys,2021,2021-10-11 20:00:00,2021,10,segunda-feira,20,Cuiabá EC,São Paulo FC,Arena Pantanal,Anderson Daronco,13.007,13007,11 de outubro de 2021 20:00,0,0,draw,1,https://optaplayerstats.statsperform.com/pt_BR/soccer/brasileir%C3%A3o-s%C3%A9rie-a-2021/cmto2xdcdarka1b708ac99jx0/match/view/dwkmb2fa1vrskz0q1zyptszys,0,2,0,0,0,0,0,0,2,0,0,0,0,0,0,0,4,0,0,0,0,1.2,1.0,3.0,1.0,1.2,1.4,-0.2,3.0,0.4,0.4,24,0.4666666666666666,1.4,1.0,4.0,0.0,0.8,0.6,0.2,1.6,0.0,0.4666666666666667,62,0.5333333333333333,1
623,dx5tjajd2uecpnc2ttguv6r6c,2021,2021-10-12 19:00:00,2021,10,terça-feira,19,Red Bull Bragantino,Atlético Goianiense,Nabizão,Sávio Pereira Sampaio,971,971,12 de outubro de 2021 19:00,1,0,home_win,0,https://optaplayerstats.statsperform.com/pt_BR/soccer/brasileir%C3%A3o-s%C3%A9rie-a-2021/cmto2xdcdarka1b708ac99jx0/match/view/dx5tjajd2uecpnc2ttguv6r6c,1,2,0,1,1,0,0,0,4,0,0,0,0,0,1,1,6,1,1,0,0,1.2,1.0,3.0,1.0,1.8,1.6,0.2,2.0,0.0,0.4,62,0.19999999999999998,1.0,1.0,2.0,2.0,0.8,0.8,0.0,2.4,0.2,0.3333333333333333,62,0.5333333333333333,1
624,dx34mu0t4kil2cxtuy1wvik9g,2021,2021-10-12 21:30:00,2021,10,terça-feira,21,EC Bahia,SE Palmeiras,Arena Fonte Nova,Ramon Abatti,4.509,4509,12 de outubro de 2021 21:30,0,0,draw,1,https://optaplayerstats.statsperform.com/pt_BR/soccer/brasileir%C3%A3o-s%C3%A9rie-a-2021/cmto2xdcdarka1b708ac99jx0/match/view/dx34mu0t4kil2cxtuy1wvik9g,0,4,0,0,0,0,0,0,2,1,0,1,0,0,0,0,6,1,1,0,0,1.0,1.0,2.0,2.0,0.8,1.2,-0.4,2.0,0.2,0.3333333333333333,62,0.26666666666666666,0.8,1.0,1.0,3.0,1.4,1.8,-0.4,1.8,0.0,0.26666666666666666,62,0.26666666666666666,1
625,dwn6qhhb1ixb60bmyafv4w93o,2021,2021-10-13 19:00:00,2021,10,quarta-feira,19,CR Flamengo,EC Juventude,Estádio Jornalista Mário Filho (Maracanã),André Luiz de Freitas Castro,7.282,7282,13 de outubro de 2021 19:00,3,1,home_win,0,https://optaplayerstats.statsperform.com/pt_BR/soccer/brasileir%C3%A3o-s%C3%A9rie-a-2021/cmto2xdcdarka1b708ac99jx0/match/view/dwn6qhhb1ixb60bmyafv4w93o,3,2,0,0,0,0,0,1,3,0,0,0,0,0,4,2,5,0,0,0,0,1.6,2.0,2.0,1.0,1.6,0.6,1.0,2.2,0.0,0.5333333333333333,60,0.6,1.0,1.0,2.0,2.0,1.4,1.4,0.0,2.6,0.2,0.3333333333333333,25,0.19999999999999998,1
626,dwv3js8siv7qs4c61xrrfh05w,2021,2021-10-13 19:00:00,2021,10,quarta-feira,19,Clube Atlético Mineiro,Santos FC Sao Paulo,Mineirão,Paulo Roberto Alves Júnior,16.514,16514,13 de outubro de 2021 19:00,3,1,home_win,0,https://optaplayerstats.statsperform.com/pt_BR/soccer/brasileir%C3%A3o-s%C3%A9rie-a-2021/cmto2xdcdarka1b708ac99jx0/match/view/dwv3js8siv7qs4c61xrrfh05w,3,2,0,0,0,1,0,1,7,0,0,0,0,0,4,2,9,0,0,1,0,2.2,3.0,2.0,0.0,1.8,0.6,1.2,2.0,0.0,0.7333333333333333,62,1.0,1.2,1.0,3.0,1.0,0.4,0.8,-0.4,2.2,0.0,0.4,62,0.19999999999999998,1
627,dx8mp9j73166c0pi0n8eu56hg,2021,2021-10-13 19:00:00,2021,10,quarta-feira,19,Chapecoense AF,Club Athletico Paranaense,Arena Condá,Luiz Flávio de Oliveira,935,935,13 de outubro de 2021 19:00,1,1,draw,1,https://optaplayerstats.statsperform.com/pt_BR/soccer/brasileir%C3%A3o-s%C3%A9rie-a-2021/cmto2xdcdarka1b708ac99jx0/match/view/dx8mp9j73166c0pi0n8eu56hg,1,4,0,0,0,0,0,1,5,0,0,0,0,0,2,0,9,0,0,0,0,0.4,0.0,2.0,3.0,1.0,2.2,-1.2,2.0,0.2,0.13333333333333333,25,0.19999999999999998,1.8,3.0,0.0,2.0,1.6,1.6,0.0,2.4,0.0,0.6,62,0.19999999999999998,1
628,dx0gny8sxgr9g11v45192ybro,2021,2021-10-13 20:30:00,2021,10,quarta-feira,20,Fortaleza EC,Grêmio FB Porto Alegrense,Castelão,Vinicius Gonçalves Dias Araujo,3.499,3499,13 de outubro de 2021 20:30,1,0,home_win,0,https://optaplayerstats.statsperform.com/pt_BR/soccer/brasileir%C3%A3o-s%C3%A9rie-a-2021/cmto2xdcdarka1b708ac99jx0/match/view/dx0gny8sxgr9g11v45192ybro,1,2,0,0,0,0,0,0,2,0,0,0,0,0,1,1,4,0,0,0,0,1.2,2.0,0.0,3.0,0.6,1.4,-0.8,1.4,0.4,0.4,63,0.13333333333333333,0.8,1.0,1.0,3.0,1.2,1.8,-0.6,4.0,0.2,0.26666666666666666,61,0.39999999999999997,1
629,dwpst01jr8tfo2g00rc1a1vys,2021,2021-10-13 21:00:00,2021,10,quarta-feira,21,SC Corinthians Paulista,Fluminense FC,Neo Química Arena,Marielson Alves Silva,12.405,12405,13 de outubro de 2021 21:00,1,0,home_win,0,https://optaplayerstats.statsperform.com/pt_BR/soccer/brasileir%C3%A3o-s%C3%A9rie-a-2021/cmto2xdcdarka1b708ac99jx0/match/view/dwpst01jr8tfo2g00rc1a1vys,1,1,0,0,0,0,0,0,1,0,0,0,0,0,1,1,2,0,0,0,0,1.6,2.0,2.0,1.0,1.6,1.2,0.4,0.4,0.2,0.5333333333333333,63,0.7333333333333334,1.6,2.0,2.0,1.0,1.2,1.2,0.0,2.6,0.0,0.5333333333333333,62,0.26666666666666666,1
630,dwxtyyl2yw7azqb3etjnuvxn8,2021,2021-10-13 21:30:00,2021,10,quarta-feira,21,SC Internacional,América FC (Minas Gerais),Beira-Rio,Caio Max Augusto Vieira,9.711,9711,13 de outubro de 2021 21:30,3,1,home_win,0,https://optaplayerstats.statsperform.com/pt_BR/soccer/brasileir%C3%A3o-s%C3%A9rie-a-2021/cmto2xdcdarka1b708ac99jx0/match/view/dwxtyyl2yw7azqb3etjnuvxn8,3,1,0,0,0,0,0,1,2,0,0,0,0,0,4,2,3,0,0,0,0,2.0,3.0,1.0,1.0,1.6,0.6,1.0,2.4,0.2,0.6666666666666666,62,0.8666666666666667,1.8,2.0,3.0,0.0,1.2,0.6,0.6,1.8,0.0,0.6,25,0.4666666666666666,1
631,dwsazmg4rvkd5v2vcfbf9bbx0,2021,2021-10-14 19:00:00,2021,10,quinta-feira,19,São Paulo FC,Ceará SC,Morumbi,Paulo Cesar Zanovelli da Silva,9.371,9371,14 de outubro de 2021 19:00,1,1,draw,1,https://optaplayerstats.statsperform.com/pt_BR/soccer/brasileir%C3%A3o-s%C3%A9rie-a-2021/cmto2xdcdarka1b708ac99jx0/match/view/dwsazmg4rvkd5v2vcfbf9bbx0,1,3,0,0,0,0,0,1,3,0,0,0,0,0,2,0,6,0,0,0,0,1.0,0.0,5.0,0.0,0.4,0.4,0.0,1.8,0.0,0.3333333333333333,63,0.6,1.0,1.0,2.0,2.0,0.4,1.0,-0.6,2.2,0.2,0.3333333333333333,61,0.06666666666666667,1
632,dxbcsjffwzafmduxwkfefzq50,2021,2021-10-14 19:00:00,2021,10,quinta-feira,19,Cuiabá EC,SC do Recife,Arena Pantanal,Leandro Pedro Vuaden,3.054,3054,14 de outubro de 2021 19:00,1,0,home_win,0,https://optaplayerstats.statsperform.com/pt_BR/soccer/brasileir%C3%A3o-s%C3%A9rie-a-2021/cmto2xdcdarka1b708ac99jx0/match/view/dxbcsjffwzafmduxwkfefzq50,1,4,0,0,0,1,0,0,1,0,0,0,0,0,1,1,5,0,0,1,0,0.8,0.0,4.0,1.0,0.8,1.2,-0.4,2.4,0.2,0.26666666666666666,25,0.3333333333333333,1.8,3.0,0.0,2.0,1.2,1.2,0.0,2.8,0.0,0.6,63,0.4666666666666666,1
633,dy2ujjw6ypl1fbmwj4d80i13o,2021,2021-10-16 19:00:00,2021,10,sábado,19,Chapecoense AF,Fortaleza EC,Arena Condá,Zandick Gondim Alves Junior,1.027,1027,16 de outubro de 2021 19:00,1,2,away_win,2,https://optaplayerstats.statsperform.com/pt_BR/soccer/brasileir%C3%A3o-s%C3%A9rie-a-2021/cmto2xdcdarka1b708ac99jx0/match/view/dy2ujjw6ypl1fbmwj4d80i13o,1,3,0,0,0,0,0,2,1,0,0,0,1,0,3,-1,4,0,0,1,0,0.6,0.0,3.0,2.0,1.2,2.0,-0.8,2.4,0.2,0.2,26,0.19999999999999998,1.8,3.0,0.0,2.0,0.8,1.2,-0.4,1.6,0.2,0.6,64,0.4666666666666666,1
634,dxok5lc5hysipz16sx2hn9w5w,2021,2021-10-16 21:00:00,2021,10,sábado,21,América FC (Minas Gerais),EC Bahia,Estádio Raimundo Sampaio,Alisson Sidnei Furtado,746,746,16 de outubro de 2021 21:00,0,0,draw,1,https://optaplayerstats.statsperform.com/pt_BR/soccer/brasileir%C3%A3o-s%C3%A9rie-a-2021/cmto2xdcdarka1b708ac99jx0/match/view/dxok5lc5hysipz16sx2hn9w5w,0,1,0,0,0,0,0,0,2,0,0,0,0,0,0,0,3,0,0,0,0,1.6,2.0,2.0,1.0,1.4,1.2,0.2,2.0,0.0,0.5333333333333333,26,0.6666666666666666,1.0,1.0,2.0,2.0,0.8,1.2,-0.4,2.0,0.2,0.3333333333333333,63,0.26666666666666666,1
635,dxj67dca75bld0pvsq1bp3fh0,2021,2021-10-17 16:00:00,2021,10,domingo,16,SE Palmeiras,SC Internacional,Allianz Parque,Braulio da Silva Machado,11.111,11111,17 de outubro de 2021 16:00,1,0,home_win,0,https://optaplayerstats.statsperform.com/pt_BR/soccer/brasileir%C3%A3o-s%C3%A9rie-a-2021/cmto2xdcdarka1b708ac99jx0/match/view/dxj67dca75bld0pvsq1bp3fh0,1,3,0,0,0,1,0,0,4,1,0,1,0,0,1,1,7,1,1,1,0,0.4,0.0,2.0,3.0,1.0,1.8,-0.8,1.8,0.2,0.13333333333333333,63,0.26666666666666666,2.0,3.0,1.0,1.0,2.0,0.8,1.2,2.0,0.0,0.6666666666666666,63,0.39999999999999997,1
636,dy018qkqn8543evowzgzuyqs4,2021,2021-10-17 16:00:00,2021,10,domingo,16,Club Athletico Paranaense,Fluminense FC,Arena da Baixada,Felipe Fernandes de Lima,1.486,1486,17 de outubro de 2021 16:00,0,1,away_win,2,https://optaplayerstats.statsperform.com/pt_BR/soccer/brasileir%C3%A3o-s%C3%A9rie-a-2021/cmto2xdcdarka1b708ac99jx0/match/view/dy018qkqn8543evowzgzuyqs4,0,2,0,0,0,0,0,1,1,0,0,0,0,1,1,-1,3,0,0,0,1,1.4,2.0,1.0,2.0,1.4,1.6,-0.2,2.4,0.0,0.4666666666666667,63,0.4666666666666666,1.0,1.0,2.0,2.0,0.8,1.2,-0.4,1.8,0.0,0.3333333333333333,63,0.26666666666666666,1
637,dxrchq8c3hy5sgsm1ngznjuvo,2021,2021-10-17 18:15:00,2021,10,domingo,18,Grêmio FB Porto Alegrense,EC Juventude,Arena do Grêmio,Marcelo de Lima Henrique,15.129,15129,17 de outubro de 2021 18:15,3,2,home_win,0,https://optaplayerstats.statsperform.com/pt_BR/soccer/brasileir%C3%A3o-s%C3%A9rie-a-2021/cmto2xdcdarka1b708ac99jx0/match/view/dxrchq8c3hy5sgsm1ngznjuvo,3,1,0,0,0,0,0,2,3,0,0,0,0,0,5,1,4,0,0,0,0,0.2,0.0,1.0,4.0,1.0,2.0,-1.0,3.6,0.2,0.06666666666666667,62,0.4666666666666666,1.0,1.0,2.0,2.0,1.4,1.6,-0.2,3.0,0.0,0.3333333333333333,26,0.13333333333333333,1
638,dxuh05d33hfcz4urbaqiusg0k,2021,2021-10-17 18:15:00,2021,10,domingo,18,Ceará SC,Red Bull Bragantino,Castelão,Wagner do Nascimento Magalhaes,4.500,4500,17 de outubro de 2021 18:15,2,2,draw,1,https://optaplayerstats.statsperform.com/pt_BR/soccer/brasileir%C3%A3o-s%C3%A9rie-a-2021/cmto2xdcdarka1b708ac99jx0/match/view/dxuh05d33hfcz4urbaqiusg0k,2,2,0,0,0,0,1,2,7,0,0,0,0,0,4,0,9,0,0,0,1,1.2,1.0,3.0,1.0,0.6,0.8,-0.2,2.8,0.2,0.4,62,0.4666666666666666,1.6,2.0,2.0,1.0,1.8,1.4,0.4,1.6,0.2,0.5333333333333333,63,0.5333333333333333,1
639,dy5hg6dfbatya27x03m4yuhhw,2021,2021-10-17 18:15:00,2021,10,domingo,18,Atlético Goianiense,Clube Atlético Mineiro,Estádio Antônio Accioly,Raphael Claus,2.963,2963,17 de outubro de 2021 18:15,2,1,home_win,0,https://optaplayerstats.statsperform.com/pt_BR/soccer/brasileir%C3%A3o-s%C3%A9rie-a-2021/cmto2xdcdarka1b708ac99jx0/match/view/dy5hg6dfbatya27x03m4yuhhw,2,1,0,0,0,0,0,1,0,0,0,0,0,0,3,1,1,0,0,0,0,1.0,1.0,2.0,2.0,0.6,0.6,0.0,2.8,0.2,0.3333333333333333,63,0.26666666666666666,2.2,3.0,2.0,0.0,1.8,0.8,1.0,2.0,0.0,0.7333333333333333,63,0.4666666666666666,1
640,dxga85cukv424oa3o7cwk09w4,2021,2021-10-17 20:30:00,2021,10,domingo,20,CR Flamengo,Cuiabá EC,Estádio Jornalista Mário Filho (Maracanã),Flavio Rodrigues De Souza,7.711,7711,17 de outubro de 2021 20:30,0,0,draw,1,https://optaplayerstats.statsperform.com/pt_BR/soccer/brasileir%C3%A3o-s%C3%A9rie-a-2021/cmto2xdcdarka1b708ac99jx0/match/view/dxga85cukv424oa3o7cwk09w4,0,1,0,0,0,0,0,0,1,0,0,0,0,0,0,0,2,0,0,0,0,2.2,3.0,2.0,0.0,2.2,0.6,1.6,2.0,0.0,0.7333333333333333,61,0.6,1.2,1.0,3.0,1.0,0.6,0.8,-0.2,2.8,0.0,0.4,26,0.6,1
641,dxxe514cw0a5ygp6r0ih5ewpg,2021,2021-10-17 20:30:00,2021,10,domingo,20,SC do Recife,Santos FC Sao Paulo,Ilha do Retiro,Anderson Daronco,5.272,5272,17 de outubro de 2021 20:30,0,0,draw,1,https://optaplayerstats.statsperform.com/pt_BR/soccer/brasileir%C3%A3o-s%C3%A9rie-a-2021/cmto2xdcdarka1b708ac99jx0/match/view/dxxe514cw0a5ygp6r0ih5ewpg,0,1,0,0,0,0,0,0,3,0,0,0,0,0,0,0,4,0,0,0,0,1.8,3.0,0.0,2.0,1.2,0.8,0.4,2.4,0.0,0.6,64,0.4666666666666666,1.0,1.0,2.0,2.0,0.6,1.4,-0.8,3.4,0.0,0.3333333333333333,63,0.13333333333333333,1
642,dxlvczifwgvhdnsr6vx972iok,2021,2021-10-18 20:00:00,2021,10,segunda-feira,20,São Paulo FC,SC Corinthians Paulista,Morumbi,Leandro Pedro Vuaden,23.874,23874,18 de outubro de 2021 20:00,1,0,home_win,0,https://optaplayerstats.statsperform.com/pt_BR/soccer/brasileir%C3%A3o-s%C3%A9rie-a-2021/cmto2xdcdarka1b708ac99jx0/match/view/dxlvczifwgvhdnsr6vx972iok,1,3,0,0,0,0,0,0,2,0,0,0,0,0,1,1,5,0,0,0,0,1.0,0.0,5.0,0.0,0.6,0.6,0.0,1.8,0.0,0.3333333333333333,64,0.4666666666666666,2.0,3.0,1.0,1.0,1.6,1.0,0.6,0.4,0.0,0.6666666666666666,64,0.5333333333333333,1
643,drcxvasr42d9vablefu0nyo7o,2021,2021-10-20 19:00:00,2021,10,quarta-feira,19,Ceará SC,SE Palmeiras,Castelão,André Luiz de Freitas Castro,6.205,6205,20 de outubro de 2021 19:00,1,2,away_win,2,https://optaplayerstats.statsperform.com/pt_BR/soccer/brasileir%C3%A3o-s%C3%A9rie-a-2021/cmto2xdcdarka1b708ac99jx0/match/view/drcxvasr42d9vablefu0nyo7o,1,4,0,0,0,0,0,2,2,0,0,0,0,0,3,-1,6,0,0,0,0,1.2,1.0,3.0,1.0,1.0,1.2,-0.2,2.6,0.2,0.4,63,0.4666666666666666,1.0,1.0,2.0,2.0,1.0,1.4,-0.4,2.2,0.2,0.3333333333333333,64,0.26666666666666666,1
644,dra6tl865kosj6brsctad3cb8,2021,2021-10-21 20:00:00,2021,10,quinta-feira,20,SC Internacional,Red Bull Bragantino,Beira-Rio,Marielson Alves Silva,11.026,11026,21 de outubro de 2021 20:00,1,1,draw,1,https://optaplayerstats.statsperform.com/pt_BR/soccer/brasileir%C3%A3o-s%C3%A9rie-a-2021/cmto2xdcdarka1b708ac99jx0/match/view/dra6tl865kosj6brsctad3cb8,1,5,0,0,0,0,0,1,3,0,0,0,0,0,2,0,8,0,0,0,0,1.4,2.0,1.0,2.0,1.6,1.0,0.6,2.4,0.2,0.4666666666666667,64,1.0,1.8,2.0,3.0,0.0,2.0,1.4,0.6,2.6,0.2,0.6,64,0.5333333333333333,1
645,dyeag2d7k3e473h4r1099pf6c,2021,2021-10-23 17:00:00,2021,10,sábado,17,Santos FC Sao Paulo,América FC (Minas Gerais),Vila Belmiro,Marcelo de Lima Henrique,6.921,6921,23 de outubro de 2021 17:00,0,2,away_win,2,https://optaplayerstats.statsperform.com/pt_BR/soccer/brasileir%C3%A3o-s%C3%A9rie-a-2021/cmto2xdcdarka1b708ac99jx0/match/view/dyeag2d7k3e473h4r1099pf6c,0,1,1,0,1,0,0,2,2,0,0,0,1,0,2,-2,3,1,1,1,0,1.0,1.0,2.0,2.0,0.6,1.4,-0.8,3.6,0.0,0.3333333333333333,64,0.39999999999999997,1.6,2.0,2.0,1.0,1.2,1.0,0.2,2.0,0.0,0.5333333333333333,27,0.39999999999999997,1
646,dywzprboigea2mlfg5alkb1uc,2021,2021-10-23 17:00:00,2021,10,sábado,17,EC Juventude,Ceará SC,Alfredo Jaconi,Rodolpho Toski Marques,3.680,3680,23 de outubro de 2021 17:00,0,0,draw,1,https://optaplayerstats.statsperform.com/pt_BR/soccer/brasileir%C3%A3o-s%C3%A9rie-a-2021/cmto2xdcdarka1b708ac99jx0/match/view/dywzprboigea2mlfg5alkb1uc,0,1,0,0,0,0,0,0,2,0,0,0,0,0,0,0,3,0,0,0,0,0.4,0.0,2.0,3.0,1.2,2.2,-1.0,3.0,0.0,0.13333333333333333,27,0.39999999999999997,0.6,0.0,3.0,2.0,1.0,1.6,-0.6,3.4,0.2,0.2,64,0.06666666666666667,1
647,dy87jc01m0w17wkdnbiazlqtw,2021,2021-10-23 19:00:00,2021,10,sábado,19,Fluminense FC,CR Flamengo,Estádio Jornalista Mário Filho (Maracanã),Vinicius Gonçalves Dias Araujo,10.029,10029,23 de outubro de 2021 19:00,3,1,home_win,0,https://optaplayerstats.statsperform.com/pt_BR/soccer/brasileir%C3%A3o-s%C3%A9rie-a-2021/cmto2xdcdarka1b708ac99jx0/match/view/dy87jc01m0w17wkdnbiazlqtw,3,7,0,0,0,0,0,1,3,0,0,0,0,0,4,2,10,0,0,0,0,1.4,2.0,1.0,2.0,0.6,0.8,-0.2,1.6,0.0,0.4666666666666667,64,0.5333333333333333,2.2,3.0,2.0,0.0,2.0,0.4,1.6,2.0,0.0,0.7333333333333333,62,0.7333333333333334,1
648,dymuybjjgxvqr3qi5azb8tic4,2021,2021-10-23 19:15:00,2021,10,sábado,19,Fortaleza EC,Club Athletico Paranaense,Castelão,Denis Ribeiro Serafim,7.011,7011,23 de outubro de 2021 19:15,3,0,home_win,0,https://optaplayerstats.statsperform.com/pt_BR/soccer/brasileir%C3%A3o-s%C3%A9rie-a-2021/cmto2xdcdarka1b708ac99jx0/match/view/dymuybjjgxvqr3qi5azb8tic4,3,2,0,0,0,0,0,0,2,0,0,0,0,0,3,3,4,0,0,0,0,1.8,3.0,0.0,2.0,1.0,1.4,-0.4,1.4,0.2,0.6,65,0.26666666666666666,0.8,1.0,1.0,3.0,0.6,1.4,-0.8,2.6,0.0,0.26666666666666666,64,0.26666666666666666,1
649,dyh93i6tmf2krub477dygll3o,2021,2021-10-24 16:00:00,2021,10,domingo,16,Clube Atlético Mineiro,Cuiabá EC,Mineirão,Sávio Pereira Sampaio,30.627,30627,24 de outubro de 2021 16:00,2,1,home_win,0,https://optaplayerstats.statsperform.com/pt_BR/soccer/brasileir%C3%A3o-s%C3%A9rie-a-2021/cmto2xdcdarka1b708ac99jx0/match/view/dyh93i6tmf2krub477dygll3o,2,0,0,0,0,0,0,1,0,0,0,0,0,1,3,1,0,0,0,0,1,2.0,3.0,1.0,1.0,2.0,1.2,0.8,1.8,0.0,0.6666666666666666,64,1.0,1.2,1.0,3.0,1.0,0.6,0.8,-0.2,2.2,0.0,0.4,27,0.4666666666666666,1
650,dyk9fabq0o4hx3etuxub50n4k,2021,2021-10-24 16:00:00,2021,10,domingo,16,SC Internacional,SC Corinthians Paulista,Beira-Rio,Bruno Arleu de Araújo,13.126,13126,24 de outubro de 2021 16:00,2,2,draw,1,https://optaplayerstats.statsperform.com/pt_BR/soccer/brasileir%C3%A3o-s%C3%A9rie-a-2021/cmto2xdcdarka1b708ac99jx0/match/view/dyk9fabq0o4hx3etuxub50n4k,2,3,1,0,1,0,0,2,3,1,0,1,1,0,4,0,6,2,1,1,0,1.6,2.0,2.0,1.0,1.8,1.0,0.8,3.0,0.2,0.5333333333333333,65,0.8666666666666667,1.4,2.0,1.0,2.0,1.2,1.0,0.2,0.6,0.0,0.4666666666666667,65,0.3333333333333333,1
651,dys6ordgv42ahvrjaon1mi2ac,2021,2021-10-24 18:15:00,2021,10,domingo,18,Red Bull Bragantino,São Paulo FC,Nabizão,Felipe Fernandes de Lima,4.345,4345,24 de outubro de 2021 18:15,1,0,home_win,0,https://optaplayerstats.statsperform.com/pt_BR/soccer/brasileir%C3%A3o-s%C3%A9rie-a-2021/cmto2xdcdarka1b708ac99jx0/match/view/dys6ordgv42ahvrjaon1mi2ac,1,3,0,0,0,0,0,0,0,0,0,0,0,0,1,1,3,0,0,0,0,1.8,2.0,3.0,0.0,1.8,1.2,0.6,3.2,0.2,0.6,65,0.39999999999999997,1.4,1.0,4.0,0.0,0.8,0.6,0.2,2.2,0.0,0.4666666666666667,65,0.39999999999999997,1
652,dypfv5h7wkprfoaf98il47z84,2021,2021-10-24 20:30:00,2021,10,domingo,20,EC Bahia,Chapecoense AF,Arena Fonte Nova,Wilton Pereira Sampaio,8.058,8058,24 de outubro de 2021 20:30,3,0,home_win,0,https://optaplayerstats.statsperform.com/pt_BR/soccer/brasileir%C3%A3o-s%C3%A9rie-a-2021/cmto2xdcdarka1b708ac99jx0/match/view/dypfv5h7wkprfoaf98il47z84,3,1,0,0,0,0,0,0,1,0,0,0,0,0,3,3,2,0,0,0,0,1.0,1.0,2.0,2.0,0.6,1.0,-0.4,2.2,0.2,0.3333333333333333,64,0.3333333333333333,0.6,0.0,3.0,2.0,1.4,2.2,-0.8,2.2,0.0,0.2,27,0.3333333333333333,1
653,dyzqq9da0v25v0dnzv1qw1no4,2021,2021-10-25 20:00:00,2021,10,segunda-feira,20,Atlético Goianiense,Grêmio FB Porto Alegrense,Estádio Antônio Accioly,Caio Max Augusto Vieira,3.852,3852,25 de outubro de 2021 20:00,2,0,home_win,0,https://optaplayerstats.statsperform.com/pt_BR/soccer/brasileir%C3%A3o-s%C3%A9rie-a-2021/cmto2xdcdarka1b708ac99jx0/match/view/dyzqq9da0v25v0dnzv1qw1no4,2,2,0,0,0,1,0,0,7,1,0,1,0,0,2,2,9,1,1,1,0,1.4,2.0,1.0,2.0,1.0,0.8,0.2,2.8,0.2,0.4666666666666667,64,0.39999999999999997,0.8,1.0,1.0,3.0,1.2,1.6,-0.4,2.8,0.2,0.26666666666666666,63,0.39999999999999997,1
654,dybeliqbi6yu6rakifmyho4k4,2021,2021-10-25 21:30:00,2021,10,segunda-feira,21,SE Palmeiras,SC do Recife,Allianz Parque,Wagner do Nascimento Magalhaes,13.367,13367,25 de outubro de 2021 21:30,2,1,home_win,0,https://optaplayerstats.statsperform.com/pt_BR/soccer/brasileir%C3%A3o-s%C3%A9rie-a-2021/cmto2xdcdarka1b708ac99jx0/match/view/dybeliqbi6yu6rakifmyho4k4,2,1,0,0,0,0,0,1,3,0,0,0,0,0,3,1,4,0,0,0,0,1.4,2.0,1.0,2.0,1.2,1.4,-0.2,2.4,0.2,0.4666666666666667,65,0.4666666666666666,2.0,3.0,1.0,1.0,1.2,0.6,0.6,1.6,0.0,0.6666666666666666,65,0.26666666666666666,1
655,dudo8l2t2uie4y7qpm4rlolxw,2021,2021-10-27 19:00:00,2021,10,quarta-feira,19,Santos FC Sao Paulo,Fluminense FC,Vila Belmiro,Wilton Pereira Sampaio,6.685,6685,27 de outubro de 2021 19:00,2,0,home_win,0,https://optaplayerstats.statsperform.com/pt_BR/soccer/brasileir%C3%A3o-s%C3%A9rie-a-2021/cmto2xdcdarka1b708ac99jx0/match/view/dudo8l2t2uie4y7qpm4rlolxw,2,2,0,0,0,0,0,0,2,0,0,0,0,0,2,2,4,0,0,0,0,1.0,1.0,2.0,2.0,0.6,1.2,-0.6,3.8,0.2,0.3333333333333333,65,0.3333333333333333,1.4,2.0,1.0,2.0,0.8,0.8,0.0,2.6,0.0,0.4666666666666667,65,0.4666666666666666,1
656,duqyouv26nqf3n5h6d2fqvims,2021,2021-10-27 19:00:00,2021,10,quarta-feira,19,EC Bahia,Ceará SC,Arena Fonte Nova,Antonio Dib Moraes de Sousa,11.507,11507,27 de outubro de 2021 19:00,1,1,draw,1,https://optaplayerstats.statsperform.com/pt_BR/soccer/brasileir%C3%A3o-s%C3%A9rie-a-2021/cmto2xdcdarka1b708ac99jx0/match/view/duqyouv26nqf3n5h6d2fqvims,1,3,0,0,0,0,0,1,2,0,1,1,0,0,2,0,5,1,1,0,0,1.6,2.0,2.0,1.0,1.2,0.6,0.6,2.0,0.2,0.5333333333333333,65,0.5333333333333333,0.6,0.0,3.0,2.0,1.0,1.6,-0.6,2.8,0.2,0.2,65,0.13333333333333333,1
657,e3o3xkanpo688i009yjof8tg4,2021,2021-10-28 19:00:00,2021,10,quinta-feira,19,Red Bull Bragantino,SC do Recife,Nabizão,Bruno Arleu de Araújo,931,931,28 de outubro de 2021 19:00,3,0,home_win,0,https://optaplayerstats.statsperform.com/pt_BR/soccer/brasileir%C3%A3o-s%C3%A9rie-a-2021/cmto2xdcdarka1b708ac99jx0/match/view/e3o3xkanpo688i009yjof8tg4,3,3,0,0,0,0,1,0,6,0,0,0,0,0,3,3,9,0,0,0,1,2.2,3.0,2.0,0.0,1.8,1.0,0.8,3.4,0.2,0.7333333333333333,66,0.5333333333333333,1.4,2.0,1.0,2.0,1.0,0.8,0.2,2.0,0.0,0.4666666666666667,66,0.26666666666666666,1
658,dzl1t76fxmtv1co69aisigpas,2021,2021-10-30 17:00:00,2021,10,sábado,17,Club Athletico Paranaense,Santos FC Sao Paulo,Arena da Baixada,Leandro Pedro Vuaden,6.666,6666,30 de outubro de 2021 17:00,0,1,away_win,2,https://optaplayerstats.statsperform.com/pt_BR/soccer/brasileir%C3%A3o-s%C3%A9rie-a-2021/cmto2xdcdarka1b708ac99jx0/match/view/dzl1t76fxmtv1co69aisigpas,0,1,0,0,0,0,0,1,2,0,0,0,0,0,1,-1,3,0,0,0,0,0.8,1.0,1.0,3.0,0.6,1.4,-0.8,2.6,0.0,0.26666666666666666,65,0.4666666666666666,1.4,2.0,1.0,2.0,0.8,1.0,-0.2,3.4,0.2,0.4666666666666667,66,0.19999999999999998,1
659,dz2jlwvz1lyxpb6gzplgm06c4,2021,2021-10-30 19:00:00,2021,10,sábado,19,CR Flamengo,Clube Atlético Mineiro,Estádio Jornalista Mário Filho (Maracanã),Anderson Daronco,24.696,24696,30 de outubro de 2021 19:00,1,0,home_win,0,https://optaplayerstats.statsperform.com/pt_BR/soccer/brasileir%C3%A3o-s%C3%A9rie-a-2021/cmto2xdcdarka1b708ac99jx0/match/view/dz2jlwvz1lyxpb6gzplgm06c4,1,4,0,0,0,0,0,0,2,0,0,0,0,0,1,1,6,0,0,0,0,1.6,2.0,2.0,1.0,1.6,1.0,0.6,2.2,0.0,0.5333333333333333,63,0.6666666666666666,2.0,3.0,1.0,1.0,2.2,1.4,0.8,0.8,0.0,0.6666666666666666,65,0.39999999999999997,1
660,dznt8dixjykrw0404tahdb02c,2021,2021-10-30 19:15:00,2021,10,sábado,19,EC Juventude,EC Bahia,Alfredo Jaconi,Paulo Roberto Alves Júnior,1.765,1765,30 de outubro de 2021 19:15,0,0,draw,1,https://optaplayerstats.statsperform.com/pt_BR/soccer/brasileir%C3%A3o-s%C3%A9rie-a-2021/cmto2xdcdarka1b708ac99jx0/match/view/dznt8dixjykrw0404tahdb02c,0,2,0,0,0,0,0,0,1,0,0,0,0,0,0,0,3,0,0,0,0,0.4,0.0,2.0,3.0,1.0,2.0,-1.0,3.0,0.0,0.13333333333333333,28,0.39999999999999997,1.8,2.0,3.0,0.0,1.2,0.2,1.0,2.4,0.0,0.6,66,0.3333333333333333,1
661,dza9qy3160xd9ullegq6wmq6s,2021,2021-10-30 22:00:00,2021,10,sábado,22,América FC (Minas Gerais),Fortaleza EC,Estádio Raimundo Sampaio,Flavio Rodrigues De Souza,1.034,1034,30 de outubro de 2021 22:00,2,1,home_win,0,https://optaplayerstats.statsperform.com/pt_BR/soccer/brasileir%C3%A3o-s%C3%A9rie-a-2021/cmto2xdcdarka1b708ac99jx0/match/view/dza9qy3160xd9ullegq6wmq6s,2,0,0,0,0,1,0,1,5,0,0,0,0,0,3,1,5,0,0,1,0,1.6,2.0,2.0,1.0,1.2,1.0,0.2,2.0,0.0,0.5333333333333333,28,0.7333333333333334,2.4,4.0,0.0,1.0,1.6,0.8,0.8,1.4,0.2,0.8,66,0.6,1
662,dzczm2lhsbw05awqf2i6hgb9w,2021,2021-10-31 16:00:00,2021,10,domingo,16,Grêmio FB Porto Alegrense,SE Palmeiras,Arena do Grêmio,Sávio Pereira Sampaio,13.799,13799,31 de outubro de 2021 16:00,1,3,away_win,2,https://optaplayerstats.statsperform.com/pt_BR/soccer/brasileir%C3%A3o-s%C3%A9rie-a-2021/cmto2xdcdarka1b708ac99jx0/match/view/dzczm2lhsbw05awqf2i6hgb9w,1,6,0,0,0,0,0,3,2,0,0,0,1,0,4,-2,8,0,0,1,0,0.8,1.0,1.0,3.0,1.0,1.6,-0.6,3.8,0.4,0.26666666666666666,64,0.4666666666666666,2.0,3.0,1.0,1.0,1.4,1.2,0.2,2.0,0.2,0.6666666666666666,66,0.4666666666666666,1
663,dzfmp7zu172bneb1cjcmxvi1g,2021,2021-10-31 16:00:00,2021,10,domingo,16,Ceará SC,Fluminense FC,Castelão,Raphael Claus,8.095,8095,31 de outubro de 2021 16:00,1,0,home_win,0,https://optaplayerstats.statsperform.com/pt_BR/soccer/brasileir%C3%A3o-s%C3%A9rie-a-2021/cmto2xdcdarka1b708ac99jx0/match/view/dzfmp7zu172bneb1cjcmxvi1g,1,4,1,0,1,1,0,0,2,0,0,0,0,0,1,1,6,1,1,1,0,0.8,0.0,4.0,1.0,1.0,1.2,-0.2,2.6,0.2,0.26666666666666666,66,0.39999999999999997,1.4,2.0,1.0,2.0,0.8,0.8,0.0,2.6,0.0,0.4666666666666667,66,0.4666666666666666,1
664,dz7puncvb74hso4zec1elkf10,2021,2021-10-31 18:15:00,2021,10,domingo,18,São Paulo FC,SC Internacional,Morumbi,André Luiz de Freitas Castro,19.867,19867,31 de outubro de 2021 18:15,1,0,home_win,0,https://optaplayerstats.statsperform.com/pt_BR/soccer/brasileir%C3%A3o-s%C3%A9rie-a-2021/cmto2xdcdarka1b708ac99jx0/match/view/dz7puncvb74hso4zec1elkf10,1,0,0,0,0,0,0,0,2,0,0,0,0,0,1,1,2,0,0,0,0,1.2,1.0,3.0,1.0,0.6,0.6,0.0,2.0,0.0,0.4,66,0.4666666666666666,1.6,2.0,2.0,1.0,2.2,1.4,0.8,3.2,0.4,0.5333333333333333,66,0.3333333333333333,1
665,dzian0q5uegxl5bufigvmg9hw,2021,2021-10-31 20:30:00,2021,10,domingo,20,SC do Recife,Atlético Goianiense,Itaipava Arena Pernambuco,Luiz Flávio de Oliveira,3.685,3685,31 de outubro de 2021 20:30,2,0,home_win,0,https://optaplayerstats.statsperform.com/pt_BR/soccer/brasileir%C3%A3o-s%C3%A9rie-a-2021/cmto2xdcdarka1b708ac99jx0/match/view/dzian0q5uegxl5bufigvmg9hw,2,4,1,0,1,1,0,0,3,0,0,0,0,0,2,2,7,1,1,1,0,0.8,1.0,1.0,3.0,0.4,1.2,-0.8,2.8,0.0,0.26666666666666666,67,0.4666666666666666,1.4,2.0,1.0,2.0,0.8,0.8,0.0,2.4,0.2,0.4666666666666667,65,0.4666666666666666,1
666,dzqlhdre1zc5rwmdslcvwrspg,2021,2021-11-01 20:00:00,2021,11,segunda-feira,20,Cuiabá EC,Red Bull Bragantino,Arena Pantanal,Jefferson Ferreira de Moraes,6.428,6428,1 de novembro de 2021 20:00,1,0,home_win,0,https://optaplayerstats.statsperform.com/pt_BR/soccer/brasileir%C3%A3o-s%C3%A9rie-a-2021/cmto2xdcdarka1b708ac99jx0/match/view/dzqlhdre1zc5rwmdslcvwrspg,1,2,0,0,0,0,0,0,3,0,0,0,0,0,1,1,5,0,0,0,0,1.2,1.0,3.0,1.0,0.8,0.8,0.0,2.0,0.0,0.4,28,0.5333333333333333,2.2,3.0,2.0,0.0,1.6,0.6,1.0,3.6,0.2,0.7333333333333333,67,0.39999999999999997,1
667,dz56pd625hwelc4o6rrbb7jmc,2021,2021-11-01 21:30:00,2021,11,segunda-feira,21,SC Corinthians Paulista,Chapecoense AF,Neo Química Arena,Paulo Cesar Zanovelli da Silva,39.897,39897,1 de novembro de 2021 21:30,1,0,home_win,0,https://optaplayerstats.statsperform.com/pt_BR/soccer/brasileir%C3%A3o-s%C3%A9rie-a-2021/cmto2xdcdarka1b708ac99jx0/match/view/dz56pd625hwelc4o6rrbb7jmc,1,1,0,0,0,0,0,0,4,0,0,0,0,0,1,1,5,0,0,0,0,1.4,2.0,1.0,2.0,1.2,1.0,0.2,1.2,0.2,0.4666666666666667,66,0.7333333333333334,0.4,0.0,2.0,3.0,1.2,2.6,-1.4,2.2,0.0,0.13333333333333333,28,0.26666666666666666,1
668,dfrnw7pf95egwouw1syzai68k,2021,2021-11-02 16:00:00,2021,11,terça-feira,16,Club Athletico Paranaense,CR Flamengo,Arena da Baixada,Marielson Alves Silva,15.193,15193,2 de novembro de 2021 16:00,2,2,draw,1,https://optaplayerstats.statsperform.com/pt_BR/soccer/brasileir%C3%A3o-s%C3%A9rie-a-2021/cmto2xdcdarka1b708ac99jx0/match/view/dfrnw7pf95egwouw1syzai68k,2,4,0,0,0,0,0,2,2,0,0,0,0,0,4,0,6,0,0,0,0,0.2,0.0,1.0,4.0,0.2,1.6,-1.4,2.2,0.0,0.06666666666666667,66,0.39999999999999997,2.0,3.0,1.0,1.0,1.6,0.8,0.8,2.4,0.0,0.6666666666666666,64,0.5333333333333333,1
669,dr76p2guysc66x10oo0rtilg4,2021,2021-11-03 21:00:00,2021,11,quarta-feira,21,Clube Atlético Mineiro,Grêmio FB Porto Alegrense,Mineirão,Luiz Flávio de Oliveira,56.624,56624,3 de novembro de 2021 21:00,2,1,home_win,0,https://optaplayerstats.statsperform.com/pt_BR/soccer/brasileir%C3%A3o-s%C3%A9rie-a-2021/cmto2xdcdarka1b708ac99jx0/match/view/dr76p2guysc66x10oo0rtilg4,2,5,0,0,0,1,0,1,6,0,0,0,0,0,3,1,11,0,0,1,0,1.8,3.0,0.0,2.0,1.8,1.2,0.6,1.0,0.0,0.6,66,1.0,0.6,1.0,0.0,4.0,0.8,1.8,-1.0,4.4,0.4,0.2,65,0.19999999999999998,1
670,e1ce0iidqhm984055vm1py42c,2021,2021-11-04 21:00:00,2021,11,quinta-feira,21,Cuiabá EC,Chapecoense AF,Arena Pantanal,Ricardo Marques Ribeiro,6.336,6336,4 de novembro de 2021 21:00,0,0,draw,1,https://optaplayerstats.statsperform.com/pt_BR/soccer/brasileir%C3%A3o-s%C3%A9rie-a-2021/cmto2xdcdarka1b708ac99jx0/match/view/e1ce0iidqhm984055vm1py42c,0,1,0,0,0,0,0,0,1,0,0,0,0,0,0,0,2,0,0,0,0,1.6,2.0,2.0,1.0,0.6,0.4,0.2,1.8,0.0,0.5333333333333333,29,0.5333333333333333,0.2,0.0,1.0,4.0,0.8,2.4,-1.6,2.6,0.0,0.06666666666666667,29,0.19999999999999998,1
671,dqyfkuig1yhkc9sfhj2w7mgwk,2021,2021-11-05 21:30:00,2021,11,sexta-feira,21,CR Flamengo,Atlético Goianiense,Estádio Jornalista Mário Filho (Maracanã),Rodolpho Toski Marques,17.717,17717,5 de novembro de 2021 21:30,2,0,home_win,0,https://optaplayerstats.statsperform.com/pt_BR/soccer/brasileir%C3%A3o-s%C3%A9rie-a-2021/cmto2xdcdarka1b708ac99jx0/match/view/dqyfkuig1yhkc9sfhj2w7mgwk,2,2,0,0,0,0,0,0,1,0,0,0,0,0,2,2,3,0,0,0,0,1.6,2.0,2.0,1.0,1.4,1.2,0.2,2.4,0.0,0.5333333333333333,65,0.6666666666666666,1.4,2.0,1.0,2.0,0.8,0.8,0.0,2.4,0.2,0.4666666666666667,66,0.26666666666666666,1
672,dzw8r6imkpckd19m0kcb6cxec,2021,2021-11-06 17:00:00,2021,11,sábado,17,SC Corinthians Paulista,Fortaleza EC,Neo Química Arena,Ramon Abatti,36.059,36059,6 de novembro de 2021 17:00,1,0,home_win,0,https://optaplayerstats.statsperform.com/pt_BR/soccer/brasileir%C3%A3o-s%C3%A9rie-a-2021/cmto2xdcdarka1b708ac99jx0/match/view/dzw8r6imkpckd19m0kcb6cxec,1,3,0,0,0,0,0,0,3,0,0,0,0,0,1,1,6,0,0,0,0,1.4,2.0,1.0,2.0,0.8,0.8,0.0,1.4,0.2,0.4666666666666667,67,0.8666666666666667,1.8,3.0,0.0,2.0,1.4,1.2,0.2,2.0,0.2,0.6,67,0.6,1
673,e04n74g20w3nam0h3azlnmplg,2021,2021-11-06 19:00:00,2021,11,sábado,19,SC Internacional,Grêmio FB Porto Alegrense,Beira-Rio,Marcelo de Lima Henrique,23.015,23015,6 de novembro de 2021 19:00,1,0,home_win,0,https://optaplayerstats.statsperform.com/pt_BR/soccer/brasileir%C3%A3o-s%C3%A9rie-a-2021/cmto2xdcdarka1b708ac99jx0/match/view/e04n74g20w3nam0h3azlnmplg,1,1,1,0,1,0,0,0,3,1,0,1,0,0,1,1,4,2,1,0,0,1.0,1.0,2.0,2.0,1.2,1.2,0.0,3.0,0.4,0.3333333333333333,67,0.7333333333333334,0.6,1.0,0.0,4.0,1.0,2.0,-1.0,4.4,0.2,0.2,66,0.0,1
674,dztg5ib8ilxft48tz3azsack4,2021,2021-11-06 21:00:00,2021,11,sábado,21,Fluminense FC,SC do Recife,Estádio Jornalista Mário Filho (Maracanã),Jefferson Ferreira de Moraes,3.870,3870,6 de novembro de 2021 21:00,1,0,home_win,0,https://optaplayerstats.statsperform.com/pt_BR/soccer/brasileir%C3%A3o-s%C3%A9rie-a-2021/cmto2xdcdarka1b708ac99jx0/match/view/dztg5ib8ilxft48tz3azsack4,1,1,0,0,0,0,0,0,1,0,0,0,0,0,1,1,2,0,0,0,0,1.2,2.0,0.0,3.0,0.8,1.0,-0.2,2.6,0.0,0.4,67,0.6666666666666666,0.8,1.0,1.0,3.0,0.6,1.2,-0.6,3.0,0.2,0.26666666666666666,68,0.19999999999999998,1
675,dzz2ycelme37map6aw67ppjx0,2021,2021-11-07 16:00:00,2021,11,domingo,16,Santos FC Sao Paulo,SE Palmeiras,Vila Belmiro,Raphael Claus,13.165,13165,7 de novembro de 2021 16:00,0,2,away_win,2,https://optaplayerstats.statsperform.com/pt_BR/soccer/brasileir%C3%A3o-s%C3%A9rie-a-2021/cmto2xdcdarka1b708ac99jx0/match/view/dzz2ycelme37map6aw67ppjx0,0,3,0,0,0,0,0,2,2,0,0,0,0,0,2,-2,5,0,0,0,0,1.4,2.0,1.0,2.0,0.8,1.0,-0.2,3.0,0.2,0.4666666666666667,67,0.4666666666666666,2.6,4.0,1.0,0.0,1.6,0.6,1.0,2.0,0.2,0.8666666666666667,67,0.4666666666666666,1
676,e01sohh3abwqd6nr059cen4t0,2021,2021-11-07 16:00:00,2021,11,domingo,16,Clube Atlético Mineiro,América FC (Minas Gerais),Mineirão,Wilton Pereira Sampaio,60.142,60142,7 de novembro de 2021 16:00,1,0,home_win,0,https://optaplayerstats.statsperform.com/pt_BR/soccer/brasileir%C3%A3o-s%C3%A9rie-a-2021/cmto2xdcdarka1b708ac99jx0/match/view/e01sohh3abwqd6nr059cen4t0,1,3,0,0,0,0,0,0,2,0,0,0,0,0,1,1,5,0,0,0,0,1.8,3.0,0.0,2.0,1.6,1.2,0.4,1.8,0.0,0.6,67,1.0,1.6,2.0,2.0,1.0,1.2,1.0,0.2,1.6,0.0,0.5333333333333333,29,0.5333333333333333,1
677,e0ernn78vvujktqfttilily50,2021,2021-11-07 16:00:00,2021,11,domingo,16,Red Bull Bragantino,Club Athletico Paranaense,Nabizão,Anderson Daronco,1.701,1701,7 de novembro de 2021 16:00,0,2,away_win,2,https://optaplayerstats.statsperform.com/pt_BR/soccer/brasileir%C3%A3o-s%C3%A9rie-a-2021/cmto2xdcdarka1b708ac99jx0/match/view/e0ernn78vvujktqfttilily50,0,2,0,0,0,0,0,2,3,0,0,0,0,0,2,-2,5,0,0,0,0,1.6,2.0,2.0,1.0,1.4,0.8,0.6,3.8,0.0,0.5333333333333333,68,0.7333333333333334,0.4,0.0,2.0,3.0,0.6,1.6,-1.0,2.8,0.0,0.13333333333333333,67,0.26666666666666666,1
678,e0a219v2no1yugn99ec85r1n8,2021,2021-11-07 18:15:00,2021,11,domingo,18,EC Bahia,São Paulo FC,Arena Fonte Nova,Sávio Pereira Sampaio,18.178,18178,7 de novembro de 2021 18:15,1,0,home_win,0,https://optaplayerstats.statsperform.com/pt_BR/soccer/brasileir%C3%A3o-s%C3%A9rie-a-2021/cmto2xdcdarka1b708ac99jx0/match/view/e0a219v2no1yugn99ec85r1n8,1,1,0,0,0,0,0,0,2,0,0,0,0,0,1,1,3,0,0,0,0,1.4,1.0,4.0,0.0,0.8,0.2,0.6,2.2,0.0,0.4666666666666667,67,0.6,1.6,2.0,2.0,1.0,0.6,0.4,0.2,1.6,0.0,0.5333333333333333,67,0.19999999999999998,1
679,e07a1dkrp0516whwq882w5fkk,2021,2021-11-07 20:30:00,2021,11,domingo,20,Ceará SC,Cuiabá EC,Castelão,Heber Roberto Lopes,21.735,21735,7 de novembro de 2021 20:30,1,0,home_win,0,https://optaplayerstats.statsperform.com/pt_BR/soccer/brasileir%C3%A3o-s%C3%A9rie-a-2021/cmto2xdcdarka1b708ac99jx0/match/view/e07a1dkrp0516whwq882w5fkk,1,3,0,0,0,0,0,0,1,0,0,0,0,0,1,1,4,0,0,0,0,1.2,1.0,3.0,1.0,1.0,1.0,0.0,2.8,0.4,0.4,67,0.5333333333333333,1.6,2.0,2.0,1.0,0.6,0.4,0.2,1.6,0.0,0.5333333333333333,30,0.39999999999999997,1
680,e0hjo93b1w4jbipnt7foara50,2021,2021-11-08 20:00:00,2021,11,segunda-feira,20,Chapecoense AF,CR Flamengo,Arena Condá,Denis Ribeiro Serafim,3.834,3834,8 de novembro de 2021 20:00,2,2,draw,1,https://optaplayerstats.statsperform.com/pt_BR/soccer/brasileir%C3%A3o-s%C3%A9rie-a-2021/cmto2xdcdarka1b708ac99jx0/match/view/e0hjo93b1w4jbipnt7foara50,2,3,0,1,1,0,0,2,3,1,0,1,0,0,4,0,6,2,1,0,0,0.4,0.0,2.0,3.0,0.4,1.4,-1.0,2.6,0.0,0.13333333333333333,30,0.19999999999999998,1.6,2.0,2.0,1.0,1.2,1.0,0.2,2.4,0.0,0.5333333333333333,66,0.39999999999999997,1
681,e0yy8g3cmekxg8mhk0ann1c0k,2021,2021-11-09 21:30:00,2021,11,terça-feira,21,Grêmio FB Porto Alegrense,Fluminense FC,Arena do Grêmio,Vinicius Gonçalves Dias Araujo,No data,,9 de novembro de 2021 21:30,1,0,home_win,0,https://optaplayerstats.statsperform.com/pt_BR/soccer/brasileir%C3%A3o-s%C3%A9rie-a-2021/cmto2xdcdarka1b708ac99jx0/match/view/e0yy8g3cmekxg8mhk0ann1c0k,1,3,0,0,0,0,0,0,1,0,0,0,0,0,1,1,4,0,0,0,0,0.6,1.0,0.0,4.0,1.0,2.0,-1.0,4.6,0.4,0.2,67,0.4666666666666666,1.8,3.0,0.0,2.0,1.0,0.8,0.2,2.6,0.0,0.6,68,0.26666666666666666,1
682,e16xww4g9f9w8ol1glckh7ehg,2021,2021-11-10 18:30:00,2021,11,quarta-feira,18,Club Athletico Paranaense,Ceará SC,Arena da Baixada,Wilton Pereira Sampaio,10.792,10792,10 de novembro de 2021 18:30,2,1,home_win,0,https://optaplayerstats.statsperform.com/pt_BR/soccer/brasileir%C3%A3o-s%C3%A9rie-a-2021/cmto2xdcdarka1b708ac99jx0/match/view/e16xww4g9f9w8ol1glckh7ehg,2,4,0,0,0,0,0,1,3,1,0,1,0,0,3,1,7,1,1,0,0,0.8,1.0,1.0,3.0,0.8,1.4,-0.6,2.4,0.0,0.26666666666666666,68,0.26666666666666666,1.6,2.0,2.0,1.0,0.8,0.6,0.2,3.0,0.4,0.5333333333333333,68,0.19999999999999998,1
683,e0tedvpn8um8hctrg9f7fynf8,2021,2021-11-10 19:00:00,2021,11,quarta-feira,19,Santos FC Sao Paulo,Red Bull Bragantino,Vila Belmiro,Leandro Pedro Vuaden,9.443,9443,10 de novembro de 2021 19:00,2,0,home_win,0,https://optaplayerstats.statsperform.com/pt_BR/soccer/brasileir%C3%A3o-s%C3%A9rie-a-2021/cmto2xdcdarka1b708ac99jx0/match/view/e0tedvpn8um8hctrg9f7fynf8,2,2,0,0,0,1,0,0,1,0,0,0,0,0,2,2,3,0,0,1,0,1.4,2.0,1.0,2.0,0.6,0.8,-0.2,2.2,0.2,0.4666666666666667,68,0.4666666666666666,1.4,2.0,1.0,2.0,1.0,0.8,0.2,2.8,0.0,0.4666666666666667,69,0.3333333333333333,1
684,e0w7bfaoa7w4ddys5ipq9bsic,2021,2021-11-10 19:00:00,2021,11,quarta-feira,19,Clube Atlético Mineiro,SC Corinthians Paulista,Mineirão,Braulio da Silva Machado,58.714,58714,10 de novembro de 2021 19:00,3,0,home_win,0,https://optaplayerstats.statsperform.com/pt_BR/soccer/brasileir%C3%A3o-s%C3%A9rie-a-2021/cmto2xdcdarka1b708ac99jx0/match/view/e0w7bfaoa7w4ddys5ipq9bsic,3,2,0,0,0,0,0,0,2,0,0,0,0,0,3,3,4,0,0,0,0,1.8,3.0,0.0,2.0,1.2,1.0,0.2,2.0,0.0,0.6,68,1.0,2.0,3.0,1.0,1.0,1.0,0.6,0.4,2.0,0.2,0.6666666666666666,68,0.19999999999999998,1
685,e0qaakvvuvg85wxvo21spx2xg,2021,2021-11-10 20:30:00,2021,11,quarta-feira,20,SE Palmeiras,Atlético Goianiense,Allianz Parque,Anderson Daronco,19.165,19165,10 de novembro de 2021 20:30,4,0,home_win,0,https://optaplayerstats.statsperform.com/pt_BR/soccer/brasileir%C3%A3o-s%C3%A9rie-a-2021/cmto2xdcdarka1b708ac99jx0/match/view/e0qaakvvuvg85wxvo21spx2xg,4,1,0,0,0,1,0,0,3,0,0,0,0,0,4,4,4,0,0,1,0,3.0,5.0,0.0,0.0,2.0,0.6,1.4,2.0,0.0,1.0,68,0.4666666666666666,1.2,2.0,0.0,3.0,0.8,1.2,-0.4,2.2,0.0,0.4,67,0.26666666666666666,1
686,e11kmuo9wa4xuahfrrn21nf9w,2021,2021-11-10 21:30:00,2021,11,quarta-feira,21,Fortaleza EC,São Paulo FC,Castelão,Paulo Roberto Alves Júnior,16.261,16261,10 de novembro de 2021 21:30,1,1,draw,1,https://optaplayerstats.statsperform.com/pt_BR/soccer/brasileir%C3%A3o-s%C3%A9rie-a-2021/cmto2xdcdarka1b708ac99jx0/match/view/e11kmuo9wa4xuahfrrn21nf9w,1,4,0,0,0,0,0,1,5,0,0,0,0,0,2,0,9,0,0,0,0,1.8,3.0,0.0,2.0,1.4,0.8,0.6,2.6,0.0,0.6,68,0.39999999999999997,1.4,2.0,1.0,2.0,0.6,0.6,0.0,1.6,0.0,0.4666666666666667,68,0.13333333333333333,1
687,e146j993l0b9wtlxq7hk8jtw4,2021,2021-11-10 21:30:00,2021,11,quarta-feira,21,SC do Recife,América FC (Minas Gerais),Itaipava Arena Pernambuco,Raphael Claus,5.441,5441,10 de novembro de 2021 21:30,2,3,away_win,2,https://optaplayerstats.statsperform.com/pt_BR/soccer/brasileir%C3%A3o-s%C3%A9rie-a-2021/cmto2xdcdarka1b708ac99jx0/match/view/e146j993l0b9wtlxq7hk8jtw4,2,2,1,0,1,0,0,3,3,0,0,0,0,0,5,-1,5,1,1,0,0,0.8,1.0,1.0,3.0,0.6,1.2,-0.6,3.0,0.2,0.26666666666666666,69,0.6666666666666666,1.4,2.0,1.0,2.0,1.0,1.0,0.0,1.4,0.0,0.4666666666666667,30,0.4666666666666666,1
688,e19o56j2ojjt8qsah1k4d7rx0,2021,2021-11-10 21:30:00,2021,11,quarta-feira,21,EC Juventude,SC Internacional,Alfredo Jaconi,Bruno Arleu de Araújo,3.816,3816,10 de novembro de 2021 21:30,2,1,home_win,0,https://optaplayerstats.statsperform.com/pt_BR/soccer/brasileir%C3%A3o-s%C3%A9rie-a-2021/cmto2xdcdarka1b708ac99jx0/match/view/e19o56j2ojjt8qsah1k4d7rx0,2,2,0,0,0,0,1,1,4,0,0,0,0,0,3,1,6,0,0,0,1,0.6,0.0,3.0,2.0,0.8,1.4,-0.6,3.0,0.0,0.2,29,0.39999999999999997,1.0,1.0,2.0,2.0,0.8,1.0,-0.2,3.0,0.6,0.3333333333333333,68,0.26666666666666666,1
689,e0nc4rmg755sb8t29l2i5auj8,2021,2021-11-11 19:00:00,2021,11,quinta-feira,19,CR Flamengo,EC Bahia,Estádio Jornalista Mário Filho (Maracanã),André Luiz de Freitas Castro,9.488,9488,11 de novembro de 2021 19:00,3,0,home_win,0,https://optaplayerstats.statsperform.com/pt_BR/soccer/brasileir%C3%A3o-s%C3%A9rie-a-2021/cmto2xdcdarka1b708ac99jx0/match/view/e0nc4rmg755sb8t29l2i5auj8,3,0,1,0,1,1,0,0,2,1,1,2,0,0,3,3,2,3,1,1,0,1.6,2.0,2.0,1.0,1.6,1.4,0.2,2.8,0.2,0.5333333333333333,67,0.8666666666666667,1.8,2.0,3.0,0.0,1.0,0.2,0.8,1.6,0.0,0.6,68,0.3333333333333333,1
690,e266s3a1af1x9nztu444tyq6s,2021,2021-11-13 17:00:00,2021,11,sábado,17,Atlético Goianiense,Santos FC Sao Paulo,Estádio Antônio Accioly,Felipe Fernandes de Lima,5.015,5015,13 de novembro de 2021 17:00,0,0,draw,1,https://optaplayerstats.statsperform.com/pt_BR/soccer/brasileir%C3%A3o-s%C3%A9rie-a-2021/cmto2xdcdarka1b708ac99jx0/match/view/e266s3a1af1x9nztu444tyq6s,0,2,0,0,0,0,0,0,3,0,0,0,0,0,0,0,5,0,0,0,0,1.2,2.0,0.0,3.0,0.8,1.8,-1.0,2.0,0.0,0.4,68,0.5333333333333333,1.8,3.0,0.0,2.0,1.0,0.8,0.2,2.0,0.2,0.6,69,0.3333333333333333,1
691,e1ndlewjq3y56nzfkiy8zfgus,2021,2021-11-13 18:30:00,2021,11,sábado,18,América FC (Minas Gerais),Grêmio FB Porto Alegrense,Estádio Raimundo Sampaio,Flavio Rodrigues De Souza,3.157,3157,13 de novembro de 2021 18:30,3,1,home_win,0,https://optaplayerstats.statsperform.com/pt_BR/soccer/brasileir%C3%A3o-s%C3%A9rie-a-2021/cmto2xdcdarka1b708ac99jx0/match/view/e1ndlewjq3y56nzfkiy8zfgus,3,3,0,0,0,1,0,1,1,0,0,0,0,0,4,2,4,0,0,1,0,2.0,3.0,1.0,1.0,1.4,0.8,0.6,1.6,0.0,0.6666666666666666,31,0.7333333333333334,0.6,1.0,0.0,4.0,0.6,1.6,-1.0,5.0,0.4,0.2,68,0.0,1
692,e1q73rexh9tz4de974i04bf9w,2021,2021-11-13 19:00:00,2021,11,sábado,19,SC Internacional,Club Athletico Paranaense,Beira-Rio,Ramon Abatti,8.623,8623,13 de novembro de 2021 19:00,2,1,home_win,0,https://optaplayerstats.statsperform.com/pt_BR/soccer/brasileir%C3%A3o-s%C3%A9rie-a-2021/cmto2xdcdarka1b708ac99jx0/match/view/e1q73rexh9tz4de974i04bf9w,2,7,0,0,0,0,0,1,3,0,0,0,0,0,3,1,10,0,0,0,0,1.0,1.0,2.0,2.0,1.0,1.2,-0.2,3.0,0.4,0.3333333333333333,69,0.7333333333333334,1.4,2.0,1.0,2.0,1.2,1.4,-0.2,2.8,0.0,0.4666666666666667,69,0.4666666666666666,1
693,e20gr1844k7ywxt3522g8kvtg,2021,2021-11-13 19:00:00,2021,11,sábado,19,Red Bull Bragantino,Fortaleza EC,Nabizão,Rafael Traci,1.978,1978,13 de novembro de 2021 19:00,3,0,home_win,0,https://optaplayerstats.statsperform.com/pt_BR/soccer/brasileir%C3%A3o-s%C3%A9rie-a-2021/cmto2xdcdarka1b708ac99jx0/match/view/e20gr1844k7ywxt3522g8kvtg,3,3,0,0,0,1,0,0,4,0,0,0,0,0,3,3,7,0,0,1,0,1.2,2.0,0.0,3.0,0.8,1.0,-0.2,2.4,0.0,0.4,70,0.6666666666666666,1.4,2.0,1.0,2.0,1.4,1.0,0.4,3.0,0.0,0.4666666666666667,69,0.6,1
694,e1hr2f04xwt08uccb218ol250,2021,2021-11-13 21:00:00,2021,11,sábado,21,SC Corinthians Paulista,Cuiabá EC,Neo Química Arena,Rodolpho Toski Marques,38.474,38474,13 de novembro de 2021 21:00,3,2,home_win,0,https://optaplayerstats.statsperform.com/pt_BR/soccer/brasileir%C3%A3o-s%C3%A9rie-a-2021/cmto2xdcdarka1b708ac99jx0/match/view/e1hr2f04xwt08uccb218ol250,3,1,0,0,0,0,0,2,1,0,0,0,0,0,5,1,2,0,0,0,0,1.4,2.0,1.0,2.0,0.8,1.2,-0.4,2.2,0.2,0.4666666666666667,69,1.0,1.0,1.0,2.0,2.0,0.4,0.6,-0.2,1.0,0.0,0.3333333333333333,31,0.19999999999999998,1
695,e1kmffpfjk3bbr0d953xl9tec,2021,2021-11-14 16:00:00,2021,11,domingo,16,São Paulo FC,CR Flamengo,Morumbi,Leandro Pedro Vuaden,47.855,47855,14 de novembro de 2021 16:00,0,4,away_win,2,https://optaplayerstats.statsperform.com/pt_BR/soccer/brasileir%C3%A3o-s%C3%A9rie-a-2021/cmto2xdcdarka1b708ac99jx0/match/view/e1kmffpfjk3bbr0d953xl9tec,0,1,1,0,1,0,0,4,1,0,0,0,0,0,4,-4,2,1,1,0,0,1.4,2.0,1.0,2.0,0.6,0.6,0.0,2.0,0.0,0.4666666666666667,69,0.6,2.2,3.0,2.0,0.0,2.0,0.8,1.2,2.2,0.4,0.7333333333333333,68,0.39999999999999997,1
696,e1f0nfpbvlpu3w78aqelgyyac,2021,2021-11-14 18:15:00,2021,11,domingo,18,Fluminense FC,SE Palmeiras,Estádio Jornalista Mário Filho (Maracanã),Caio Max Augusto Vieira,7.969,7969,14 de novembro de 2021 18:15,2,1,home_win,0,https://optaplayerstats.statsperform.com/pt_BR/soccer/brasileir%C3%A3o-s%C3%A9rie-a-2021/cmto2xdcdarka1b708ac99jx0/match/view/e1f0nfpbvlpu3w78aqelgyyac,2,5,0,1,1,0,0,1,6,0,2,2,0,0,3,1,11,3,1,0,0,1.2,2.0,0.0,3.0,0.8,1.0,-0.2,2.6,0.0,0.4,69,0.6666666666666666,3.0,5.0,0.0,0.0,2.6,0.6,2.0,1.6,0.0,1.0,69,0.6666666666666666,1
697,e1v04mo5jgwdbcc9s7q1wx72s,2021,2021-11-14 19:00:00,2021,11,domingo,19,Ceará SC,SC do Recife,Castelão,Marcelo de Lima Henrique,20.362,20362,14 de novembro de 2021 19:00,2,1,home_win,0,https://optaplayerstats.statsperform.com/pt_BR/soccer/brasileir%C3%A3o-s%C3%A9rie-a-2021/cmto2xdcdarka1b708ac99jx0/match/view/e1v04mo5jgwdbcc9s7q1wx72s,2,1,0,0,0,0,0,1,2,0,0,0,0,0,3,1,3,0,0,0,0,1.6,2.0,2.0,1.0,0.8,0.6,0.2,2.8,0.6,0.5333333333333333,69,0.5333333333333333,0.6,1.0,0.0,4.0,1.0,1.8,-0.8,3.2,0.4,0.2,70,0.19999999999999998,1
698,e238hfhasfho6txruhxtspo2c,2021,2021-11-14 19:00:00,2021,11,domingo,19,Chapecoense AF,EC Juventude,Arena Condá,Alisson Sidnei Furtado,1.616,1616,14 de novembro de 2021 19:00,0,2,away_win,2,https://optaplayerstats.statsperform.com/pt_BR/soccer/brasileir%C3%A3o-s%C3%A9rie-a-2021/cmto2xdcdarka1b708ac99jx0/match/view/e238hfhasfho6txruhxtspo2c,0,3,0,0,0,0,0,2,3,0,0,0,0,0,2,-2,6,0,0,0,0,0.4,0.0,2.0,3.0,0.6,1.6,-1.0,2.4,0.2,0.13333333333333333,31,0.26666666666666666,1.0,1.0,2.0,2.0,1.0,1.4,-0.4,2.2,0.0,0.3333333333333333,30,0.06666666666666667,1
699,e2tprqwccoblz5gzeaypg74es,2021,2021-11-16 16:00:00,2021,11,terça-feira,16,Club Athletico Paranaense,Clube Atlético Mineiro,Arena da Baixada,Sávio Pereira Sampaio,6.233,6233,16 de novembro de 2021 16:00,0,1,away_win,2,https://optaplayerstats.statsperform.com/pt_BR/soccer/brasileir%C3%A3o-s%C3%A9rie-a-2021/cmto2xdcdarka1b708ac99jx0/match/view/e2tprqwccoblz5gzeaypg74es,0,1,0,0,0,0,0,1,2,0,0,0,0,0,1,-1,3,0,0,0,0,1.4,2.0,1.0,2.0,1.4,1.2,0.2,3.0,0.0,0.4666666666666667,70,0.26666666666666666,2.4,4.0,0.0,1.0,1.6,0.6,1.0,2.4,0.0,0.8,69,0.3333333333333333,1
700,e2l52yswjjwkrsebjje3z0avo,2021,2021-11-16 18:00:00,2021,11,terça-feira,18,Grêmio FB Porto Alegrense,Red Bull Bragantino,Arena do Grêmio,Caio Max Augusto Vieira,No data,,16 de novembro de 2021 18:00,3,0,home_win,0,https://optaplayerstats.statsperform.com/pt_BR/soccer/brasileir%C3%A3o-s%C3%A9rie-a-2021/cmto2xdcdarka1b708ac99jx0/match/view/e2l52yswjjwkrsebjje3z0avo,3,0,0,0,0,0,0,0,2,0,0,0,0,0,3,3,2,0,0,0,0,0.6,1.0,0.0,4.0,0.8,1.8,-1.0,3.8,0.2,0.2,69,0.4666666666666666,1.2,2.0,0.0,3.0,1.2,1.0,0.2,2.4,0.0,0.4,71,0.3333333333333333,1
701,e2er0rfpj0ge78o94yxn6uhhw,2021,2021-11-17 19:00:00,2021,11,quarta-feira,19,Santos FC Sao Paulo,Chapecoense AF,Vila Belmiro,Paulo Cesar Zanovelli da Silva,11.574,11574,17 de novembro de 2021 19:00,2,0,home_win,0,https://optaplayerstats.statsperform.com/pt_BR/soccer/brasileir%C3%A3o-s%C3%A9rie-a-2021/cmto2xdcdarka1b708ac99jx0/match/view/e2er0rfpj0ge78o94yxn6uhhw,2,1,0,0,0,1,0,0,2,0,0,0,0,0,2,2,3,0,0,1,0,2.0,3.0,1.0,1.0,1.0,0.4,0.6,2.4,0.0,0.6666666666666666,70,0.6,0.4,0.0,2.0,3.0,0.4,1.6,-1.2,2.4,0.2,0.13333333333333333,32,0.06666666666666667,1
702,e2i3jmttyfu9ttjqv73f1nbbo,2021,2021-11-17 19:00:00,2021,11,quarta-feira,19,América FC (Minas Gerais),Atlético Goianiense,Estádio Raimundo Sampaio,Leandro Pedro Vuaden,2.955,2955,17 de novembro de 2021 19:00,0,0,draw,1,https://optaplayerstats.statsperform.com/pt_BR/soccer/brasileir%C3%A3o-s%C3%A9rie-a-2021/cmto2xdcdarka1b708ac99jx0/match/view/e2i3jmttyfu9ttjqv73f1nbbo,0,1,0,0,0,0,0,0,1,0,0,0,0,0,0,0,2,0,0,0,0,2.4,4.0,0.0,1.0,2.0,1.0,1.0,2.0,0.0,0.8,32,0.7333333333333334,0.8,1.0,1.0,3.0,0.4,1.6,-1.2,2.2,0.0,0.26666666666666666,69,0.06666666666666667,1
703,e2zb2vnh12hsp2qf1wlap7hn8,2021,2021-11-17 19:00:00,2021,11,quarta-feira,19,Cuiabá EC,SC Internacional,Arena Pantanal,Paulo Roberto Alves Júnior,7.750,7750,17 de novembro de 2021 19:00,1,0,home_win,0,https://optaplayerstats.statsperform.com/pt_BR/soccer/brasileir%C3%A3o-s%C3%A9rie-a-2021/cmto2xdcdarka1b708ac99jx0/match/view/e2zb2vnh12hsp2qf1wlap7hn8,1,4,0,0,0,1,0,0,1,0,0,0,0,0,1,1,5,0,0,1,0,0.8,1.0,1.0,3.0,0.8,1.2,-0.4,1.0,0.0,0.26666666666666666,32,0.5333333333333333,1.4,2.0,1.0,2.0,1.2,1.2,0.0,3.4,0.4,0.4666666666666667,70,0.06666666666666667,1
704,e2ny6e1s2fdlwxgp196zui2ac,2021,2021-11-17 20:00:00,2021,11,quarta-feira,20,Fortaleza EC,Ceará SC,Castelão,Raphael Claus,28.037,28037,17 de novembro de 2021 20:00,0,4,away_win,2,https://optaplayerstats.statsperform.com/pt_BR/soccer/brasileir%C3%A3o-s%C3%A9rie-a-2021/cmto2xdcdarka1b708ac99jx0/match/view/e2ny6e1s2fdlwxgp196zui2ac,0,1,0,0,0,0,0,4,4,0,0,0,0,0,4,-4,5,0,0,0,0,0.8,1.0,1.0,3.0,1.0,1.4,-0.4,3.6,0.0,0.26666666666666666,70,0.4666666666666666,2.0,3.0,1.0,1.0,1.2,0.8,0.4,2.6,0.6,0.6666666666666666,70,0.19999999999999998,1
705,e2bug2795cw3xudhlwl3w0kyc,2021,2021-11-17 20:30:00,2021,11,quarta-feira,20,SE Palmeiras,São Paulo FC,Allianz Parque,Marcelo de Lima Henrique,35.570,35570,17 de novembro de 2021 20:30,0,2,away_win,2,https://optaplayerstats.statsperform.com/pt_BR/soccer/brasileir%C3%A3o-s%C3%A9rie-a-2021/cmto2xdcdarka1b708ac99jx0/match/view/e2bug2795cw3xudhlwl3w0kyc,0,1,0,0,0,0,0,2,2,0,0,0,0,0,2,-2,3,0,0,0,0,2.4,4.0,0.0,1.0,2.4,0.8,1.6,2.4,0.4,0.8,70,0.6666666666666666,0.8,1.0,1.0,3.0,0.4,1.4,-1.0,1.6,0.2,0.26666666666666666,70,0.19999999999999998,1
706,e2wjsq8q1u3yldfamkyuomy38,2021,2021-11-17 20:30:00,2021,11,quarta-feira,20,EC Juventude,Fluminense FC,Alfredo Jaconi,Ricardo Marques Ribeiro,2.064,2064,17 de novembro de 2021 20:30,1,0,home_win,0,https://optaplayerstats.statsperform.com/pt_BR/soccer/brasileir%C3%A3o-s%C3%A9rie-a-2021/cmto2xdcdarka1b708ac99jx0/match/view/e2wjsq8q1u3yldfamkyuomy38,1,2,0,0,0,0,0,0,1,0,0,0,0,0,1,1,3,0,0,0,0,1.6,2.0,2.0,1.0,1.2,0.8,0.4,2.2,0.0,0.5333333333333333,31,0.6,1.2,2.0,0.0,3.0,0.6,1.0,-0.4,2.2,0.2,0.4,70,0.19999999999999998,1
707,e28zlsdwhyysdcihcd7adx0k4,2021,2021-11-17 21:30:00,2021,11,quarta-feira,21,CR Flamengo,SC Corinthians Paulista,Estádio Jornalista Mário Filho (Maracanã),Anderson Daronco,49.981,49981,17 de novembro de 2021 21:30,1,0,home_win,0,https://optaplayerstats.statsperform.com/pt_BR/soccer/brasileir%C3%A3o-s%C3%A9rie-a-2021/cmto2xdcdarka1b708ac99jx0/match/view/e28zlsdwhyysdcihcd7adx0k4,1,1,0,0,0,0,0,0,2,0,0,0,0,0,1,1,3,0,0,0,0,2.2,3.0,2.0,0.0,2.6,0.8,1.8,1.6,0.4,0.7333333333333333,69,0.8666666666666667,2.0,3.0,1.0,1.0,1.4,1.4,0.0,2.0,0.2,0.6666666666666666,70,0.13333333333333333,1
708,e2qompkk5yqyzdp9obiq6g3ys,2021,2021-11-18 21:00:00,2021,11,quinta-feira,21,SC do Recife,EC Bahia,Itaipava Arena Pernambuco,Flavio Rodrigues De Souza,8.096,8096,18 de novembro de 2021 21:00,1,0,home_win,0,https://optaplayerstats.statsperform.com/pt_BR/soccer/brasileir%C3%A3o-s%C3%A9rie-a-2021/cmto2xdcdarka1b708ac99jx0/match/view/e2qompkk5yqyzdp9obiq6g3ys,1,1,0,0,0,0,0,0,3,0,0,0,0,0,1,1,4,0,0,0,0,0.6,1.0,0.0,4.0,1.0,1.8,-0.8,3.0,0.4,0.2,71,0.6666666666666666,1.6,2.0,2.0,1.0,1.0,0.8,0.2,1.6,0.4,0.5333333333333333,69,0.3333333333333333,1
709,e3airqenq749vktdpp9boi0b8,2021,2021-11-20 19:00:00,2021,11,sábado,19,Clube Atlético Mineiro,EC Juventude,Mineirão,Luiz Flávio de Oliveira,61.476,61476,20 de novembro de 2021 19:00,2,0,home_win,0,https://optaplayerstats.statsperform.com/pt_BR/soccer/brasileir%C3%A3o-s%C3%A9rie-a-2021/cmto2xdcdarka1b708ac99jx0/match/view/e3airqenq749vktdpp9boi0b8,2,1,0,0,0,1,0,0,2,0,0,0,0,0,2,2,3,0,0,1,0,2.4,4.0,0.0,1.0,1.4,0.4,1.0,2.8,0.0,0.8,70,1.0,2.2,3.0,2.0,0.0,1.0,0.2,0.8,2.0,0.0,0.7333333333333333,32,0.26666666666666666,1
710,e3ijrsfmchw5vmlbnyp82zkt0,2021,2021-11-20 19:00:00,2021,11,sábado,19,Fortaleza EC,SE Palmeiras,Castelão,Ramon Abatti,18.139,18139,20 de novembro de 2021 19:00,1,0,home_win,0,https://optaplayerstats.statsperform.com/pt_BR/soccer/brasileir%C3%A3o-s%C3%A9rie-a-2021/cmto2xdcdarka1b708ac99jx0/match/view/e3ijrsfmchw5vmlbnyp82zkt0,1,3,0,0,0,0,0,0,3,0,0,0,0,0,1,1,6,0,0,0,0,0.2,0.0,1.0,4.0,0.4,2.2,-1.8,3.4,0.0,0.06666666666666667,71,0.4666666666666666,1.8,3.0,0.0,2.0,2.0,1.0,1.0,2.4,0.4,0.6,71,0.6666666666666666,1
711,e3r17sigl6ydwl5dwyzan340k,2021,2021-11-20 19:00:00,2021,11,sábado,19,Chapecoense AF,Grêmio FB Porto Alegrense,Arena Condá,Rodolpho Toski Marques,2.830,2830,20 de novembro de 2021 19:00,1,3,away_win,2,https://optaplayerstats.statsperform.com/pt_BR/soccer/brasileir%C3%A3o-s%C3%A9rie-a-2021/cmto2xdcdarka1b708ac99jx0/match/view/e3r17sigl6ydwl5dwyzan340k,1,1,0,0,0,0,1,3,1,0,0,0,0,1,4,-2,2,0,0,0,1,0.4,0.0,2.0,3.0,0.4,1.4,-1.0,2.6,0.2,0.13333333333333333,33,0.19999999999999998,1.2,2.0,0.0,3.0,1.2,1.2,0.0,2.6,0.2,0.4,70,0.0,1
712,e3tw3kqjjongeqrvigy3d3l04,2021,2021-11-20 21:00:00,2021,11,sábado,21,Atlético Goianiense,Ceará SC,Estádio Antônio Accioly,Braulio da Silva Machado,2.801,2801,20 de novembro de 2021 21:00,1,1,draw,1,https://optaplayerstats.statsperform.com/pt_BR/soccer/brasileir%C3%A3o-s%C3%A9rie-a-2021/cmto2xdcdarka1b708ac99jx0/match/view/e3tw3kqjjongeqrvigy3d3l04,1,1,0,0,0,0,0,1,3,0,0,0,0,0,2,0,4,0,0,0,0,0.4,0.0,2.0,3.0,0.0,1.6,-1.6,2.0,0.0,0.13333333333333333,70,0.5333333333333333,2.4,4.0,0.0,1.0,1.8,0.6,1.2,3.0,0.4,0.8,71,0.39999999999999997,1
713,e3fpjombjz9tct9dluj34ymfo,2021,2021-11-20 21:30:00,2021,11,sábado,21,SC Internacional,CR Flamengo,Beira-Rio,Sávio Pereira Sampaio,19.004,19004,20 de novembro de 2021 21:30,1,2,away_win,2,https://optaplayerstats.statsperform.com/pt_BR/soccer/brasileir%C3%A3o-s%C3%A9rie-a-2021/cmto2xdcdarka1b708ac99jx0/match/view/e3fpjombjz9tct9dluj34ymfo,1,2,0,0,0,0,0,2,1,0,0,0,0,0,3,-1,3,0,0,0,0,1.2,2.0,0.0,3.0,0.8,1.0,-0.2,3.0,0.2,0.4,71,0.7333333333333334,2.6,4.0,1.0,0.0,2.4,0.4,2.0,1.4,0.4,0.8666666666666667,70,0.5333333333333333,1
714,e34uffteaih3tt98qhwieiivo,2021,2021-11-21 16:00:00,2021,11,domingo,16,SC Corinthians Paulista,Santos FC Sao Paulo,Neo Química Arena,Leandro Pedro Vuaden,43.583,43583,21 de novembro de 2021 16:00,2,0,home_win,0,https://optaplayerstats.statsperform.com/pt_BR/soccer/brasileir%C3%A3o-s%C3%A9rie-a-2021/cmto2xdcdarka1b708ac99jx0/match/view/e34uffteaih3tt98qhwieiivo,2,1,0,0,0,0,0,0,0,0,0,0,0,0,2,2,1,0,0,0,0,1.8,3.0,0.0,2.0,1.0,1.2,-0.2,1.8,0.0,0.6,71,1.0,2.0,3.0,1.0,1.0,1.0,0.4,0.6,2.2,0.0,0.6666666666666666,71,0.39999999999999997,1
715,e323dpe386dsf73mh2mezfc44,2021,2021-11-21 17:00:00,2021,11,domingo,17,Fluminense FC,América FC (Minas Gerais),Estádio Jornalista Mário Filho (Maracanã),Heber Roberto Lopes,14.168,14168,21 de novembro de 2021 17:00,2,0,home_win,0,https://optaplayerstats.statsperform.com/pt_BR/soccer/brasileir%C3%A3o-s%C3%A9rie-a-2021/cmto2xdcdarka1b708ac99jx0/match/view/e323dpe386dsf73mh2mezfc44,2,1,0,0,0,1,0,0,2,0,0,0,0,0,2,2,3,0,0,1,0,1.2,2.0,0.0,3.0,0.6,0.8,-0.2,2.0,0.2,0.4,71,0.6666666666666666,2.0,3.0,1.0,1.0,1.6,1.0,0.6,1.8,0.0,0.6666666666666666,33,0.4666666666666666,1
716,e3l96barohsejbnyocbtcz28k,2021,2021-11-21 19:00:00,2021,11,domingo,19,EC Bahia,Cuiabá EC,Arena Fonte Nova,Raphael Claus,19.790,19790,21 de novembro de 2021 19:00,0,0,draw,1,https://optaplayerstats.statsperform.com/pt_BR/soccer/brasileir%C3%A3o-s%C3%A9rie-a-2021/cmto2xdcdarka1b708ac99jx0/match/view/e3l96barohsejbnyocbtcz28k,0,1,0,0,0,0,0,0,0,0,0,0,0,0,0,0,1,0,0,0,0,1.0,1.0,2.0,2.0,0.4,1.0,-0.6,2.0,0.4,0.3333333333333333,70,0.6,1.4,2.0,1.0,2.0,0.8,0.8,0.0,1.8,0.0,0.4666666666666667,33,0.13333333333333333,1
717,e0kbuu9snquq3ysvc8ywvymms,2021,2021-11-23 19:00:00,2021,11,terça-feira,19,Atlético Goianiense,EC Juventude,Estádio Antônio Accioly,Flavio Rodrigues De Souza,9.051,9051,23 de novembro de 2021 19:00,1,1,draw,1,https://optaplayerstats.statsperform.com/pt_BR/soccer/brasileir%C3%A3o-s%C3%A9rie-a-2021/cmto2xdcdarka1b708ac99jx0/match/view/e0kbuu9snquq3ysvc8ywvymms,1,1,0,0,0,0,0,1,2,0,0,0,0,0,2,0,3,0,0,0,0,0.6,0.0,3.0,2.0,0.2,1.4,-1.2,1.6,0.0,0.2,71,0.5333333333333333,2.0,3.0,1.0,1.0,1.0,0.6,0.4,2.2,0.0,0.6666666666666666,33,0.19999999999999998,1
718,de5l9y8pq54lvhj1x6ftq8zys,2021,2021-11-23 21:00:00,2021,11,terça-feira,21,Grêmio FB Porto Alegrense,CR Flamengo,Arena do Grêmio,Braulio da Silva Machado,No data,,23 de novembro de 2021 21:00,2,2,draw,1,https://optaplayerstats.statsperform.com/pt_BR/soccer/brasileir%C3%A3o-s%C3%A9rie-a-2021/cmto2xdcdarka1b708ac99jx0/match/view/de5l9y8pq54lvhj1x6ftq8zys,2,3,1,1,2,0,0,2,2,0,0,0,0,0,4,0,5,2,1,0,0,1.8,3.0,0.0,2.0,1.6,1.0,0.6,1.6,0.2,0.6,71,0.6666666666666666,2.6,4.0,1.0,0.0,2.4,0.6,1.8,1.2,0.4,0.8666666666666667,71,0.5333333333333333,1
719,e40fzb4yge5pttd40wctq8k5w,2021,2021-11-23 21:30:00,2021,11,terça-feira,21,SE Palmeiras,Clube Atlético Mineiro,Allianz Parque,Anderson Daronco,17.774,17774,23 de novembro de 2021 21:30,2,2,draw,1,https://optaplayerstats.statsperform.com/pt_BR/soccer/brasileir%C3%A3o-s%C3%A9rie-a-2021/cmto2xdcdarka1b708ac99jx0/match/view/e40fzb4yge5pttd40wctq8k5w,2,4,0,0,0,0,0,2,3,0,0,0,0,0,4,0,7,0,0,0,0,1.2,2.0,0.0,3.0,1.4,1.0,0.4,2.6,0.4,0.4,72,0.6,3.0,5.0,0.0,0.0,1.8,0.2,1.6,2.6,0.0,1.0,71,0.3333333333333333,1
720,e37le6hndg1gy8l556ccs1q1g,2021,2021-11-24 21:30:00,2021,11,quarta-feira,21,São Paulo FC,Club Athletico Paranaense,Morumbi,Leandro Pedro Vuaden,43.391,43391,24 de novembro de 2021 21:30,0,0,draw,1,https://optaplayerstats.statsperform.com/pt_BR/soccer/brasileir%C3%A3o-s%C3%A9rie-a-2021/cmto2xdcdarka1b708ac99jx0/match/view/e37le6hndg1gy8l556ccs1q1g,0,3,0,0,0,0,0,0,2,0,0,0,0,0,0,0,5,0,0,0,0,1.4,2.0,1.0,2.0,0.8,1.2,-0.4,2.0,0.2,0.4666666666666667,71,0.5333333333333333,1.4,2.0,1.0,2.0,1.4,1.2,0.2,3.0,0.0,0.4666666666666667,71,0.4666666666666666,1
721,e3xcmunsho2xs29ic1i7xbgno,2021,2021-11-24 21:30:00,2021,11,quarta-feira,21,Fluminense FC,SC Internacional,Estádio Jornalista Mário Filho (Maracanã),Felipe Fernandes de Lima,17.916,17916,24 de novembro de 2021 21:30,1,0,home_win,0,https://optaplayerstats.statsperform.com/pt_BR/soccer/brasileir%C3%A3o-s%C3%A9rie-a-2021/cmto2xdcdarka1b708ac99jx0/match/view/e3xcmunsho2xs29ic1i7xbgno,1,5,0,0,0,1,0,0,5,1,0,1,0,0,1,1,10,1,1,1,0,1.8,3.0,0.0,2.0,1.0,0.6,0.4,1.8,0.2,0.6,72,0.8666666666666667,1.2,2.0,0.0,3.0,1.0,1.2,-0.2,3.0,0.2,0.4,72,0.06666666666666667,1
722,e437t1qe6dj6wu705cwkt589g,2021,2021-11-25 19:00:00,2021,11,quinta-feira,19,Santos FC Sao Paulo,Fortaleza EC,Vila Belmiro,Wagner do Nascimento Magalhaes,11.313,11313,25 de novembro de 2021 19:00,2,0,home_win,0,https://optaplayerstats.statsperform.com/pt_BR/soccer/brasileir%C3%A3o-s%C3%A9rie-a-2021/cmto2xdcdarka1b708ac99jx0/match/view/e437t1qe6dj6wu705cwkt589g,2,3,0,0,0,1,0,0,2,0,0,0,0,0,2,2,5,0,0,1,0,1.4,2.0,1.0,2.0,0.8,0.8,0.0,1.8,0.0,0.4666666666666667,72,0.6,0.8,1.0,1.0,3.0,0.4,1.8,-1.4,3.0,0.0,0.26666666666666666,72,0.39999999999999997,1
723,e4bomclv5p0nbrllls49o9d04,2021,2021-11-25 20:00:00,2021,11,quinta-feira,20,Ceará SC,SC Corinthians Paulista,Castelão,Paulo Roberto Alves Júnior,35.693,35693,25 de novembro de 2021 20:00,2,1,home_win,0,https://optaplayerstats.statsperform.com/pt_BR/soccer/brasileir%C3%A3o-s%C3%A9rie-a-2021/cmto2xdcdarka1b708ac99jx0/match/view/e4bomclv5p0nbrllls49o9d04,2,3,0,0,0,0,0,1,4,0,0,0,0,0,3,1,7,0,0,0,0,2.0,3.0,1.0,1.0,1.8,0.8,1.0,2.8,0.2,0.6666666666666666,72,0.6666666666666666,1.8,3.0,0.0,2.0,1.2,1.2,0.0,1.8,0.0,0.6,72,0.06666666666666667,1
724,e58sl81vbjdiw1w2xks6r3384,2021,2021-11-26 19:00:00,2021,11,sexta-feira,19,EC Bahia,Grêmio FB Porto Alegrense,Arena Fonte Nova,Bruno Arleu de Araújo,30.671,30671,26 de novembro de 2021 19:00,3,1,home_win,0,https://optaplayerstats.statsperform.com/pt_BR/soccer/brasileir%C3%A3o-s%C3%A9rie-a-2021/cmto2xdcdarka1b708ac99jx0/match/view/e58sl81vbjdiw1w2xks6r3384,3,3,0,0,0,0,0,1,3,0,0,0,0,0,4,2,6,0,0,0,0,1.0,1.0,2.0,2.0,0.2,0.8,-0.6,1.6,0.4,0.3333333333333333,71,0.6,2.0,3.0,1.0,1.0,2.0,1.2,0.8,1.6,0.4,0.6666666666666666,72,0.19999999999999998,1
725,e5bi3kjgdi7y9lfahmcs69kic,2021,2021-11-27 19:30:00,2021,11,sábado,19,Red Bull Bragantino,América FC (Minas Gerais),Nabizão,Anderson Daronco,2.673,2673,27 de novembro de 2021 19:30,1,1,draw,1,https://optaplayerstats.statsperform.com/pt_BR/soccer/brasileir%C3%A3o-s%C3%A9rie-a-2021/cmto2xdcdarka1b708ac99jx0/match/view/e5bi3kjgdi7y9lfahmcs69kic,1,3,0,0,0,0,0,1,2,0,0,0,0,0,2,0,5,0,0,0,0,0.6,1.0,0.0,4.0,0.6,1.6,-1.0,2.2,0.0,0.2,72,0.7999999999999999,1.4,2.0,1.0,2.0,1.2,1.2,0.0,2.2,0.0,0.4666666666666667,34,0.39999999999999997,1
726,e4xhgbh4slhiowensb145r1n8,2021,2021-11-27 21:30:00,2021,11,sábado,21,São Paulo FC,SC do Recife,Morumbi,Heber Roberto Lopes,35.679,35679,27 de novembro de 2021 21:30,2,0,home_win,0,https://optaplayerstats.statsperform.com/pt_BR/soccer/brasileir%C3%A3o-s%C3%A9rie-a-2021/cmto2xdcdarka1b708ac99jx0/match/view/e4xhgbh4slhiowensb145r1n8,2,0,0,0,0,0,0,0,1,0,0,0,0,0,2,2,1,0,0,0,0,1.0,1.0,2.0,2.0,0.6,1.2,-0.6,2.6,0.2,0.3333333333333333,72,0.5333333333333333,1.2,2.0,0.0,3.0,1.2,1.2,0.0,2.0,0.4,0.4,72,0.0,1
727,e4sfvpv9y6vnz97vgxd9631uc,2021,2021-11-28 16:00:00,2021,11,domingo,16,SC Corinthians Paulista,Club Athletico Paranaense,Neo Química Arena,Paulo Cesar Zanovelli da Silva,37.309,37309,28 de novembro de 2021 16:00,1,0,home_win,0,https://optaplayerstats.statsperform.com/pt_BR/soccer/brasileir%C3%A3o-s%C3%A9rie-a-2021/cmto2xdcdarka1b708ac99jx0/match/view/e4sfvpv9y6vnz97vgxd9631uc,1,5,0,0,0,1,0,0,3,0,0,0,0,0,1,1,8,0,0,1,0,1.2,2.0,0.0,3.0,1.2,1.6,-0.4,2.0,0.0,0.4,73,1.0,1.4,2.0,1.0,2.0,1.0,0.8,0.2,2.6,0.0,0.4666666666666667,72,0.3333333333333333,1
728,e5091nihnlrw435y2jd77aadw,2021,2021-11-28 16:00:00,2021,11,domingo,16,Clube Atlético Mineiro,Fluminense FC,Mineirão,Marielson Alves Silva,59.896,59896,28 de novembro de 2021 16:00,2,1,home_win,0,https://optaplayerstats.statsperform.com/pt_BR/soccer/brasileir%C3%A3o-s%C3%A9rie-a-2021/cmto2xdcdarka1b708ac99jx0/match/view/e5091nihnlrw435y2jd77aadw,2,6,0,0,0,1,0,1,3,0,0,0,0,0,3,1,9,0,0,1,0,2.6,4.0,1.0,0.0,1.8,0.4,1.4,2.2,0.0,0.8666666666666667,72,1.0,1.8,3.0,0.0,2.0,1.0,0.6,0.4,2.6,0.2,0.6,73,0.19999999999999998,1
729,e52vk9stew2vdb53j2y46p0r8,2021,2021-11-28 19:00:00,2021,11,domingo,19,SC Internacional,Santos FC Sao Paulo,Beira-Rio,Braulio da Silva Machado,13.495,13495,28 de novembro de 2021 19:00,1,1,draw,1,https://optaplayerstats.statsperform.com/pt_BR/soccer/brasileir%C3%A3o-s%C3%A9rie-a-2021/cmto2xdcdarka1b708ac99jx0/match/view/e52vk9stew2vdb53j2y46p0r8,1,1,0,0,0,0,1,1,2,0,0,0,0,0,2,0,3,0,0,0,1,0.6,1.0,0.0,4.0,0.8,1.4,-0.6,3.8,0.2,0.2,73,0.5333333333333333,2.0,3.0,1.0,1.0,1.2,0.4,0.8,1.8,0.0,0.6666666666666666,73,0.3333333333333333,1
730,e4n33h619imab3hgj0y1gdyxg,2021,2021-11-29 19:00:00,2021,11,segunda-feira,19,Atlético Goianiense,EC Bahia,Estádio Antônio Accioly,Ramon Abatti,10.004,10004,29 de novembro de 2021 19:00,2,1,home_win,0,https://optaplayerstats.statsperform.com/pt_BR/soccer/brasileir%C3%A3o-s%C3%A9rie-a-2021/cmto2xdcdarka1b708ac99jx0/match/view/e4n33h619imab3hgj0y1gdyxg,2,5,0,0,0,1,0,1,3,0,1,1,0,0,3,1,8,1,1,1,0,0.8,0.0,4.0,1.0,0.4,1.2,-0.8,1.6,0.0,0.26666666666666666,72,0.6,1.4,2.0,1.0,2.0,0.8,1.0,-0.2,2.0,0.4,0.4666666666666667,72,0.3333333333333333,1
731,e4k8jjgv6gd52jtexyz31g7bo,2021,2021-11-30 19:00:00,2021,11,terça-feira,19,EC Juventude,Red Bull Bragantino,Alfredo Jaconi,Felipe Fernandes de Lima,18.413,18413,30 de novembro de 2021 19:00,1,0,home_win,0,https://optaplayerstats.statsperform.com/pt_BR/soccer/brasileir%C3%A3o-s%C3%A9rie-a-2021/cmto2xdcdarka1b708ac99jx0/match/view/e4k8jjgv6gd52jtexyz31g7bo,1,4,0,0,0,0,0,0,3,0,0,0,0,0,1,1,7,0,0,0,0,2.0,3.0,1.0,1.0,1.2,0.8,0.4,2.2,0.0,0.6666666666666666,34,0.6,0.8,1.0,1.0,3.0,0.8,1.6,-0.8,2.2,0.0,0.26666666666666666,73,0.13333333333333333,1
732,e4prn9pnnpubaddb47e2lgdn8,2021,2021-11-30 20:00:00,2021,11,terça-feira,20,CR Flamengo,Ceará SC,Estádio Jornalista Mário Filho (Maracanã),Caio Max Augusto Vieira,46.481,46481,30 de novembro de 2021 20:00,2,1,home_win,0,https://optaplayerstats.statsperform.com/pt_BR/soccer/brasileir%C3%A3o-s%C3%A9rie-a-2021/cmto2xdcdarka1b708ac99jx0/match/view/e4prn9pnnpubaddb47e2lgdn8,2,6,0,0,0,0,0,1,1,0,0,0,0,0,3,1,7,0,0,0,0,2.6,4.0,1.0,0.0,2.4,0.6,1.8,1.0,0.2,0.8666666666666667,72,0.8666666666666667,2.0,3.0,1.0,1.0,2.0,1.0,1.0,2.8,0.2,0.6666666666666666,73,0.39999999999999997,1
733,e46912ljtj12o68zk94gue9lg,2021,2021-11-30 21:00:00,2021,11,terça-feira,21,América FC (Minas Gerais),Chapecoense AF,Estádio Raimundo Sampaio,Luiz Flávio de Oliveira,2.043,2043,30 de novembro de 2021 21:00,3,0,home_win,0,https://optaplayerstats.statsperform.com/pt_BR/soccer/brasileir%C3%A3o-s%C3%A9rie-a-2021/cmto2xdcdarka1b708ac99jx0/match/view/e46912ljtj12o68zk94gue9lg,3,2,0,0,0,1,0,0,2,0,0,0,0,0,3,3,4,0,0,1,0,1.6,2.0,2.0,1.0,1.4,1.2,0.2,2.2,0.0,0.5333333333333333,35,0.7333333333333334,0.4,0.0,2.0,3.0,0.6,1.8,-1.2,2.0,0.2,0.13333333333333333,34,0.06666666666666667,1
734,e5gtgjdskvqcz7gv7q77px6vo,2021,2021-11-30 22:00:00,2021,11,terça-feira,22,Cuiabá EC,SE Palmeiras,Arena Pantanal,Paulo Roberto Alves Júnior,27.500,27500,30 de novembro de 2021 22:00,1,3,away_win,2,https://optaplayerstats.statsperform.com/pt_BR/soccer/brasileir%C3%A3o-s%C3%A9rie-a-2021/cmto2xdcdarka1b708ac99jx0/match/view/e5gtgjdskvqcz7gv7q77px6vo,1,4,0,0,0,0,0,3,2,1,1,2,0,0,4,-2,6,2,1,0,0,1.0,1.0,2.0,2.0,0.6,0.8,-0.2,1.4,0.0,0.3333333333333333,34,0.7333333333333334,0.8,1.0,1.0,3.0,1.4,1.4,0.0,3.0,0.4,0.26666666666666666,73,0.6,1
735,e1xu2dijntfpfpbgii7ynkhsk,2021,2021-12-02 18:00:00,2021,12,quinta-feira,18,EC Bahia,Clube Atlético Mineiro,Arena Fonte Nova,Flavio Rodrigues De Souza,29.415,29415,2 de dezembro de 2021 18:00,2,3,away_win,2,https://optaplayerstats.statsperform.com/pt_BR/soccer/brasileir%C3%A3o-s%C3%A9rie-a-2021/cmto2xdcdarka1b708ac99jx0/match/view/e1xu2dijntfpfpbgii7ynkhsk,2,2,0,0,0,0,0,3,3,0,0,0,1,0,5,-1,5,0,0,1,0,0.8,1.0,1.0,3.0,0.8,1.4,-0.6,2.4,0.6,0.26666666666666666,73,0.7333333333333334,2.6,4.0,1.0,0.0,2.0,0.6,1.4,2.8,0.0,0.8666666666666667,73,0.3333333333333333,1
736,e48wfacvey1r58ah3xdqqov84,2021,2021-12-02 20:00:00,2021,12,quinta-feira,20,Grêmio FB Porto Alegrense,São Paulo FC,Arena do Grêmio,Sávio Pereira Sampaio,9.312,9312,2 de dezembro de 2021 20:00,3,0,home_win,0,https://optaplayerstats.statsperform.com/pt_BR/soccer/brasileir%C3%A3o-s%C3%A9rie-a-2021/cmto2xdcdarka1b708ac99jx0/match/view/e48wfacvey1r58ah3xdqqov84,3,3,0,0,0,0,0,0,2,0,0,0,0,0,3,3,5,0,0,0,0,1.4,2.0,1.0,2.0,2.0,1.8,0.2,1.6,0.4,0.4666666666666667,73,0.6666666666666666,1.6,2.0,2.0,1.0,1.0,1.0,0.0,2.2,0.2,0.5333333333333333,73,0.3333333333333333,1
737,e4hixm3rzxal6tz1hi4gxb9jo,2021,2021-12-03 19:00:00,2021,12,sexta-feira,19,Club Athletico Paranaense,Cuiabá EC,Arena da Baixada,Braulio da Silva Machado,18.795,18795,3 de dezembro de 2021 19:00,1,0,home_win,0,https://optaplayerstats.statsperform.com/pt_BR/soccer/brasileir%C3%A3o-s%C3%A9rie-a-2021/cmto2xdcdarka1b708ac99jx0/match/view/e4hixm3rzxal6tz1hi4gxb9jo,1,4,0,0,0,0,0,0,6,0,1,1,0,0,1,1,10,1,1,0,0,0.8,1.0,1.0,3.0,0.6,1.0,-0.4,2.6,0.0,0.26666666666666666,73,0.26666666666666666,0.8,1.0,1.0,3.0,0.8,1.4,-0.6,2.0,0.0,0.26666666666666666,35,0.13333333333333333,1
738,e4ei3tys0iuzq24vkg6816ivo,2021,2021-12-03 20:00:00,2021,12,sexta-feira,20,SC do Recife,CR Flamengo,Itaipava Arena Pernambuco,Leandro Pedro Vuaden,10.523,10523,3 de dezembro de 2021 20:00,1,1,draw,1,https://optaplayerstats.statsperform.com/pt_BR/soccer/brasileir%C3%A3o-s%C3%A9rie-a-2021/cmto2xdcdarka1b708ac99jx0/match/view/e4ei3tys0iuzq24vkg6816ivo,1,2,0,0,0,0,0,1,3,0,0,0,0,0,2,0,5,0,0,0,0,0.6,1.0,0.0,4.0,0.8,1.6,-0.8,1.4,0.2,0.2,73,0.6666666666666666,2.6,4.0,1.0,0.0,2.2,0.8,1.4,2.2,0.0,0.8666666666666667,73,0.6,1
739,e5e3jrrm2bqdsbidaseqrzhg4,2021,2021-12-03 20:00:00,2021,12,sexta-feira,20,Chapecoense AF,Atlético Goianiense,Arena Condá,Caio Max Augusto Vieira,1.134,1134,3 de dezembro de 2021 20:00,0,1,away_win,2,https://optaplayerstats.statsperform.com/pt_BR/soccer/brasileir%C3%A3o-s%C3%A9rie-a-2021/cmto2xdcdarka1b708ac99jx0/match/view/e5e3jrrm2bqdsbidaseqrzhg4,0,2,0,0,0,0,0,1,3,0,0,0,0,0,1,-1,5,0,0,0,0,0.2,0.0,1.0,4.0,0.6,2.4,-1.8,2.2,0.2,0.06666666666666667,35,0.13333333333333333,1.4,1.0,4.0,0.0,0.8,0.6,0.2,2.0,0.0,0.4666666666666667,73,0.06666666666666667,1
740,e55ojg27al6ojiukt04ft2cr8,2021,2021-12-03 21:00:00,2021,12,sexta-feira,21,Fortaleza EC,EC Juventude,Castelão,Bruno Arleu de Araújo,45.398,45398,3 de dezembro de 2021 21:00,1,0,home_win,0,https://optaplayerstats.statsperform.com/pt_BR/soccer/brasileir%C3%A3o-s%C3%A9rie-a-2021/cmto2xdcdarka1b708ac99jx0/match/view/e55ojg27al6ojiukt04ft2cr8,1,2,0,0,0,0,0,0,0,0,0,0,0,0,1,1,2,0,0,0,0,0.8,1.0,1.0,3.0,0.4,2.0,-1.6,2.8,0.0,0.26666666666666666,73,0.6666666666666666,2.0,3.0,1.0,1.0,1.0,0.6,0.4,2.6,0.0,0.6666666666666666,35,0.26666666666666666,1
741,e5mocujzqbcb3m9io14mqqg44,2021,2021-12-05 16:00:00,2021,12,domingo,16,SC Corinthians Paulista,Grêmio FB Porto Alegrense,Neo Química Arena,Bruno Arleu de Araújo,44.187,44187,5 de dezembro de 2021 16:00,1,1,draw,1,https://optaplayerstats.statsperform.com/pt_BR/soccer/brasileir%C3%A3o-s%C3%A9rie-a-2021/cmto2xdcdarka1b708ac99jx0/match/view/e5mocujzqbcb3m9io14mqqg44,1,1,0,0,0,0,0,1,3,0,0,0,0,0,2,0,4,0,0,0,0,1.8,3.0,0.0,2.0,1.4,1.0,0.4,2.6,0.0,0.6,74,1.0,2.0,3.0,1.0,1.0,2.4,1.2,1.2,2.0,0.4,0.6666666666666666,74,0.19999999999999998,1
742,e5s2gel127j642svjuos20t90,2021,2021-12-05 16:00:00,2021,12,domingo,16,Clube Atlético Mineiro,Red Bull Bragantino,Mineirão,Rodolpho Toski Marques,61.573,61573,5 de dezembro de 2021 16:00,4,3,home_win,0,https://optaplayerstats.statsperform.com/pt_BR/soccer/brasileir%C3%A3o-s%C3%A9rie-a-2021/cmto2xdcdarka1b708ac99jx0/match/view/e5s2gel127j642svjuos20t90,4,1,0,0,0,0,0,3,2,0,0,0,0,0,7,1,3,0,0,0,0,2.6,4.0,1.0,0.0,2.0,1.0,1.0,3.0,0.0,0.8666666666666667,74,1.0,0.8,1.0,1.0,3.0,0.8,1.4,-0.6,2.4,0.0,0.26666666666666666,74,0.06666666666666667,1
743,e60u36ll2jg2x3k48t8m4r9qs,2021,2021-12-05 16:00:00,2021,12,domingo,16,EC Bahia,Fluminense FC,Arena Fonte Nova,Luiz Flávio de Oliveira,26.701,26701,5 de dezembro de 2021 16:00,2,0,home_win,0,https://optaplayerstats.statsperform.com/pt_BR/soccer/brasileir%C3%A3o-s%C3%A9rie-a-2021/cmto2xdcdarka1b708ac99jx0/match/view/e60u36ll2jg2x3k48t8m4r9qs,2,2,1,0,1,1,0,0,5,1,0,1,0,0,2,2,7,2,1,1,0,0.8,1.0,1.0,3.0,1.2,1.4,-0.2,2.4,0.2,0.26666666666666666,74,0.5333333333333333,1.8,3.0,0.0,2.0,1.2,0.8,0.4,3.0,0.2,0.6,74,0.0,1
744,e5xxd5bynt5v071au4d3gtgr8,2021,2021-12-05 19:00:00,2021,12,domingo,19,Ceará SC,América FC (Minas Gerais),Castelão,Raphael Claus,51.123,51123,5 de dezembro de 2021 19:00,0,0,draw,1,https://optaplayerstats.statsperform.com/pt_BR/soccer/brasileir%C3%A3o-s%C3%A9rie-a-2021/cmto2xdcdarka1b708ac99jx0/match/view/e5xxd5bynt5v071au4d3gtgr8,0,0,0,0,0,0,0,0,2,0,0,0,0,0,0,0,2,0,0,0,0,2.0,3.0,1.0,1.0,2.0,1.0,1.0,2.4,0.0,0.6666666666666666,74,0.7999999999999999,1.6,2.0,2.0,1.0,1.4,0.8,0.6,2.0,0.0,0.5333333333333333,36,0.4666666666666666,1
745,e5pdc6rnnqak777yes5cgxb10,2021,2021-12-06 19:00:00,2021,12,segunda-feira,19,São Paulo FC,EC Juventude,Morumbi,Braulio da Silva Machado,40.442,40442,6 de dezembro de 2021 19:00,3,1,home_win,0,https://optaplayerstats.statsperform.com/pt_BR/soccer/brasileir%C3%A3o-s%C3%A9rie-a-2021/cmto2xdcdarka1b708ac99jx0/match/view/e5pdc6rnnqak777yes5cgxb10,3,5,0,0,0,0,0,1,3,0,0,0,0,0,4,2,8,0,0,0,0,1.4,2.0,1.0,2.0,0.8,1.4,-0.6,1.6,0.2,0.4666666666666667,74,0.6666666666666666,1.4,2.0,1.0,2.0,0.6,0.8,-0.2,2.0,0.0,0.4666666666666667,36,0.26666666666666666,1
746,e63di1doukjwpm2h84jkh8jkk,2021,2021-12-06 19:00:00,2021,12,segunda-feira,19,Club Athletico Paranaense,SE Palmeiras,Arena da Baixada,Wagner do Nascimento Magalhaes,19.308,19308,6 de dezembro de 2021 19:00,0,0,draw,1,https://optaplayerstats.statsperform.com/pt_BR/soccer/brasileir%C3%A3o-s%C3%A9rie-a-2021/cmto2xdcdarka1b708ac99jx0/match/view/e63di1doukjwpm2h84jkh8jkk,0,1,0,0,0,0,0,0,1,0,0,0,0,0,0,0,2,0,0,0,0,0.8,1.0,1.0,3.0,0.4,0.8,-0.4,2.6,0.0,0.26666666666666666,74,0.4666666666666666,0.8,1.0,1.0,3.0,1.2,1.6,-0.4,3.2,0.8,0.26666666666666666,74,0.6,1
747,e5jnnof1iq265yqmuprr51yj8,2021,2021-12-06 20:00:00,2021,12,segunda-feira,20,CR Flamengo,Santos FC Sao Paulo,Estádio Jornalista Mário Filho (Maracanã),Anderson Daronco,41.390,41390,6 de dezembro de 2021 20:00,0,1,away_win,2,https://optaplayerstats.statsperform.com/pt_BR/soccer/brasileir%C3%A3o-s%C3%A9rie-a-2021/cmto2xdcdarka1b708ac99jx0/match/view/e5jnnof1iq265yqmuprr51yj8,0,3,0,0,0,0,0,1,3,0,0,0,0,0,1,-1,6,0,0,0,0,2.2,3.0,2.0,0.0,1.6,1.0,0.6,2.6,0.0,0.7333333333333333,74,1.0,1.6,2.0,2.0,1.0,1.0,0.6,0.4,1.8,0.0,0.5333333333333333,74,0.39999999999999997,1
748,e5uy4f34ovfbyfmp64e71xes4,2021,2021-12-06 20:00:00,2021,12,segunda-feira,20,SC Internacional,Atlético Goianiense,Beira-Rio,Flavio Rodrigues De Souza,19.265,19265,6 de dezembro de 2021 20:00,1,2,away_win,2,https://optaplayerstats.statsperform.com/pt_BR/soccer/brasileir%C3%A3o-s%C3%A9rie-a-2021/cmto2xdcdarka1b708ac99jx0/match/view/e5uy4f34ovfbyfmp64e71xes4,1,3,0,0,0,0,0,2,2,0,0,0,0,0,3,-1,5,0,0,0,0,0.8,1.0,1.0,3.0,0.8,1.2,-0.4,3.2,0.2,0.26666666666666666,74,0.5333333333333333,1.8,2.0,3.0,0.0,1.0,0.6,0.4,2.2,0.0,0.6,74,0.26666666666666666,1
749,e690ghbk7n67z3livyxgma0b8,2021,2021-12-06 20:00:00,2021,12,segunda-feira,20,Cuiabá EC,Fortaleza EC,Arena Pantanal,Heber Roberto Lopes,15.923,15923,6 de dezembro de 2021 20:00,1,0,home_win,0,https://optaplayerstats.statsperform.com/pt_BR/soccer/brasileir%C3%A3o-s%C3%A9rie-a-2021/cmto2xdcdarka1b708ac99jx0/match/view/e690ghbk7n67z3livyxgma0b8,1,1,0,0,0,1,0,0,4,0,1,1,0,0,1,1,5,1,1,1,0,0.8,1.0,1.0,3.0,0.8,1.4,-0.6,3.0,0.2,0.26666666666666666,36,0.6666666666666666,1.2,2.0,0.0,3.0,0.4,1.8,-1.4,2.4,0.0,0.4,74,0.19999999999999998,1
750,e662fq29tt9egianqvf4a7cpg,2021,2021-12-06 21:00:00,2021,12,segunda-feira,21,Chapecoense AF,SC do Recife,Arena Condá,Paulo Cesar Zanovelli da Silva,1.658,1658,6 de dezembro de 2021 21:00,0,1,away_win,2,https://optaplayerstats.statsperform.com/pt_BR/soccer/brasileir%C3%A3o-s%C3%A9rie-a-2021/cmto2xdcdarka1b708ac99jx0/match/view/e662fq29tt9egianqvf4a7cpg,0,3,1,0,1,0,0,1,4,0,0,0,0,0,1,-1,7,1,1,0,0,0.0,0.0,0.0,5.0,0.2,2.2,-2.0,2.0,0.0,0.0,36,0.06666666666666667,0.8,1.0,1.0,3.0,1.0,1.6,-0.6,1.6,0.2,0.26666666666666666,74,0.0,1
751,e6brmcoeww6aiquiablmzgavo,2021,2021-12-09 21:30:00,2021,12,quinta-feira,21,Fluminense FC,Chapecoense AF,Estádio Jornalista Mário Filho (Maracanã),Leandro Pedro Vuaden,48.198,48198,9 de dezembro de 2021 21:30,3,0,home_win,0,https://optaplayerstats.statsperform.com/pt_BR/soccer/brasileir%C3%A3o-s%C3%A9rie-a-2021/cmto2xdcdarka1b708ac99jx0/match/view/e6brmcoeww6aiquiablmzgavo,3,3,0,0,0,0,0,0,2,0,0,0,0,0,3,3,5,0,0,0,0,1.2,2.0,0.0,3.0,0.8,1.0,-0.2,3.0,0.2,0.4,75,1.0,0.0,0.0,0.0,5.0,0.2,2.0,-1.8,2.0,0.2,0.0,37,0.06666666666666667,1
752,e6h2l1atrsegbew4dqq1flvkk,2021,2021-12-09 21:30:00,2021,12,quinta-feira,21,SE Palmeiras,Ceará SC,Arena Barueri,Sávio Pereira Sampaio,5.304,5304,9 de dezembro de 2021 21:30,1,0,home_win,0,https://optaplayerstats.statsperform.com/pt_BR/soccer/brasileir%C3%A3o-s%C3%A9rie-a-2021/cmto2xdcdarka1b708ac99jx0/match/view/e6h2l1atrsegbew4dqq1flvkk,1,2,0,0,0,0,0,0,0,0,0,0,0,0,1,1,2,0,0,0,0,1.0,1.0,2.0,2.0,1.0,1.2,-0.2,2.2,0.4,0.3333333333333333,75,0.6666666666666666,1.6,2.0,2.0,1.0,1.6,0.8,0.8,2.2,0.0,0.5333333333333333,75,0.3333333333333333,1
753,e6k94c8hll8yvgdyu3nz3tvys,2021,2021-12-09 21:30:00,2021,12,quinta-feira,21,Santos FC Sao Paulo,Cuiabá EC,Vila Belmiro,Wagner do Nascimento Magalhaes,12.444,12444,9 de dezembro de 2021 21:30,1,1,draw,1,https://optaplayerstats.statsperform.com/pt_BR/soccer/brasileir%C3%A3o-s%C3%A9rie-a-2021/cmto2xdcdarka1b708ac99jx0/match/view/e6k94c8hll8yvgdyu3nz3tvys,1,1,0,0,0,0,0,1,2,0,0,0,0,0,2,0,3,0,0,0,0,2.0,3.0,1.0,1.0,1.2,0.6,0.6,1.8,0.0,0.6666666666666666,75,0.7999999999999999,1.4,2.0,1.0,2.0,0.6,0.8,-0.2,3.0,0.2,0.4666666666666667,37,0.06666666666666667,1
754,e6nrosue8esx02v73z7wdtdec,2021,2021-12-09 21:30:00,2021,12,quinta-feira,21,América FC (Minas Gerais),São Paulo FC,Estádio Raimundo Sampaio,Caio Max Augusto Vieira,9.484,9484,9 de dezembro de 2021 21:30,2,0,home_win,0,https://optaplayerstats.statsperform.com/pt_BR/soccer/brasileir%C3%A3o-s%C3%A9rie-a-2021/cmto2xdcdarka1b708ac99jx0/match/view/e6nrosue8esx02v73z7wdtdec,2,3,0,0,0,0,0,0,2,0,0,0,0,0,2,2,5,0,0,0,0,1.2,1.0,3.0,1.0,0.8,0.6,0.2,1.8,0.0,0.4,37,0.7333333333333334,2.0,3.0,1.0,1.0,1.4,0.8,0.6,2.4,0.0,0.6666666666666666,75,0.26666666666666666,1
755,e6qin9hmk60yt2szwelpms8wk,2021,2021-12-09 21:30:00,2021,12,quinta-feira,21,Grêmio FB Porto Alegrense,Clube Atlético Mineiro,Arena do Grêmio,Raphael Claus,33.577,33577,9 de dezembro de 2021 21:30,4,3,home_win,0,https://optaplayerstats.statsperform.com/pt_BR/soccer/brasileir%C3%A3o-s%C3%A9rie-a-2021/cmto2xdcdarka1b708ac99jx0/match/view/e6qin9hmk60yt2szwelpms8wk,4,3,0,0,0,0,0,3,1,0,0,0,0,0,7,1,4,0,0,0,0,1.6,2.0,2.0,1.0,2.0,1.4,0.6,2.6,0.4,0.5333333333333333,75,0.6666666666666666,2.6,4.0,1.0,0.0,2.6,1.6,1.0,2.8,0.0,0.8666666666666667,75,0.4666666666666666,1
756,e6tbbzske8luc2lfkt7150f84,2021,2021-12-09 21:30:00,2021,12,quinta-feira,21,Fortaleza EC,EC Bahia,Castelão,Flavio Rodrigues De Souza,51.125,51125,9 de dezembro de 2021 21:30,2,1,home_win,0,https://optaplayerstats.statsperform.com/pt_BR/soccer/brasileir%C3%A3o-s%C3%A9rie-a-2021/cmto2xdcdarka1b708ac99jx0/match/view/e6tbbzske8luc2lfkt7150f84,2,4,0,0,0,2,0,1,2,0,0,0,1,0,3,1,6,0,0,1,0,1.2,2.0,0.0,3.0,0.4,1.4,-1.0,2.4,0.2,0.4,75,0.6666666666666666,1.4,2.0,1.0,2.0,1.6,1.2,0.4,2.2,0.4,0.4666666666666667,75,0.13333333333333333,1
757,e6w7vvsom7k0povowgmu6d7o4,2021,2021-12-09 21:30:00,2021,12,quinta-feira,21,SC do Recife,Club Athletico Paranaense,Itaipava Arena Pernambuco,Ramon Abatti,4.215,4215,9 de dezembro de 2021 21:30,1,1,draw,1,https://optaplayerstats.statsperform.com/pt_BR/soccer/brasileir%C3%A3o-s%C3%A9rie-a-2021/cmto2xdcdarka1b708ac99jx0/match/view/e6w7vvsom7k0povowgmu6d7o4,1,1,0,0,0,0,0,1,1,0,0,0,0,0,2,0,2,0,0,0,0,1.4,2.0,1.0,2.0,0.8,1.0,-0.2,2.0,0.0,0.4666666666666667,75,0.5333333333333333,1.0,1.0,2.0,2.0,0.2,0.4,-0.2,2.2,0.0,0.3333333333333333,75,0.26666666666666666,1
758,e6z3ctqzw61kb36x5erbz6cyc,2021,2021-12-09 21:30:00,2021,12,quinta-feira,21,Red Bull Bragantino,SC Internacional,Nabizão,Braulio da Silva Machado,5.339,5339,9 de dezembro de 2021 21:30,1,0,home_win,0,https://optaplayerstats.statsperform.com/pt_BR/soccer/brasileir%C3%A3o-s%C3%A9rie-a-2021/cmto2xdcdarka1b708ac99jx0/match/view/e6z3ctqzw61kb36x5erbz6cyc,1,4,0,0,0,0,0,0,5,0,0,0,0,0,1,1,9,0,0,0,0,0.8,1.0,1.0,3.0,1.4,1.8,-0.4,2.6,0.0,0.26666666666666666,75,0.6666666666666666,0.2,0.0,1.0,4.0,0.6,1.4,-0.8,2.4,0.2,0.06666666666666667,75,0.0,1
759,e71wrqxl7rdp6wc93apxoixhw,2021,2021-12-09 21:30:00,2021,12,quinta-feira,21,EC Juventude,SC Corinthians Paulista,Alfredo Jaconi,Rodolpho Toski Marques,17.056,17056,9 de dezembro de 2021 21:30,1,0,home_win,0,https://optaplayerstats.statsperform.com/pt_BR/soccer/brasileir%C3%A3o-s%C3%A9rie-a-2021/cmto2xdcdarka1b708ac99jx0/match/view/e71wrqxl7rdp6wc93apxoixhw,1,1,0,0,0,1,0,0,2,1,0,1,0,0,1,1,3,1,1,1,0,0.8,1.0,1.0,3.0,0.6,1.4,-0.8,2.2,0.0,0.26666666666666666,37,0.7333333333333334,1.4,2.0,1.0,2.0,1.0,0.8,0.2,2.6,0.0,0.4666666666666667,75,0.06666666666666667,1
760,e74rfwz7d46xuhquen4fif8d0,2021,2021-12-09 21:30:00,2021,12,quinta-feira,21,Atlético Goianiense,CR Flamengo,Estádio Antônio Accioly,Paulo Roberto Alves Júnior,11.728,11728,9 de dezembro de 2021 21:30,2,0,home_win,0,https://optaplayerstats.statsperform.com/pt_BR/soccer/brasileir%C3%A3o-s%C3%A9rie-a-2021/cmto2xdcdarka1b708ac99jx0/match/view/e74rfwz7d46xuhquen4fif8d0,2,4,0,0,0,0,0,0,2,0,0,0,0,0,2,2,6,0,0,0,0,2.2,3.0,2.0,0.0,1.4,0.8,0.6,2.4,0.0,0.7333333333333333,75,0.6,1.6,2.0,2.0,1.0,1.4,1.2,0.2,3.0,0.0,0.5333333333333333,75,0.6,1
761,2vuokv7vsr3d6muinb8a1zswk,2022,2022-04-09 16:30:00,2022,4,sábado,16,Fluminense FC,Santos FC Sao Paulo,Estádio Jornalista Mário Filho (Maracanã),Anderson Daronco,22.855,22855,9 de abril de 2022 16:30,0,0,draw,1,https://optaplayerstats.statsperform.com/pt_BR/soccer/brasileir%C3%A3o-s%C3%A9rie-a-2022/css9eoc46vca8gkmv5z7603ys/match/view/2vuokv7vsr3d6muinb8a1zswk,0,1,0,0,0,0,0,0,0,0,0,0,0,0,0,0,1,0,0,0,0,1.8,3.0,0.0,2.0,1.4,0.8,0.6,3.4,0.2,0.6,76,1.0,1.6,2.0,2.0,1.0,1.0,0.8,0.2,1.8,0.0,0.5333333333333333,76,0.5333333333333333,1
762,2wk9iu83684ba2k45x1qi7pck,2022,2022-04-09 19:00:00,2022,4,sábado,19,Atlético Goianiense,CR Flamengo,Estádio Antônio Accioly,Braulio da Silva Machado,10.496,10496,9 de abril de 2022 19:00,1,1,draw,1,https://optaplayerstats.statsperform.com/pt_BR/soccer/brasileir%C3%A3o-s%C3%A9rie-a-2022/css9eoc46vca8gkmv5z7603ys/match/view/2wk9iu83684ba2k45x1qi7pck,1,3,0,0,0,0,0,1,2,0,0,0,0,0,2,0,5,0,0,0,0,2.6,4.0,1.0,0.0,1.6,0.6,1.0,3.0,0.0,0.8666666666666667,76,0.6,1.0,1.0,2.0,2.0,1.0,1.4,-0.4,3.2,0.0,0.3333333333333333,76,0.5333333333333333,1
763,2w3lwxpj3zwjwi6xk08i0ox78,2022,2022-04-09 21:00:00,2022,4,sábado,21,SE Palmeiras,Ceará SC,Allianz Parque,Caio Max Augusto Vieira,27.100,27100,9 de abril de 2022 21:00,2,3,away_win,2,https://optaplayerstats.statsperform.com/pt_BR/soccer/brasileir%C3%A3o-s%C3%A9rie-a-2022/css9eoc46vca8gkmv5z7603ys/match/view/2w3lwxpj3zwjwi6xk08i0ox78,2,5,0,0,0,1,0,3,10,0,1,1,0,1,5,-1,15,1,1,1,1,1.6,2.0,2.0,1.0,1.2,0.8,0.4,2.4,0.4,0.5333333333333333,76,0.6666666666666666,1.0,1.0,2.0,2.0,0.8,1.0,-0.2,1.4,0.0,0.3333333333333333,76,0.26666666666666666,1
764,2wsjxg4fey5i8lvcp734fi1as,2022,2022-04-10 11:00:00,2022,4,domingo,11,Coritiba FBC,Goiás EC,Couto Pereira,Raphael Claus,17.788,17788,10 de abril de 2022 11:00,3,0,home_win,0,https://optaplayerstats.statsperform.com/pt_BR/soccer/brasileir%C3%A3o-s%C3%A9rie-a-2022/css9eoc46vca8gkmv5z7603ys/match/view/2wsjxg4fey5i8lvcp734fi1as,3,2,0,0,0,0,0,0,4,0,0,0,0,0,3,3,6,0,0,0,0,,,,,,,,,,,0,,,,,,,,,,,,0,,0
765,2voa0xg8wbeekqp7a079mkp3o,2022,2022-04-10 16:00:00,2022,4,domingo,16,Clube Atlético Mineiro,SC Internacional,Mineirão,Bruno Arleu de Araújo,37.531,37531,10 de abril de 2022 16:00,2,0,home_win,0,https://optaplayerstats.statsperform.com/pt_BR/soccer/brasileir%C3%A3o-s%C3%A9rie-a-2022/css9eoc46vca8gkmv5z7603ys/match/view/2voa0xg8wbeekqp7a079mkp3o,2,2,0,0,0,0,0,0,4,0,0,0,0,0,2,2,6,0,0,0,0,2.0,3.0,1.0,1.0,2.8,2.4,0.4,2.8,0.0,0.6666666666666666,76,1.0,0.2,0.0,1.0,4.0,0.6,1.4,-0.8,3.2,0.2,0.06666666666666667,76,0.0,1
766,2w7u8imcrra43n1obm5nrzgno,2022,2022-04-10 16:00:00,2022,4,domingo,16,Botafogo FR,SC Corinthians Paulista,Estádio Nilton Santos,Wilton Pereira Sampaio,36.898,36898,10 de abril de 2022 16:00,1,3,away_win,2,https://optaplayerstats.statsperform.com/pt_BR/soccer/brasileir%C3%A3o-s%C3%A9rie-a-2022/css9eoc46vca8gkmv5z7603ys/match/view/2w7u8imcrra43n1obm5nrzgno,1,1,0,0,0,1,0,3,4,0,0,0,0,0,4,-2,5,0,0,1,0,,,,,,,,,,,0,,1.4,2.0,1.0,2.0,1.0,0.8,0.2,2.6,0.2,0.4666666666666667,76,0.06666666666666667,0
767,2wg6oswwf3hlrg6rril5lkftg,2022,2022-04-10 18:00:00,2022,4,domingo,18,Fortaleza EC,Cuiabá EC,Castelão,Felipe Fernandes de Lima,18.279,18279,10 de abril de 2022 18:00,0,1,away_win,2,https://optaplayerstats.statsperform.com/pt_BR/soccer/brasileir%C3%A3o-s%C3%A9rie-a-2022/css9eoc46vca8gkmv5z7603ys/match/view/2wg6oswwf3hlrg6rril5lkftg,0,2,0,0,0,0,0,1,3,0,0,0,0,0,1,-1,5,0,0,0,0,1.8,3.0,0.0,2.0,0.8,0.8,0.0,3.0,0.2,0.6,76,0.6666666666666666,1.0,1.0,2.0,2.0,0.6,1.0,-0.4,2.6,0.2,0.3333333333333333,38,0.13333333333333333,1
768,2vzat1qfkyyzcy67mhqphxzbo,2022,2022-04-10 19:00:00,2022,4,domingo,19,São Paulo FC,Club Athletico Paranaense,Morumbi,Wagner do Nascimento Magalhaes,20.606,20606,10 de abril de 2022 19:00,4,0,home_win,0,https://optaplayerstats.statsperform.com/pt_BR/soccer/brasileir%C3%A3o-s%C3%A9rie-a-2022/css9eoc46vca8gkmv5z7603ys/match/view/2vzat1qfkyyzcy67mhqphxzbo,4,1,0,0,0,0,0,0,3,0,0,0,0,0,4,4,4,0,0,0,0,1.4,2.0,1.0,2.0,1.0,1.2,-0.2,2.4,0.0,0.4666666666666667,76,0.6666666666666666,1.2,1.0,3.0,1.0,0.4,0.4,0.0,2.2,0.0,0.4,76,0.3333333333333333,1
769,2wofhw291f6qfidz8ri8zawic,2022,2022-04-10 19:00:00,2022,4,domingo,19,Avai FC,América FC (Minas Gerais),Ressacada,Luiz Flávio de Oliveira,5.081,5081,10 de abril de 2022 19:00,1,0,home_win,0,https://optaplayerstats.statsperform.com/pt_BR/soccer/brasileir%C3%A3o-s%C3%A9rie-a-2022/css9eoc46vca8gkmv5z7603ys/match/view/2wofhw291f6qfidz8ri8zawic,1,3,0,0,0,0,0,0,3,2,0,2,0,0,1,1,6,2,1,0,0,,,,,,,,,,,0,,1.6,2.0,2.0,1.0,1.2,0.6,0.6,2.2,0.0,0.5333333333333333,38,0.3333333333333333,0
770,2wbxze7lyv9dhkxmuiy88z3tg,2022,2022-04-11 20:00:00,2022,4,segunda-feira,20,EC Juventude,Red Bull Bragantino,Alfredo Jaconi,Rodolpho Toski Marques,3.300,3300,11 de abril de 2022 20:00,2,2,draw,1,https://optaplayerstats.statsperform.com/pt_BR/soccer/brasileir%C3%A3o-s%C3%A9rie-a-2022/css9eoc46vca8gkmv5z7603ys/match/view/2wbxze7lyv9dhkxmuiy88z3tg,2,5,0,0,0,0,1,2,5,0,0,0,0,1,4,0,10,0,0,0,1,1.4,2.0,1.0,2.0,0.8,1.0,-0.2,2.0,0.0,0.4666666666666667,38,0.8666666666666667,0.8,1.0,1.0,3.0,1.0,1.8,-0.8,2.8,0.0,0.26666666666666666,76,0.0,1
771,2xhv12ewzg9g0bqriaxqrg9as,2022,2022-04-16 16:30:00,2022,4,sábado,16,Goiás EC,SE Palmeiras,Estádio Hailé Pinheiro (Serrinha),Braulio da Silva Machado,12.864,12864,16 de abril de 2022 16:30,1,1,draw,1,https://optaplayerstats.statsperform.com/pt_BR/soccer/brasileir%C3%A3o-s%C3%A9rie-a-2022/css9eoc46vca8gkmv5z7603ys/match/view/2xhv12ewzg9g0bqriaxqrg9as,1,4,0,0,0,0,0,1,0,0,0,0,0,0,2,0,4,0,0,0,0,,,,,,,,,,,1,,1.6,2.0,2.0,1.0,1.6,1.2,0.4,2.8,0.4,0.5333333333333333,77,0.4666666666666666,0
772,2wvxxpbztuyp0mriciz3vrml0,2022,2022-04-16 19:00:00,2022,4,sábado,19,América FC (Minas Gerais),EC Juventude,Estádio Raimundo Sampaio,Ramon Abatti,1.577,1577,16 de abril de 2022 19:00,4,1,home_win,0,https://optaplayerstats.statsperform.com/pt_BR/soccer/brasileir%C3%A3o-s%C3%A9rie-a-2022/css9eoc46vca8gkmv5z7603ys/match/view/2wvxxpbztuyp0mriciz3vrml0,4,3,0,0,0,1,0,1,0,1,0,1,0,0,5,3,3,1,1,1,0,1.6,2.0,2.0,1.0,1.2,0.4,0.8,2.4,0.4,0.5333333333333333,39,0.8666666666666667,1.4,2.0,1.0,2.0,1.0,1.2,-0.2,2.6,0.0,0.4666666666666667,39,0.26666666666666666,1
773,2x5cblujv70vho1054z5fkzys,2022,2022-04-16 19:00:00,2022,4,sábado,19,SC Corinthians Paulista,Avai FC,Neo Química Arena,Bruno Arleu de Araújo,30.335,30335,16 de abril de 2022 19:00,3,0,home_win,0,https://optaplayerstats.statsperform.com/pt_BR/soccer/brasileir%C3%A3o-s%C3%A9rie-a-2022/css9eoc46vca8gkmv5z7603ys/match/view/2x5cblujv70vho1054z5fkzys,3,1,0,0,0,0,0,0,1,0,0,0,0,0,3,3,2,0,0,0,0,1.4,2.0,1.0,2.0,1.2,1.0,0.2,3.2,0.2,0.4666666666666667,77,0.8666666666666667,,,,,,,,,,,1,,0
774,2xmot2h49zystny24nvb5ur6c,2022,2022-04-16 21:00:00,2022,4,sábado,21,Cuiabá EC,Fluminense FC,Arena Pantanal,Sávio Pereira Sampaio,10.791,10791,16 de abril de 2022 21:00,0,1,away_win,2,https://optaplayerstats.statsperform.com/pt_BR/soccer/brasileir%C3%A3o-s%C3%A9rie-a-2022/css9eoc46vca8gkmv5z7603ys/match/view/2xmot2h49zystny24nvb5ur6c,0,2,0,0,0,0,0,1,1,0,0,0,0,1,1,-1,3,0,0,0,1,1.4,2.0,1.0,2.0,0.8,1.0,-0.2,3.2,0.2,0.4666666666666667,39,0.6666666666666666,1.4,2.0,1.0,2.0,1.0,0.8,0.2,3.4,0.2,0.4666666666666667,77,0.0,1
775,2x8ivztw2w83qae09bti7shec,2022,2022-04-17 11:00:00,2022,4,domingo,11,Santos FC Sao Paulo,Coritiba FBC,Vila Belmiro,Wagner do Nascimento Magalhaes,13.051,13051,17 de abril de 2022 11:00,2,1,home_win,0,https://optaplayerstats.statsperform.com/pt_BR/soccer/brasileir%C3%A3o-s%C3%A9rie-a-2022/css9eoc46vca8gkmv5z7603ys/match/view/2x8ivztw2w83qae09bti7shec,2,2,0,0,0,0,1,1,4,0,0,0,1,0,3,1,6,0,0,1,1,1.8,2.0,3.0,0.0,1.0,0.4,0.6,1.8,0.0,0.6,77,0.6666666666666666,,,,,,,,,,,1,,0
776,2wz5imb63elcy0odeolly9b10,2022,2022-04-17 16:00:00,2022,4,domingo,16,CR Flamengo,São Paulo FC,Estádio Jornalista Mário Filho (Maracanã),Anderson Daronco,54.686,54686,17 de abril de 2022 16:00,3,1,home_win,0,https://optaplayerstats.statsperform.com/pt_BR/soccer/brasileir%C3%A3o-s%C3%A9rie-a-2022/css9eoc46vca8gkmv5z7603ys/match/view/2wz5imb63elcy0odeolly9b10,3,2,0,0,0,0,0,1,6,0,0,0,0,0,4,2,8,0,0,0,0,1.0,1.0,2.0,2.0,0.8,1.2,-0.4,3.2,0.0,0.3333333333333333,77,0.7999999999999999,1.8,3.0,0.0,2.0,1.8,1.2,0.6,2.0,0.0,0.6,77,0.26666666666666666,1
777,2x2ahh45ms93uwug566zmszro,2022,2022-04-17 18:00:00,2022,4,domingo,18,Red Bull Bragantino,Atlético Goianiense,Nabizão,Paulo Roberto Alves Júnior,2.351,2351,17 de abril de 2022 18:00,4,0,home_win,0,https://optaplayerstats.statsperform.com/pt_BR/soccer/brasileir%C3%A3o-s%C3%A9rie-a-2022/css9eoc46vca8gkmv5z7603ys/match/view/2x2ahh45ms93uwug566zmszro,4,1,0,0,0,0,0,0,4,0,0,0,0,0,4,4,5,0,0,0,0,1.0,1.0,2.0,2.0,1.4,1.6,-0.2,3.4,0.0,0.3333333333333333,77,0.6666666666666666,2.6,4.0,1.0,0.0,1.6,0.6,1.0,3.4,0.0,0.8666666666666667,77,0.4666666666666666,1
778,2xbkv6kfl7dhp4eiio2m942dw,2022,2022-04-17 18:00:00,2022,4,domingo,18,SC Internacional,Fortaleza EC,Beira-Rio,Flavio Rodrigues De Souza,31.783,31783,17 de abril de 2022 18:00,2,1,home_win,0,https://optaplayerstats.statsperform.com/pt_BR/soccer/brasileir%C3%A3o-s%C3%A9rie-a-2022/css9eoc46vca8gkmv5z7603ys/match/view/2xbkv6kfl7dhp4eiio2m942dw,2,5,0,0,0,0,0,1,5,0,0,0,1,0,3,1,10,0,0,1,0,0.2,0.0,1.0,4.0,0.4,1.4,-1.0,3.6,0.2,0.06666666666666667,77,0.4666666666666666,1.2,2.0,0.0,3.0,0.6,1.0,-0.4,2.8,0.2,0.4,77,0.0,1
779,2xq2l0ji9bc87vesj4l31mck4,2022,2022-04-17 18:00:00,2022,4,domingo,18,Club Athletico Paranaense,Clube Atlético Mineiro,Arena da Baixada,Wilton Pereira Sampaio,17.305,17305,17 de abril de 2022 18:00,0,1,away_win,2,https://optaplayerstats.statsperform.com/pt_BR/soccer/brasileir%C3%A3o-s%C3%A9rie-a-2022/css9eoc46vca8gkmv5z7603ys/match/view/2xq2l0ji9bc87vesj4l31mck4,0,2,0,0,0,0,0,1,3,0,0,0,0,0,1,-1,5,0,0,0,0,1.0,1.0,2.0,2.0,0.4,1.2,-0.8,2.4,0.0,0.3333333333333333,77,0.5333333333333333,2.4,4.0,0.0,1.0,2.8,2.0,0.8,2.6,0.0,0.8,77,0.4666666666666666,1
780,2xer81cud84tby3wme9g1yvpw,2022,2022-04-17 19:00:00,2022,4,domingo,19,Ceará SC,Botafogo FR,Castelão,Raphael Claus,33.734,33734,17 de abril de 2022 19:00,1,3,away_win,2,https://optaplayerstats.statsperform.com/pt_BR/soccer/brasileir%C3%A3o-s%C3%A9rie-a-2022/css9eoc46vca8gkmv5z7603ys/match/view/2xer81cud84tby3wme9g1yvpw,1,1,1,0,1,0,0,3,4,0,0,0,1,0,4,-2,5,1,1,1,0,1.4,2.0,1.0,2.0,1.2,1.2,0.0,2.8,0.2,0.4666666666666667,77,0.8666666666666667,,,,,,,,,,,1,,0
781,2ysngll8xroc4knt32ok4zqqc,2022,2022-04-20 19:30:00,2022,4,quarta-feira,19,CR Flamengo,SE Palmeiras,Estádio Jornalista Mário Filho (Maracanã),Wilton Pereira Sampaio,69.997,69997,20 de abril de 2022 19:30,0,0,draw,1,https://optaplayerstats.statsperform.com/pt_BR/soccer/brasileir%C3%A3o-s%C3%A9rie-a-2022/css9eoc46vca8gkmv5z7603ys/match/view/2ysngll8xroc4knt32ok4zqqc,0,3,0,0,0,0,0,0,4,0,0,0,0,0,0,0,7,0,0,0,0,1.0,1.0,2.0,2.0,1.0,1.2,-0.2,2.4,0.0,0.3333333333333333,78,0.7999999999999999,1.6,2.0,2.0,1.0,1.4,1.0,0.4,2.0,0.4,0.5333333333333333,78,0.3333333333333333,1
782,2xzmez3p00sci9k00bq3cdy50,2022,2022-04-23 16:30:00,2022,4,sábado,16,Red Bull Bragantino,São Paulo FC,Nabizão,Bruno Arleu de Araújo,8.040,8040,23 de abril de 2022 16:30,1,1,draw,1,https://optaplayerstats.statsperform.com/pt_BR/soccer/brasileir%C3%A3o-s%C3%A9rie-a-2022/css9eoc46vca8gkmv5z7603ys/match/view/2xzmez3p00sci9k00bq3cdy50,1,5,0,0,0,0,0,1,3,1,0,1,0,0,2,0,8,1,1,0,0,1.4,2.0,1.0,2.0,2.0,1.4,0.6,3.0,0.0,0.4666666666666667,78,0.6666666666666666,1.2,2.0,0.0,3.0,1.6,1.8,-0.2,3.2,0.0,0.4,78,0.26666666666666666,1
783,2ymbe3zqzosu01xzxp3at2djo,2022,2022-04-23 16:30:00,2022,4,sábado,16,Club Athletico Paranaense,CR Flamengo,Arena da Baixada,Raphael Claus,22.659,22659,23 de abril de 2022 16:30,1,0,home_win,0,https://optaplayerstats.statsperform.com/pt_BR/soccer/brasileir%C3%A3o-s%C3%A9rie-a-2022/css9eoc46vca8gkmv5z7603ys/match/view/2ymbe3zqzosu01xzxp3at2djo,1,4,0,0,0,1,0,0,2,0,0,0,0,0,1,1,6,0,0,1,0,1.0,1.0,2.0,2.0,0.4,1.2,-0.8,2.2,0.0,0.3333333333333333,78,0.4666666666666666,1.0,1.0,2.0,2.0,0.8,1.0,-0.2,2.4,0.0,0.3333333333333333,79,0.39999999999999997,1
784,2xwexvqygg3vaq3phu1lf39jo,2022,2022-04-23 19:00:00,2022,4,sábado,19,Fluminense FC,SC Internacional,Estádio Jornalista Mário Filho (Maracanã),Braulio da Silva Machado,16.176,16176,23 de abril de 2022 19:00,0,1,away_win,2,https://optaplayerstats.statsperform.com/pt_BR/soccer/brasileir%C3%A3o-s%C3%A9rie-a-2022/css9eoc46vca8gkmv5z7603ys/match/view/2xwexvqygg3vaq3phu1lf39jo,0,6,0,0,0,0,0,1,3,0,0,0,0,0,1,-1,9,0,0,0,0,1.4,2.0,1.0,2.0,1.0,0.8,0.2,2.6,0.2,0.4666666666666667,78,0.8666666666666667,0.8,1.0,1.0,3.0,0.8,1.4,-0.6,3.6,0.0,0.26666666666666666,78,0.0,1
785,2y2x0pbsy5b68jw2tt8oymuj8,2022,2022-04-23 19:00:00,2022,4,sábado,19,SE Palmeiras,SC Corinthians Paulista,Arena Barueri,Anderson Daronco,23.973,23973,23 de abril de 2022 19:00,3,0,home_win,0,https://optaplayerstats.statsperform.com/pt_BR/soccer/brasileir%C3%A3o-s%C3%A9rie-a-2022/css9eoc46vca8gkmv5z7603ys/match/view/2y2x0pbsy5b68jw2tt8oymuj8,3,1,0,0,0,0,0,0,2,0,0,0,0,0,3,3,3,0,0,0,0,1.2,1.0,3.0,1.0,0.8,0.8,0.0,2.4,0.0,0.4,79,0.4666666666666666,2.0,3.0,1.0,1.0,1.6,0.6,1.0,2.6,0.2,0.6666666666666666,78,0.19999999999999998,1
786,2xtcgsukuafkbn2tw7gq71ct0,2022,2022-04-23 21:00:00,2022,4,sábado,21,Clube Atlético Mineiro,Coritiba FBC,Estádio Raimundo Sampaio,Sávio Pereira Sampaio,19.974,19974,23 de abril de 2022 21:00,2,2,draw,1,https://optaplayerstats.statsperform.com/pt_BR/soccer/brasileir%C3%A3o-s%C3%A9rie-a-2022/css9eoc46vca8gkmv5z7603ys/match/view/2xtcgsukuafkbn2tw7gq71ct0,2,2,0,0,0,0,0,2,2,0,0,0,0,0,4,0,4,0,0,0,0,2.4,4.0,0.0,1.0,2.6,1.8,0.8,2.0,0.0,0.8,78,1.0,,,,,,,,,,,2,,0
787,2y62ktwyt97v2l0fam8910j6c,2022,2022-04-24 16:00:00,2022,4,domingo,16,Santos FC Sao Paulo,América FC (Minas Gerais),Vila Belmiro,Wilton Pereira Sampaio,10.374,10374,24 de abril de 2022 16:00,3,0,home_win,0,https://optaplayerstats.statsperform.com/pt_BR/soccer/brasileir%C3%A3o-s%C3%A9rie-a-2022/css9eoc46vca8gkmv5z7603ys/match/view/2y62ktwyt97v2l0fam8910j6c,3,2,0,0,0,0,0,0,0,0,0,0,0,0,3,3,2,0,0,0,0,1.8,2.0,3.0,0.0,1.0,0.6,0.4,1.6,0.0,0.6,78,0.8666666666666667,2.0,3.0,1.0,1.0,1.8,0.4,1.4,2.6,0.4,0.6666666666666666,40,0.3333333333333333,1
788,2y9devpm8wdv7xuton1qrvcwk,2022,2022-04-24 18:00:00,2022,4,domingo,18,EC Juventude,Cuiabá EC,Alfredo Jaconi,Paulo Roberto Alves Júnior,3.920,3920,24 de abril de 2022 18:00,0,1,away_win,2,https://optaplayerstats.statsperform.com/pt_BR/soccer/brasileir%C3%A3o-s%C3%A9rie-a-2022/css9eoc46vca8gkmv5z7603ys/match/view/2y9devpm8wdv7xuton1qrvcwk,0,2,0,1,1,0,0,1,4,0,0,0,1,0,1,-1,6,1,1,1,0,0.8,1.0,1.0,3.0,1.0,2.0,-1.0,1.8,0.2,0.26666666666666666,40,0.8666666666666667,1.4,2.0,1.0,2.0,0.6,0.6,0.0,2.8,0.2,0.4666666666666667,40,0.3333333333333333,1
789,2yftkaisk1l7zasktaobiem8k,2022,2022-04-24 18:30:00,2022,4,domingo,18,Atlético Goianiense,Botafogo FR,Estádio Antônio Accioly,Luiz Flávio de Oliveira,4.427,4427,24 de abril de 2022 18:30,1,1,draw,1,https://optaplayerstats.statsperform.com/pt_BR/soccer/brasileir%C3%A3o-s%C3%A9rie-a-2022/css9eoc46vca8gkmv5z7603ys/match/view/2yftkaisk1l7zasktaobiem8k,1,2,0,0,0,0,0,1,1,0,0,0,0,1,2,0,3,0,0,0,1,2.0,3.0,1.0,1.0,1.2,1.2,0.0,3.2,0.0,0.6666666666666666,78,0.6,,,,,,,,,,,2,,0
790,2yj0d91admredacrb3jw5ij2s,2022,2022-04-25 20:00:00,2022,4,segunda-feira,20,Avai FC,Goiás EC,Ressacada,Antonio Dib Moraes de Sousa,5.883,5883,25 de abril de 2022 20:00,3,2,home_win,0,https://optaplayerstats.statsperform.com/pt_BR/soccer/brasileir%C3%A3o-s%C3%A9rie-a-2022/css9eoc46vca8gkmv5z7603ys/match/view/2yj0d91admredacrb3jw5ij2s,3,5,1,0,1,1,0,2,5,0,0,0,1,0,5,1,10,1,1,1,0,,,,,,,,,,,2,,,,,,,,,,,,2,,0
791,2ypf6mwwu7o7p7np1m8lrws9g,2022,2022-04-30 16:30:00,2022,4,sábado,16,América FC (Minas Gerais),Club Athletico Paranaense,Estádio Raimundo Sampaio,Jefferson Ferreira de Moraes,2.433,2433,30 de abril de 2022 16:30,1,0,home_win,0,https://optaplayerstats.statsperform.com/pt_BR/soccer/brasileir%C3%A3o-s%C3%A9rie-a-2022/css9eoc46vca8gkmv5z7603ys/match/view/2ypf6mwwu7o7p7np1m8lrws9g,1,1,0,0,0,0,0,0,0,0,0,0,0,0,1,1,1,0,0,0,0,1.4,2.0,1.0,2.0,1.2,1.0,0.2,2.2,0.4,0.4666666666666667,41,0.8666666666666667,1.0,1.0,2.0,2.0,0.4,1.2,-0.8,2.2,0.0,0.3333333333333333,79,0.13333333333333333,1
792,2zbp6o5j9hy68k4duckt9h990,2022,2022-04-30 16:30:00,2022,4,sábado,16,Ceará SC,Red Bull Bragantino,Castelão,Ramon Abatti,23.211,23211,30 de abril de 2022 16:30,0,1,away_win,2,https://optaplayerstats.statsperform.com/pt_BR/soccer/brasileir%C3%A3o-s%C3%A9rie-a-2022/css9eoc46vca8gkmv5z7603ys/match/view/2zbp6o5j9hy68k4duckt9h990,0,1,0,0,0,0,0,1,6,1,0,1,0,0,1,-1,7,1,1,0,0,0.8,1.0,1.0,3.0,1.0,1.6,-0.6,2.4,0.4,0.26666666666666666,78,0.6666666666666666,1.6,2.0,2.0,1.0,2.2,1.4,0.8,3.4,0.0,0.5333333333333333,79,0.06666666666666667,1
793,2zfcdklmoll3rtuxumb9nr6s4,2022,2022-04-30 18:30:00,2022,4,sábado,18,Goiás EC,Clube Atlético Mineiro,Estádio Hailé Pinheiro (Serrinha),Bruno Arleu de Araújo,10.165,10165,30 de abril de 2022 18:30,2,2,draw,1,https://optaplayerstats.statsperform.com/pt_BR/soccer/brasileir%C3%A3o-s%C3%A9rie-a-2022/css9eoc46vca8gkmv5z7603ys/match/view/2zfcdklmoll3rtuxumb9nr6s4,2,5,0,0,0,1,0,2,4,0,0,0,0,0,4,0,9,0,0,1,0,,,,,,,,,,,3,,2.0,3.0,1.0,1.0,2.4,1.8,0.6,1.8,0.0,0.6666666666666666,79,0.6666666666666666,0
794,2zj1zr4ia9c2fbaor5omxjwus,2022,2022-04-30 19:00:00,2022,4,sábado,19,Cuiabá EC,Atlético Goianiense,Arena Pantanal,Douglas Marques das Flores,4.517,4517,30 de abril de 2022 19:00,1,1,draw,1,https://optaplayerstats.statsperform.com/pt_BR/soccer/brasileir%C3%A3o-s%C3%A9rie-a-2022/css9eoc46vca8gkmv5z7603ys/match/view/2zj1zr4ia9c2fbaor5omxjwus,1,2,0,0,0,0,0,1,0,0,0,0,0,0,2,0,2,0,0,0,0,2.0,3.0,1.0,1.0,0.8,0.4,0.4,2.4,0.0,0.6666666666666666,41,0.4666666666666666,1.6,2.0,2.0,1.0,1.2,1.4,-0.2,3.0,0.0,0.5333333333333333,79,0.4666666666666666,1
795,2z2lozs6n64c84vuhs36ilnv8,2022,2022-05-01 11:00:00,2022,5,domingo,11,Botafogo FR,EC Juventude,Estádio Nilton Santos,Braulio da Silva Machado,34.734,34734,1 de maio de 2022 11:00,1,1,draw,1,https://optaplayerstats.statsperform.com/pt_BR/soccer/brasileir%C3%A3o-s%C3%A9rie-a-2022/css9eoc46vca8gkmv5z7603ys/match/view/2z2lozs6n64c84vuhs36ilnv8,1,2,0,0,0,1,0,1,5,0,0,0,0,0,2,0,7,0,0,1,0,,,,,,,,,,,3,,0.8,1.0,1.0,3.0,1.0,2.0,-1.0,2.2,0.4,0.26666666666666666,41,0.06666666666666667,0
796,2yyyn71opnop5yau1kcelb0us,2022,2022-05-01 16:00:00,2022,5,domingo,16,SC Corinthians Paulista,Fortaleza EC,Neo Química Arena,Sávio Pereira Sampaio,37.018,37018,1 de maio de 2022 16:00,1,0,home_win,0,https://optaplayerstats.statsperform.com/pt_BR/soccer/brasileir%C3%A3o-s%C3%A9rie-a-2022/css9eoc46vca8gkmv5z7603ys/match/view/2yyyn71opnop5yau1kcelb0us,1,2,0,0,0,0,1,0,3,0,0,0,0,0,1,1,5,0,0,0,1,1.4,2.0,1.0,2.0,1.4,1.2,0.2,2.0,0.2,0.4666666666666667,79,0.8666666666666667,1.2,2.0,0.0,3.0,0.8,1.0,-0.2,3.4,0.2,0.4,78,0.0,1
797,2zmnwia0thu5jmnqr13cqzj84,2022,2022-05-01 16:00:00,2022,5,domingo,16,Coritiba FBC,Fluminense FC,Couto Pereira,Raphael Claus,24.622,24622,1 de maio de 2022 16:00,3,2,home_win,0,https://optaplayerstats.statsperform.com/pt_BR/soccer/brasileir%C3%A3o-s%C3%A9rie-a-2022/css9eoc46vca8gkmv5z7603ys/match/view/2zmnwia0thu5jmnqr13cqzj84,3,0,0,0,0,1,0,2,3,0,1,1,0,0,5,1,3,1,1,1,0,,,,,,,,,,,3,,1.4,2.0,1.0,2.0,0.8,0.6,0.2,3.2,0.2,0.4666666666666667,79,0.19999999999999998,0
798,2z88k8xin4bb4rrcybhkeabdg,2022,2022-05-01 19:00:00,2022,5,domingo,19,SC Internacional,Avai FC,Beira-Rio,Wilton Pereira Sampaio,20.808,20808,1 de maio de 2022 19:00,0,0,draw,1,https://optaplayerstats.statsperform.com/pt_BR/soccer/brasileir%C3%A3o-s%C3%A9rie-a-2022/css9eoc46vca8gkmv5z7603ys/match/view/2z88k8xin4bb4rrcybhkeabdg,0,2,0,0,0,0,0,0,4,0,0,0,0,0,0,0,6,0,0,0,0,1.2,2.0,0.0,3.0,0.8,1.2,-0.4,4.0,0.0,0.4,79,0.4666666666666666,,,,,,,,,,,3,,0
799,2yvto5ewbiq9p0ue4co3z0h78,2022,2022-05-02 20:00:00,2022,5,segunda-feira,20,São Paulo FC,Santos FC Sao Paulo,Morumbi,Leandro Pedro Vuaden,36.746,36746,2 de maio de 2022 20:00,2,1,home_win,0,https://optaplayerstats.statsperform.com/pt_BR/soccer/brasileir%C3%A3o-s%C3%A9rie-a-2022/css9eoc46vca8gkmv5z7603ys/match/view/2yvto5ewbiq9p0ue4co3z0h78,2,3,0,0,0,1,0,1,5,0,0,0,0,0,3,1,8,0,0,1,0,1.4,2.0,1.0,2.0,1.8,1.4,0.4,3.4,0.2,0.4666666666666667,79,0.6666666666666666,2.2,3.0,2.0,0.0,1.4,0.4,1.0,1.6,0.0,0.7333333333333333,79,0.39999999999999997,1
800,2zpxme2it4bibs8mob79q22ac,2022,2022-05-07 16:30:00,2022,5,sábado,16,Clube Atlético Mineiro,América FC (Minas Gerais),Estádio Raimundo Sampaio,Wilton Pereira Sampaio,14.629,14629,7 de maio de 2022 16:30,1,2,away_win,2,https://optaplayerstats.statsperform.com/pt_BR/soccer/brasileir%C3%A3o-s%C3%A9rie-a-2022/css9eoc46vca8gkmv5z7603ys/match/view/2zpxme2it4bibs8mob79q22ac,1,4,0,0,0,0,0,2,4,0,1,1,1,0,3,-1,8,1,1,1,0,1.6,2.0,2.0,1.0,2.0,1.6,0.4,2.4,0.0,0.5333333333333333,80,0.8666666666666667,1.8,3.0,0.0,2.0,1.4,1.0,0.4,2.0,0.4,0.6,42,0.13333333333333333,1
801,30j4pdvngp2cayykat59lttzo,2022,2022-05-07 20:30:00,2022,5,sábado,20,Club Athletico Paranaense,Ceará SC,Arena da Baixada,Leandro Pedro Vuaden,12.325,12325,7 de maio de 2022 20:30,1,0,home_win,0,https://optaplayerstats.statsperform.com/pt_BR/soccer/brasileir%C3%A3o-s%C3%A9rie-a-2022/css9eoc46vca8gkmv5z7603ys/match/view/30j4pdvngp2cayykat59lttzo,1,5,0,0,0,0,0,0,5,0,0,0,0,0,1,1,10,0,0,0,0,0.8,1.0,1.0,3.0,0.4,1.4,-1.0,2.0,0.0,0.26666666666666666,80,0.4666666666666666,0.8,1.0,1.0,3.0,0.8,1.4,-0.6,2.4,0.4,0.26666666666666666,79,0.4666666666666666,1
802,2zte8o66sfhd0jmvoaqbvxuz8,2022,2022-05-08 11:00:00,2022,5,domingo,11,CR Flamengo,Botafogo FR,Estádio Nacional,Anderson Daronco,54.981,54981,8 de maio de 2022 11:00,0,1,away_win,2,https://optaplayerstats.statsperform.com/pt_BR/soccer/brasileir%C3%A3o-s%C3%A9rie-a-2022/css9eoc46vca8gkmv5z7603ys/match/view/2zte8o66sfhd0jmvoaqbvxuz8,0,1,0,0,0,0,0,1,4,0,0,0,0,0,1,-1,5,0,0,0,0,1.0,1.0,2.0,2.0,0.8,1.0,-0.2,2.2,0.0,0.3333333333333333,80,0.6666666666666666,,,,,,,,,,,4,,0
803,2zzp27serrmwr7nbpt73c3od0,2022,2022-05-08 16:00:00,2022,5,domingo,16,SE Palmeiras,Fluminense FC,Allianz Parque,Sávio Pereira Sampaio,28.776,28776,8 de maio de 2022 16:00,1,1,draw,1,https://optaplayerstats.statsperform.com/pt_BR/soccer/brasileir%C3%A3o-s%C3%A9rie-a-2022/css9eoc46vca8gkmv5z7603ys/match/view/2zzp27serrmwr7nbpt73c3od0,1,2,0,0,0,0,0,1,3,0,0,0,0,0,2,0,5,0,0,0,0,1.6,2.0,2.0,1.0,1.4,0.8,0.6,2.4,0.0,0.5333333333333333,80,0.4666666666666666,1.4,2.0,1.0,2.0,1.2,0.8,0.4,2.8,0.2,0.4666666666666667,80,0.19999999999999998,1
804,30cus6ty7k7ihnmgxhm6jhct0,2022,2022-05-08 16:00:00,2022,5,domingo,16,Atlético Goianiense,Goiás EC,Estádio Antônio Accioly,Wagner do Nascimento Magalhaes,5.431,5431,8 de maio de 2022 16:00,0,1,away_win,2,https://optaplayerstats.statsperform.com/pt_BR/soccer/brasileir%C3%A3o-s%C3%A9rie-a-2022/css9eoc46vca8gkmv5z7603ys/match/view/30cus6ty7k7ihnmgxhm6jhct0,0,4,0,0,0,0,0,1,3,0,1,1,0,0,1,-1,7,1,1,0,0,1.2,1.0,3.0,1.0,1.0,1.4,-0.4,2.6,0.0,0.4,80,0.6,,,,,,,,,,,4,,0
805,2zwlm13pig9a9mqc2nfxuv0gk,2022,2022-05-08 18:00:00,2022,5,domingo,18,Red Bull Bragantino,SC Corinthians Paulista,Nabizão,Raphael Claus,9.993,9993,8 de maio de 2022 18:00,0,1,away_win,2,https://optaplayerstats.statsperform.com/pt_BR/soccer/brasileir%C3%A3o-s%C3%A9rie-a-2022/css9eoc46vca8gkmv5z7603ys/match/view/2zwlm13pig9a9mqc2nfxuv0gk,0,1,0,0,0,0,0,1,2,0,0,0,0,0,1,-1,3,0,0,0,0,2.2,3.0,2.0,0.0,1.8,0.6,1.2,4.2,0.2,0.7333333333333333,80,0.7333333333333334,1.8,3.0,0.0,2.0,1.4,1.0,0.4,2.2,0.2,0.6,80,0.19999999999999998,1
806,302yz3kiskadkt9f2e3u5m32s,2022,2022-05-08 18:00:00,2022,5,domingo,18,Santos FC Sao Paulo,Cuiabá EC,Vila Belmiro,Braulio da Silva Machado,7.256,7256,8 de maio de 2022 18:00,4,1,home_win,0,https://optaplayerstats.statsperform.com/pt_BR/soccer/brasileir%C3%A3o-s%C3%A9rie-a-2022/css9eoc46vca8gkmv5z7603ys/match/view/302yz3kiskadkt9f2e3u5m32s,4,1,0,0,0,0,0,1,2,0,0,0,0,0,5,3,3,0,0,0,0,1.6,2.0,2.0,1.0,1.4,0.8,0.6,2.0,0.0,0.5333333333333333,80,0.8666666666666667,1.6,2.0,2.0,1.0,0.8,0.6,0.2,2.6,0.0,0.5333333333333333,42,0.5333333333333333,1
807,3069nn58x98w2i7qvkigfs1lg,2022,2022-05-08 19:00:00,2022,5,domingo,19,EC Juventude,SC Internacional,Alfredo Jaconi,Bruno Arleu de Araújo,7.341,7341,8 de maio de 2022 19:00,1,1,draw,1,https://optaplayerstats.statsperform.com/pt_BR/soccer/brasileir%C3%A3o-s%C3%A9rie-a-2022/css9eoc46vca8gkmv5z7603ys/match/view/3069nn58x98w2i7qvkigfs1lg,1,5,0,0,0,0,0,1,5,0,0,0,0,0,2,0,10,0,0,0,0,1.0,1.0,2.0,2.0,1.0,1.6,-0.6,2.6,0.4,0.3333333333333333,42,0.6666666666666666,1.4,2.0,1.0,2.0,0.6,0.8,-0.2,3.8,0.0,0.4666666666666667,80,0.19999999999999998,1
808,309hgeu52dvqjhygpaawkkgt0,2022,2022-05-08 19:00:00,2022,5,domingo,19,Fortaleza EC,São Paulo FC,Castelão,Ramon Abatti,25.518,25518,8 de maio de 2022 19:00,1,1,draw,1,https://optaplayerstats.statsperform.com/pt_BR/soccer/brasileir%C3%A3o-s%C3%A9rie-a-2022/css9eoc46vca8gkmv5z7603ys/match/view/309hgeu52dvqjhygpaawkkgt0,1,2,0,0,0,0,0,1,3,0,0,0,0,0,2,0,5,0,0,0,0,0.6,1.0,0.0,4.0,0.6,1.2,-0.6,3.6,0.2,0.2,79,0.6,1.4,2.0,1.0,2.0,1.6,1.4,0.2,3.0,0.2,0.4666666666666667,80,0.26666666666666666,1
809,30g16ausnct3t7v1e9lbjwlxw,2022,2022-05-09 20:00:00,2022,5,segunda-feira,20,Avai FC,Coritiba FBC,Ressacada,Jefferson Ferreira de Moraes,8.548,8548,9 de maio de 2022 20:00,2,1,home_win,0,https://optaplayerstats.statsperform.com/pt_BR/soccer/brasileir%C3%A3o-s%C3%A9rie-a-2022/css9eoc46vca8gkmv5z7603ys/match/view/30g16ausnct3t7v1e9lbjwlxw,2,3,0,0,0,2,0,1,3,0,0,0,0,0,3,1,6,0,0,1,0,,,,,,,,,,,4,,,,,,,,,,,,4,,0
810,31tml9gt4p9aclpv7vb4k5w5w,2022,2022-05-11 20:30:00,2022,5,quarta-feira,20,Red Bull Bragantino,Clube Atlético Mineiro,Nabizão,Braulio da Silva Machado,5.222,5222,11 de maio de 2022 20:30,1,1,draw,1,https://optaplayerstats.statsperform.com/pt_BR/soccer/brasileir%C3%A3o-s%C3%A9rie-a-2022/css9eoc46vca8gkmv5z7603ys/match/view/31tml9gt4p9aclpv7vb4k5w5w,1,4,1,0,1,0,0,1,3,0,0,0,0,0,2,0,7,1,1,0,0,1.6,2.0,2.0,1.0,1.6,0.8,0.8,3.6,0.2,0.5333333333333333,81,0.5333333333333333,1.6,2.0,2.0,1.0,1.6,1.2,0.4,3.0,0.0,0.5333333333333333,81,0.5333333333333333,1
811,30yesrce0jlugx1j0m0wawzkk,2022,2022-05-14 16:30:00,2022,5,sábado,16,SE Palmeiras,Red Bull Bragantino,Allianz Parque,Flavio Rodrigues De Souza,2.599,2599,14 de maio de 2022 16:30,2,0,home_win,0,https://optaplayerstats.statsperform.com/pt_BR/soccer/brasileir%C3%A3o-s%C3%A9rie-a-2022/css9eoc46vca8gkmv5z7603ys/match/view/30yesrce0jlugx1j0m0wawzkk,2,2,0,0,0,1,0,0,2,0,0,0,0,0,2,2,4,0,0,1,0,1.2,1.0,3.0,1.0,1.4,1.0,0.4,2.4,0.0,0.4,81,0.5333333333333333,1.6,2.0,2.0,1.0,1.4,0.6,0.8,3.4,0.4,0.5333333333333333,82,0.26666666666666666,1
812,3193ti85h428w9hd5ebholwyc,2022,2022-05-14 16:30:00,2022,5,sábado,16,Ceará SC,CR Flamengo,Castelão,Luiz Flávio de Oliveira,52.139,52139,14 de maio de 2022 16:30,2,2,draw,1,https://optaplayerstats.statsperform.com/pt_BR/soccer/brasileir%C3%A3o-s%C3%A9rie-a-2022/css9eoc46vca8gkmv5z7603ys/match/view/3193ti85h428w9hd5ebholwyc,2,5,0,0,0,0,0,2,5,0,0,0,0,0,4,0,10,0,0,0,0,0.6,1.0,0.0,4.0,0.8,1.6,-0.8,3.4,0.4,0.2,80,0.4666666666666666,1.0,1.0,2.0,2.0,0.8,0.8,0.0,2.0,0.0,0.3333333333333333,81,0.19999999999999998,1
813,30mh1b7allphjqnw293a4oglw,2022,2022-05-14 19:00:00,2022,5,sábado,19,Clube Atlético Mineiro,Atlético Goianiense,Estádio Raimundo Sampaio,Anderson Daronco,20.749,20749,14 de maio de 2022 19:00,2,0,home_win,0,https://optaplayerstats.statsperform.com/pt_BR/soccer/brasileir%C3%A3o-s%C3%A9rie-a-2022/css9eoc46vca8gkmv5z7603ys/match/view/30mh1b7allphjqnw293a4oglw,2,1,0,0,0,0,1,0,2,0,0,0,0,0,2,2,3,0,0,0,1,1.2,1.0,3.0,1.0,1.4,1.4,0.0,3.2,0.0,0.4,82,0.6666666666666666,0.6,0.0,3.0,2.0,0.6,1.6,-1.0,2.6,0.0,0.2,81,0.5333333333333333,1
814,315rv0ebu9va29zcodqe1egwk,2022,2022-05-14 19:00:00,2022,5,sábado,19,SC Internacional,SC Corinthians Paulista,Beira-Rio,Braulio da Silva Machado,18.482,18482,14 de maio de 2022 19:00,2,2,draw,1,https://optaplayerstats.statsperform.com/pt_BR/soccer/brasileir%C3%A3o-s%C3%A9rie-a-2022/css9eoc46vca8gkmv5z7603ys/match/view/315rv0ebu9va29zcodqe1egwk,2,3,0,0,0,0,0,2,3,0,0,0,0,0,4,0,6,0,0,0,0,1.6,2.0,2.0,1.0,0.8,0.8,0.0,3.8,0.0,0.5333333333333333,81,0.3333333333333333,2.4,4.0,0.0,1.0,1.6,0.8,0.8,2.2,0.0,0.8,81,0.39999999999999997,1
815,30pxa7388m1exh3iqtnh38v10,2022,2022-05-14 21:00:00,2022,5,sábado,21,Fluminense FC,Club Athletico Paranaense,Estádio Municipal General Raulino de Oliveira,Ramon Abatti,4.722,4722,14 de maio de 2022 21:00,2,1,home_win,0,https://optaplayerstats.statsperform.com/pt_BR/soccer/brasileir%C3%A3o-s%C3%A9rie-a-2022/css9eoc46vca8gkmv5z7603ys/match/view/30pxa7388m1exh3iqtnh38v10,2,3,0,0,0,0,0,1,2,0,0,0,0,0,3,1,5,0,0,0,0,1.0,1.0,2.0,2.0,0.8,1.0,-0.2,2.8,0.2,0.3333333333333333,81,0.6666666666666666,1.2,2.0,0.0,3.0,0.4,1.2,-0.8,2.8,0.0,0.4,81,0.13333333333333333,1
816,30uzrwd4paj09zkobgibxnnys,2022,2022-05-15 16:00:00,2022,5,domingo,16,São Paulo FC,Cuiabá EC,Morumbi,Alexandre Vargas Tavares de Jesus,27.511,27511,15 de maio de 2022 16:00,2,1,home_win,0,https://optaplayerstats.statsperform.com/pt_BR/soccer/brasileir%C3%A3o-s%C3%A9rie-a-2022/css9eoc46vca8gkmv5z7603ys/match/view/30uzrwd4paj09zkobgibxnnys,2,2,0,0,0,1,0,1,1,1,0,1,0,0,3,1,3,1,1,1,0,1.6,2.0,2.0,1.0,1.8,1.2,0.6,3.2,0.2,0.5333333333333333,81,0.8666666666666667,1.4,2.0,1.0,2.0,0.8,1.2,-0.4,2.6,0.0,0.4666666666666667,43,0.4666666666666666,1
817,31jhage6u02c6xbs7sh5icwlw,2022,2022-05-15 17:30:00,2022,5,domingo,17,Coritiba FBC,América FC (Minas Gerais),Couto Pereira,Bruno Arleu de Araújo,19.040,19040,15 de maio de 2022 17:30,1,0,home_win,0,https://optaplayerstats.statsperform.com/pt_BR/soccer/brasileir%C3%A3o-s%C3%A9rie-a-2022/css9eoc46vca8gkmv5z7603ys/match/view/31jhage6u02c6xbs7sh5icwlw,1,2,0,0,0,0,0,0,5,0,1,1,0,0,1,1,7,1,1,0,0,1.4,2.0,1.0,2.0,2.0,1.6,0.4,2.2,0.0,0.4666666666666667,5,,1.8,3.0,0.0,2.0,1.4,1.2,0.2,2.2,0.6,0.6,43,0.3333333333333333,1
818,3123fqgd0peft9ej4f46klkb8,2022,2022-05-15 18:00:00,2022,5,domingo,18,Botafogo FR,Fortaleza EC,Estádio Nilton Santos,Jefferson Ferreira de Moraes,23.616,23616,15 de maio de 2022 18:00,3,1,home_win,0,https://optaplayerstats.statsperform.com/pt_BR/soccer/brasileir%C3%A3o-s%C3%A9rie-a-2022/css9eoc46vca8gkmv5z7603ys/match/view/3123fqgd0peft9ej4f46klkb8,3,3,0,0,0,0,0,1,1,0,1,1,0,0,4,2,4,1,1,0,0,1.6,2.0,2.0,1.0,1.4,1.2,0.2,2.4,0.0,0.5333333333333333,5,,0.8,1.0,1.0,3.0,0.8,1.2,-0.4,3.2,0.0,0.26666666666666666,80,0.0,1
819,31fu1gua0k5wj9f75jumsvj10,2022,2022-05-15 18:00:00,2022,5,domingo,18,Avai FC,EC Juventude,Ressacada,Douglas Marques das Flores,9.355,9355,15 de maio de 2022 18:00,1,2,away_win,2,https://optaplayerstats.statsperform.com/pt_BR/soccer/brasileir%C3%A3o-s%C3%A9rie-a-2022/css9eoc46vca8gkmv5z7603ys/match/view/31fu1gua0k5wj9f75jumsvj10,1,2,0,0,0,0,0,2,5,2,0,2,0,0,3,-1,7,2,1,0,0,2.0,3.0,1.0,1.0,1.2,1.2,0.0,3.2,0.2,0.6666666666666666,5,1.0,0.6,0.0,3.0,2.0,1.0,1.8,-0.8,3.4,0.4,0.2,43,0.13333333333333333,1
820,31cen0thi8ygh9pcy9aaajy8k,2022,2022-05-15 19:00:00,2022,5,domingo,19,Goiás EC,Santos FC Sao Paulo,Estádio Hailé Pinheiro (Serrinha),Marcelo de Lima Henrique,9.538,9538,15 de maio de 2022 19:00,1,0,home_win,0,https://optaplayerstats.statsperform.com/pt_BR/soccer/brasileir%C3%A3o-s%C3%A9rie-a-2022/css9eoc46vca8gkmv5z7603ys/match/view/31cen0thi8ygh9pcy9aaajy8k,1,0,0,0,0,1,0,0,1,0,0,0,0,0,1,1,1,0,0,1,0,1.0,1.0,2.0,2.0,1.2,1.8,-0.6,4.2,0.2,0.3333333333333333,5,,2.0,3.0,1.0,1.0,2.0,0.8,1.2,2.0,0.0,0.6666666666666666,81,0.3333333333333333,1
821,31q8lm8eysk3v2gy9k49vimms,2022,2022-05-21 16:30:00,2022,5,sábado,16,CR Flamengo,Goiás EC,Estádio Jornalista Mário Filho (Maracanã),Braulio da Silva Machado,51.692,51692,21 de maio de 2022 16:30,1,0,home_win,0,https://optaplayerstats.statsperform.com/pt_BR/soccer/brasileir%C3%A3o-s%C3%A9rie-a-2022/css9eoc46vca8gkmv5z7603ys/match/view/31q8lm8eysk3v2gy9k49vimms,1,1,0,0,0,0,0,0,3,0,0,0,0,0,1,1,4,0,0,0,0,1.0,1.0,2.0,2.0,1.0,1.0,0.0,2.6,0.0,0.3333333333333333,82,0.4666666666666666,1.6,2.0,2.0,1.0,1.4,1.2,0.2,3.4,0.2,0.5333333333333333,6,0.3333333333333333,1
822,32aiwf6yuz14gdu8mf62jlno4,2022,2022-05-21 16:30:00,2022,5,sábado,16,Atlético Goianiense,Coritiba FBC,Estádio Antônio Accioly,Luiz Flávio de Oliveira,4.676,4676,21 de maio de 2022 16:30,2,0,home_win,0,https://optaplayerstats.statsperform.com/pt_BR/soccer/brasileir%C3%A3o-s%C3%A9rie-a-2022/css9eoc46vca8gkmv5z7603ys/match/view/32aiwf6yuz14gdu8mf62jlno4,2,4,0,0,0,0,0,0,2,2,0,2,0,0,2,2,6,2,1,0,0,0.4,0.0,2.0,3.0,0.4,1.8,-1.4,2.4,0.0,0.13333333333333333,82,0.5333333333333333,1.4,2.0,1.0,2.0,1.6,1.6,0.0,2.2,0.0,0.4666666666666667,6,0.1111111111111111,1
823,320bu25srdmjaud3k50kmp3x0,2022,2022-05-21 18:30:00,2022,5,sábado,18,Santos FC Sao Paulo,Ceará SC,Arena Barueri,Sávio Pereira Sampaio,25.797,25797,21 de maio de 2022 18:30,0,0,draw,1,https://optaplayerstats.statsperform.com/pt_BR/soccer/brasileir%C3%A3o-s%C3%A9rie-a-2022/css9eoc46vca8gkmv5z7603ys/match/view/320bu25srdmjaud3k50kmp3x0,0,1,0,0,0,0,0,0,5,1,0,1,0,0,0,0,6,1,1,0,0,1.8,3.0,0.0,2.0,2.0,1.0,1.0,2.2,0.0,0.6,82,0.8666666666666667,0.8,1.0,1.0,3.0,1.2,1.8,-0.6,4.4,0.4,0.26666666666666666,81,0.26666666666666666,1
824,323ka04kas2uryh7592osu2vo,2022,2022-05-21 19:00:00,2022,5,sábado,19,EC Juventude,SE Palmeiras,Alfredo Jaconi,Marcelo de Lima Henrique,5.513,5513,21 de maio de 2022 19:00,0,3,away_win,2,https://optaplayerstats.statsperform.com/pt_BR/soccer/brasileir%C3%A3o-s%C3%A9rie-a-2022/css9eoc46vca8gkmv5z7603ys/match/view/323ka04kas2uryh7592osu2vo,0,3,0,0,0,0,0,3,1,0,0,0,0,0,3,-3,4,0,0,0,0,1.0,1.0,2.0,2.0,1.0,1.6,-0.6,3.4,0.8,0.3333333333333333,44,0.5333333333333333,1.8,2.0,3.0,0.0,1.4,0.4,1.0,1.8,0.0,0.6,82,0.39999999999999997,1
825,31mtfimw1ueoanf8a546m0u1g,2022,2022-05-21 21:00:00,2022,5,sábado,21,América FC (Minas Gerais),Botafogo FR,Estádio Raimundo Sampaio,Raphael Claus,4.236,4236,21 de maio de 2022 21:00,1,1,draw,1,https://optaplayerstats.statsperform.com/pt_BR/soccer/brasileir%C3%A3o-s%C3%A9rie-a-2022/css9eoc46vca8gkmv5z7603ys/match/view/31mtfimw1ueoanf8a546m0u1g,1,2,0,0,0,0,0,1,1,0,0,0,0,0,2,0,3,0,0,0,0,1.8,3.0,0.0,2.0,1.4,1.2,0.2,2.6,0.4,0.6,44,0.8666666666666667,2.2,3.0,2.0,0.0,1.8,0.8,1.0,2.8,0.0,0.7333333333333333,6,0.7777777777777778,1
826,32eb1eyok2akl8yr0yxn5fx1w,2022,2022-05-21 21:00:00,2022,5,sábado,21,Cuiabá EC,SC Internacional,Arena Pantanal,Ramon Abatti,7.968,7968,21 de maio de 2022 21:00,1,1,draw,1,https://optaplayerstats.statsperform.com/pt_BR/soccer/brasileir%C3%A3o-s%C3%A9rie-a-2022/css9eoc46vca8gkmv5z7603ys/match/view/32eb1eyok2akl8yr0yxn5fx1w,1,2,2,1,3,0,0,1,8,0,0,0,1,0,2,0,10,3,1,1,0,0.8,1.0,1.0,3.0,0.8,1.6,-0.8,2.2,0.2,0.26666666666666666,44,0.4666666666666666,1.8,2.0,3.0,0.0,1.2,0.8,0.4,3.6,0.0,0.6,82,0.26666666666666666,1
827,31wyi2hgnll8q58xhvd0lti50,2022,2022-05-22 16:00:00,2022,5,domingo,16,SC Corinthians Paulista,São Paulo FC,Neo Química Arena,Wilton Pereira Sampaio,44.672,44672,22 de maio de 2022 16:00,1,1,draw,1,https://optaplayerstats.statsperform.com/pt_BR/soccer/brasileir%C3%A3o-s%C3%A9rie-a-2022/css9eoc46vca8gkmv5z7603ys/match/view/31wyi2hgnll8q58xhvd0lti50,1,2,0,0,0,0,0,1,3,0,0,0,0,0,2,0,5,0,0,0,0,2.0,3.0,1.0,1.0,1.4,1.0,0.4,2.0,0.0,0.6666666666666666,82,0.8666666666666667,1.6,2.0,2.0,1.0,1.4,1.4,0.0,3.4,0.2,0.5333333333333333,82,0.13333333333333333,1
828,326vq97cr2632r3cpphws3axg,2022,2022-05-22 16:00:00,2022,5,domingo,16,Fortaleza EC,Fluminense FC,Castelão,Anderson Daronco,37.507,37507,22 de maio de 2022 16:00,0,1,away_win,2,https://optaplayerstats.statsperform.com/pt_BR/soccer/brasileir%C3%A3o-s%C3%A9rie-a-2022/css9eoc46vca8gkmv5z7603ys/match/view/326vq97cr2632r3cpphws3axg,0,1,0,0,0,0,0,1,1,0,0,0,0,0,1,-1,2,0,0,0,0,0.2,0.0,1.0,4.0,0.6,1.6,-1.0,2.6,0.2,0.06666666666666667,81,0.6666666666666666,1.4,2.0,1.0,2.0,1.2,1.2,0.0,3.2,0.2,0.4666666666666667,82,0.26666666666666666,1
829,32jx1lez2gu7t5bfnvdop1kb8,2022,2022-05-22 19:00:00,2022,5,domingo,19,Club Athletico Paranaense,Avai FC,Arena da Baixada,Flavio Rodrigues De Souza,15.949,15949,22 de maio de 2022 19:00,2,1,home_win,0,https://optaplayerstats.statsperform.com/pt_BR/soccer/brasileir%C3%A3o-s%C3%A9rie-a-2022/css9eoc46vca8gkmv5z7603ys/match/view/32jx1lez2gu7t5bfnvdop1kb8,2,2,0,0,0,1,0,1,6,0,0,0,1,0,3,1,8,0,0,1,0,1.2,2.0,0.0,3.0,0.6,0.8,-0.2,2.6,0.0,0.4,82,0.6666666666666666,1.4,2.0,1.0,2.0,1.2,1.6,-0.4,3.0,0.2,0.4666666666666667,6,,1
830,33ckuldndsgbax9a66sljpgd0,2022,2022-05-28 16:30:00,2022,5,sábado,16,Goiás EC,Red Bull Bragantino,Estádio Hailé Pinheiro (Serrinha),Ramon Abatti,6.283,6283,28 de maio de 2022 16:30,1,1,draw,1,https://optaplayerstats.statsperform.com/pt_BR/soccer/brasileir%C3%A3o-s%C3%A9rie-a-2022/css9eoc46vca8gkmv5z7603ys/match/view/33ckuldndsgbax9a66sljpgd0,1,2,0,0,0,0,0,1,3,1,0,1,0,0,2,0,5,1,1,0,0,1.4,2.0,1.0,2.0,1.2,1.2,0.0,3.2,0.2,0.4666666666666667,7,0.5555555555555556,1.0,1.0,2.0,2.0,0.6,1.0,-0.4,3.6,0.4,0.3333333333333333,83,0.26666666666666666,1
831,32uep0lsa6dqnozpssiz83310,2022,2022-05-28 19:00:00,2022,5,sábado,19,São Paulo FC,Ceará SC,Morumbi,Bruno Arleu de Araújo,32.977,32977,28 de maio de 2022 19:00,2,2,draw,1,https://optaplayerstats.statsperform.com/pt_BR/soccer/brasileir%C3%A3o-s%C3%A9rie-a-2022/css9eoc46vca8gkmv5z7603ys/match/view/32uep0lsa6dqnozpssiz83310,2,3,0,1,1,0,0,2,6,0,0,0,0,0,4,0,9,1,1,0,0,1.8,2.0,3.0,0.0,1.4,1.0,0.4,2.8,0.2,0.6,83,1.0,0.4,0.0,2.0,3.0,0.6,1.4,-0.8,3.4,0.4,0.13333333333333333,82,0.26666666666666666,1
832,3393b9qr1tft5jz5japybmhp0,2022,2022-05-28 20:30:00,2022,5,sábado,20,Fortaleza EC,EC Juventude,Castelão,André Luiz de Freitas Castro,22.466,22466,28 de maio de 2022 20:30,1,1,draw,1,https://optaplayerstats.statsperform.com/pt_BR/soccer/brasileir%C3%A3o-s%C3%A9rie-a-2022/css9eoc46vca8gkmv5z7603ys/match/view/3393b9qr1tft5jz5japybmhp0,1,2,0,0,0,0,0,1,3,0,0,0,0,0,2,0,5,0,0,0,0,0.2,0.0,1.0,4.0,0.6,1.6,-1.0,2.4,0.2,0.06666666666666667,82,0.4666666666666666,1.0,1.0,2.0,2.0,0.8,1.4,-0.6,4.0,0.6,0.3333333333333333,45,0.26666666666666666,1
833,3320baw3r4xs5nq7gfzoeeyvo,2022,2022-05-29 16:00:00,2022,5,domingo,16,Santos FC Sao Paulo,SE Palmeiras,Vila Belmiro,Luiz Flávio de Oliveira,14.220,14220,29 de maio de 2022 16:00,0,1,away_win,2,https://optaplayerstats.statsperform.com/pt_BR/soccer/brasileir%C3%A3o-s%C3%A9rie-a-2022/css9eoc46vca8gkmv5z7603ys/match/view/3320baw3r4xs5nq7gfzoeeyvo,0,5,0,0,0,0,0,1,1,0,0,0,0,0,1,-1,6,0,0,0,0,1.4,2.0,1.0,2.0,1.6,0.8,0.8,2.0,0.0,0.4666666666666667,83,0.7333333333333334,2.2,3.0,2.0,0.0,1.8,0.2,1.6,2.0,0.0,0.7333333333333333,83,0.6,1
834,33je2hnvnk7865nvy2lcvnkes,2022,2022-05-29 16:00:00,2022,5,domingo,16,Coritiba FBC,Botafogo FR,Couto Pereira,Braulio da Silva Machado,20.302,20302,29 de maio de 2022 16:00,1,0,home_win,0,https://optaplayerstats.statsperform.com/pt_BR/soccer/brasileir%C3%A3o-s%C3%A9rie-a-2022/css9eoc46vca8gkmv5z7603ys/match/view/33je2hnvnk7865nvy2lcvnkes,1,5,0,0,0,0,0,0,3,0,0,0,0,0,1,1,8,0,0,0,0,1.4,2.0,1.0,2.0,1.4,1.6,-0.2,1.8,0.4,0.4666666666666667,7,1.0,1.8,2.0,3.0,0.0,1.4,0.8,0.6,2.2,0.0,0.6,7,0.6666666666666666,1
835,32qvtu0eujyjkf7cb5c0pe49g,2022,2022-05-29 18:00:00,2022,5,domingo,18,Fluminense FC,CR Flamengo,Estádio Jornalista Mário Filho (Maracanã),Raphael Claus,57.919,57919,29 de maio de 2022 18:00,1,2,away_win,2,https://optaplayerstats.statsperform.com/pt_BR/soccer/brasileir%C3%A3o-s%C3%A9rie-a-2022/css9eoc46vca8gkmv5z7603ys/match/view/32qvtu0eujyjkf7cb5c0pe49g,1,3,1,0,1,0,0,2,5,1,0,1,0,0,3,-1,8,2,1,0,0,1.4,2.0,1.0,2.0,1.2,1.2,0.0,3.2,0.2,0.4666666666666667,83,0.6666666666666666,1.0,1.0,2.0,2.0,0.6,0.8,-0.2,2.4,0.0,0.3333333333333333,83,0.19999999999999998,1
836,32y5amnghv00a419nsne42ln8,2022,2022-05-29 18:00:00,2022,5,domingo,18,SC Corinthians Paulista,América FC (Minas Gerais),Neo Química Arena,Anderson Daronco,35.122,35122,29 de maio de 2022 18:00,1,1,draw,1,https://optaplayerstats.statsperform.com/pt_BR/soccer/brasileir%C3%A3o-s%C3%A9rie-a-2022/css9eoc46vca8gkmv5z7603ys/match/view/32y5amnghv00a419nsne42ln8,1,2,0,0,0,0,0,1,1,0,0,0,0,0,2,0,3,0,0,0,0,1.6,2.0,2.0,1.0,1.0,1.2,-0.2,2.2,0.0,0.5333333333333333,83,0.7333333333333334,1.4,2.0,1.0,2.0,0.8,1.2,-0.4,2.4,0.4,0.4666666666666667,45,0.26666666666666666,1
837,33fys066zbt9qety0nguxs5xw,2022,2022-05-29 18:00:00,2022,5,domingo,18,Cuiabá EC,Club Athletico Paranaense,Arena Pantanal,Wagner do Nascimento Magalhaes,4.539,4539,29 de maio de 2022 18:00,0,1,away_win,2,https://optaplayerstats.statsperform.com/pt_BR/soccer/brasileir%C3%A3o-s%C3%A9rie-a-2022/css9eoc46vca8gkmv5z7603ys/match/view/33fys066zbt9qety0nguxs5xw,0,5,0,0,0,0,0,1,0,0,0,0,0,0,1,-1,5,0,0,0,0,1.0,1.0,2.0,2.0,1.0,1.6,-0.6,2.2,0.8,0.3333333333333333,45,0.3333333333333333,1.8,3.0,0.0,2.0,1.0,0.8,0.2,2.6,0.0,0.6,83,0.06666666666666667,1
838,32nb1heats9gicpr9f8itxd78,2022,2022-05-29 19:00:00,2022,5,domingo,19,Clube Atlético Mineiro,Avai FC,Mineirão,Jefferson Ferreira de Moraes,31.551,31551,29 de maio de 2022 19:00,2,1,home_win,0,https://optaplayerstats.statsperform.com/pt_BR/soccer/brasileir%C3%A3o-s%C3%A9rie-a-2022/css9eoc46vca8gkmv5z7603ys/match/view/32nb1heats9gicpr9f8itxd78,2,3,0,0,0,0,0,1,2,1,0,1,0,0,3,1,5,1,1,0,0,1.2,1.0,3.0,1.0,1.6,1.4,0.2,2.8,0.0,0.4,83,0.6666666666666666,1.4,2.0,1.0,2.0,1.4,1.4,0.0,4.0,0.2,0.4666666666666667,7,0.1111111111111111,1
839,335ipbkfv508voyfjiuu337ys,2022,2022-05-30 20:00:00,2022,5,segunda-feira,20,SC Internacional,Atlético Goianiense,Beira-Rio,Marcelo de Lima Henrique,11.050,11050,30 de maio de 2022 20:00,1,1,draw,1,https://optaplayerstats.statsperform.com/pt_BR/soccer/brasileir%C3%A3o-s%C3%A9rie-a-2022/css9eoc46vca8gkmv5z7603ys/match/view/335ipbkfv508voyfjiuu337ys,1,1,0,0,0,0,0,1,2,0,0,0,0,0,2,0,3,0,0,0,0,1.4,1.0,4.0,0.0,1.0,0.8,0.2,4.2,0.0,0.4666666666666667,83,0.39999999999999997,1.0,1.0,2.0,2.0,0.8,1.0,-0.2,2.4,0.0,0.3333333333333333,83,0.4666666666666666,1
840,2yclbquac7pi7kwrifrvwd4wk,2022,2022-06-01 20:30:00,2022,6,quarta-feira,20,Fortaleza EC,Ceará SC,Castelão,Braulio da Silva Machado,37.372,37372,1 de junho de 2022 20:30,0,1,away_win,2,https://optaplayerstats.statsperform.com/pt_BR/soccer/brasileir%C3%A3o-s%C3%A9rie-a-2022/css9eoc46vca8gkmv5z7603ys/match/view/2yclbquac7pi7kwrifrvwd4wk,0,5,1,0,1,0,0,1,4,0,0,0,0,0,1,-1,9,1,1,0,0,0.4,0.0,2.0,3.0,0.6,1.4,-0.8,1.8,0.2,0.13333333333333333,83,0.3333333333333333,0.6,0.0,3.0,2.0,0.8,1.2,-0.4,4.4,0.2,0.2,83,0.3333333333333333,1
841,33mydxqxj02rmjd2pz827i1as,2022,2022-06-04 16:30:00,2022,6,sábado,16,América FC (Minas Gerais),Cuiabá EC,Estádio Raimundo Sampaio,Raphael Claus,2.720,2720,4 de junho de 2022 16:30,2,1,home_win,0,https://optaplayerstats.statsperform.com/pt_BR/soccer/brasileir%C3%A3o-s%C3%A9rie-a-2022/css9eoc46vca8gkmv5z7603ys/match/view/33mydxqxj02rmjd2pz827i1as,2,0,0,0,0,0,0,1,1,0,0,0,0,0,3,1,1,0,0,0,0,1.6,2.0,2.0,1.0,1.0,0.8,0.2,2.6,0.4,0.5333333333333333,46,0.8666666666666667,0.4,0.0,2.0,3.0,0.8,1.8,-1.0,2.4,0.8,0.13333333333333333,46,0.4666666666666666,1
842,3496ufafpytp5wm8fs3k5orh0,2022,2022-06-04 19:00:00,2022,6,sábado,19,Ceará SC,Coritiba FBC,Castelão,Flavio Rodrigues De Souza,27.602,27602,4 de junho de 2022 19:00,1,1,draw,1,https://optaplayerstats.statsperform.com/pt_BR/soccer/brasileir%C3%A3o-s%C3%A9rie-a-2022/css9eoc46vca8gkmv5z7603ys/match/view/3496ufafpytp5wm8fs3k5orh0,1,1,0,0,0,0,0,1,4,0,0,0,0,0,2,0,5,0,0,0,0,1.2,1.0,3.0,1.0,1.0,1.0,0.0,5.0,0.2,0.4,84,0.3333333333333333,1.8,3.0,0.0,2.0,1.2,1.2,0.0,2.4,0.4,0.6,8,0.08333333333333333,1
843,34fvwncv8ofvbs4l0voqhpj4k,2022,2022-06-04 19:00:00,2022,6,sábado,19,Avai FC,São Paulo FC,Ressacada,Anderson Daronco,11.962,11962,4 de junho de 2022 19:00,1,1,draw,1,https://optaplayerstats.statsperform.com/pt_BR/soccer/brasileir%C3%A3o-s%C3%A9rie-a-2022/css9eoc46vca8gkmv5z7603ys/match/view/34fvwncv8ofvbs4l0voqhpj4k,1,2,0,0,0,0,0,1,2,0,0,0,1,0,2,0,4,0,0,1,0,0.8,1.0,1.0,3.0,1.0,1.4,-0.4,3.4,0.2,0.26666666666666666,8,0.75,1.8,2.0,3.0,0.0,1.6,1.2,0.4,2.8,0.2,0.6,84,0.19999999999999998,1
844,34jl77w31cv9ep7uednwmm4gk,2022,2022-06-04 19:00:00,2022,6,sábado,19,Club Athletico Paranaense,Santos FC Sao Paulo,Arena da Baixada,Braulio da Silva Machado,19.323,19323,4 de junho de 2022 19:00,2,2,draw,1,https://optaplayerstats.statsperform.com/pt_BR/soccer/brasileir%C3%A3o-s%C3%A9rie-a-2022/css9eoc46vca8gkmv5z7603ys/match/view/34jl77w31cv9ep7uednwmm4gk,2,6,0,0,0,0,1,2,3,0,0,0,0,0,4,0,9,0,0,0,1,1.8,3.0,0.0,2.0,1.0,0.8,0.2,1.8,0.0,0.6,84,0.6666666666666666,0.8,1.0,1.0,3.0,1.0,1.0,0.0,2.6,0.0,0.26666666666666666,84,0.3333333333333333,1
845,34ci5ge05fngn39v7h8a2veok,2022,2022-06-04 20:30:00,2022,6,sábado,20,Atlético Goianiense,SC Corinthians Paulista,Serra Dourada,Bruno Arleu de Araújo,12.089,12089,4 de junho de 2022 20:30,0,1,away_win,2,https://optaplayerstats.statsperform.com/pt_BR/soccer/brasileir%C3%A3o-s%C3%A9rie-a-2022/css9eoc46vca8gkmv5z7603ys/match/view/34ci5ge05fngn39v7h8a2veok,0,3,0,0,0,0,0,1,3,0,0,0,0,0,1,-1,6,0,0,0,0,1.0,1.0,2.0,2.0,0.8,1.0,-0.2,2.4,0.0,0.3333333333333333,84,0.5333333333333333,1.8,2.0,3.0,0.0,1.2,0.8,0.4,2.2,0.0,0.6,84,0.4666666666666666,1
846,344516sxh3m3m0abyloq8iqdw,2022,2022-06-05 11:00:00,2022,6,domingo,11,EC Juventude,Fluminense FC,Alfredo Jaconi,Jefferson Ferreira de Moraes,2.573,2573,5 de junho de 2022 11:00,1,0,home_win,0,https://optaplayerstats.statsperform.com/pt_BR/soccer/brasileir%C3%A3o-s%C3%A9rie-a-2022/css9eoc46vca8gkmv5z7603ys/match/view/344516sxh3m3m0abyloq8iqdw,1,3,0,0,0,0,1,0,4,1,0,1,0,0,1,1,7,1,1,0,1,1.2,1.0,3.0,1.0,1.0,1.4,-0.4,4.2,0.4,0.4,46,0.3333333333333333,1.4,2.0,1.0,2.0,1.4,1.4,0.0,2.6,0.4,0.4666666666666667,84,0.4666666666666666,1
847,33qbqrq0f9qpo56zsu41w4kr8,2022,2022-06-05 16:00:00,2022,6,domingo,16,CR Flamengo,Fortaleza EC,Estádio Jornalista Mário Filho (Maracanã),Leandro Pedro Vuaden,63.975,63975,5 de junho de 2022 16:00,1,2,away_win,2,https://optaplayerstats.statsperform.com/pt_BR/soccer/brasileir%C3%A3o-s%C3%A9rie-a-2022/css9eoc46vca8gkmv5z7603ys/match/view/33qbqrq0f9qpo56zsu41w4kr8,1,3,0,0,0,0,0,2,4,0,0,0,0,0,3,-1,7,0,0,0,0,1.4,2.0,1.0,2.0,1.0,1.0,0.0,2.8,0.2,0.4666666666666667,84,0.4666666666666666,0.4,0.0,2.0,3.0,0.6,1.4,-0.8,2.2,0.4,0.13333333333333333,84,0.0,1
848,33x8q5mp1yl64foiw0i5vfdp0,2022,2022-06-05 16:00:00,2022,6,domingo,16,SE Palmeiras,Clube Atlético Mineiro,Allianz Parque,Wilton Pereira Sampaio,40.235,40235,5 de junho de 2022 16:00,0,0,draw,1,https://optaplayerstats.statsperform.com/pt_BR/soccer/brasileir%C3%A3o-s%C3%A9rie-a-2022/css9eoc46vca8gkmv5z7603ys/match/view/33x8q5mp1yl64foiw0i5vfdp0,0,2,0,0,0,0,0,0,3,0,0,0,0,0,0,0,5,0,0,0,0,2.6,4.0,1.0,0.0,2.0,0.2,1.8,1.4,0.0,0.8666666666666667,84,0.6666666666666666,1.6,2.0,2.0,1.0,1.6,1.2,0.4,3.0,0.0,0.5333333333333333,84,0.5333333333333333,1
849,33tvfqa7zxr0516vm80nkycyc,2022,2022-06-05 19:00:00,2022,6,domingo,19,Red Bull Bragantino,SC Internacional,Nabizão,Wagner do Nascimento Magalhaes,3.062,3062,5 de junho de 2022 19:00,0,2,away_win,2,https://optaplayerstats.statsperform.com/pt_BR/soccer/brasileir%C3%A3o-s%C3%A9rie-a-2022/css9eoc46vca8gkmv5z7603ys/match/view/33tvfqa7zxr0516vm80nkycyc,0,3,0,0,0,0,0,2,3,0,0,0,1,0,2,-2,6,0,0,1,0,1.0,1.0,2.0,2.0,0.6,1.0,-0.4,3.2,0.6,0.3333333333333333,84,0.5333333333333333,1.0,0.0,5.0,0.0,1.0,1.0,0.0,3.8,0.0,0.3333333333333333,84,0.3333333333333333,1
850,340pvhi1ujv5pjfou51hoojro,2022,2022-06-06 20:00:00,2022,6,segunda-feira,20,Botafogo FR,Goiás EC,Estádio Nilton Santos,Paulo Henrique Schleinch Vollkopf,30.954,30954,6 de junho de 2022 20:00,1,2,away_win,2,https://optaplayerstats.statsperform.com/pt_BR/soccer/brasileir%C3%A3o-s%C3%A9rie-a-2022/css9eoc46vca8gkmv5z7603ys/match/view/340pvhi1ujv5pjfou51hoojro,1,2,0,0,0,0,0,2,2,0,0,0,0,0,3,-1,4,0,0,0,0,1.6,2.0,2.0,1.0,1.2,0.8,0.4,2.6,0.0,0.5333333333333333,8,0.4444444444444444,1.6,2.0,2.0,1.0,1.0,0.8,0.2,2.6,0.2,0.5333333333333333,8,0.25,1
851,35f7hxck3j1e5rkjmakoleo0k,2022,2022-06-07 21:30:00,2022,6,terça-feira,21,Cuiabá EC,SC Corinthians Paulista,Arena Pantanal,Marcelo de Lima Henrique,22.129,22129,7 de junho de 2022 21:30,1,0,home_win,0,https://optaplayerstats.statsperform.com/pt_BR/soccer/brasileir%C3%A3o-s%C3%A9rie-a-2022/css9eoc46vca8gkmv5z7603ys/match/view/35f7hxck3j1e5rkjmakoleo0k,1,1,1,0,1,0,0,0,2,0,0,0,0,0,1,1,3,1,1,0,0,0.2,0.0,1.0,4.0,0.8,2.0,-1.2,2.2,0.8,0.06666666666666667,47,0.3333333333333333,1.8,2.0,3.0,0.0,1.2,0.8,0.4,2.4,0.0,0.6,85,0.6666666666666666,1
852,34ng5gfptkypmwv9ksa04j5ec,2022,2022-06-08 19:00:00,2022,6,quarta-feira,19,América FC (Minas Gerais),Ceará SC,Estádio Raimundo Sampaio,Douglas Marques das Flores,2.132,2132,8 de junho de 2022 19:00,0,2,away_win,2,https://optaplayerstats.statsperform.com/pt_BR/soccer/brasileir%C3%A3o-s%C3%A9rie-a-2022/css9eoc46vca8gkmv5z7603ys/match/view/34ng5gfptkypmwv9ksa04j5ec,0,2,0,0,0,0,0,2,3,0,0,0,0,0,2,-2,5,0,0,0,0,1.6,2.0,2.0,1.0,1.2,1.0,0.2,2.4,0.4,0.5333333333333333,47,0.8666666666666667,1.4,1.0,4.0,0.0,1.2,1.0,0.2,4.2,0.2,0.4666666666666667,85,0.5333333333333333,1
853,354gfmrkthoaex6q59bhgmb6c,2022,2022-06-08 19:00:00,2022,6,quarta-feira,19,EC Juventude,Club Athletico Paranaense,Alfredo Jaconi,Luiz Flávio de Oliveira,3.590,3590,8 de junho de 2022 19:00,1,3,away_win,2,https://optaplayerstats.statsperform.com/pt_BR/soccer/brasileir%C3%A3o-s%C3%A9rie-a-2022/css9eoc46vca8gkmv5z7603ys/match/view/354gfmrkthoaex6q59bhgmb6c,1,2,0,0,0,0,0,3,5,0,0,0,0,0,4,-2,7,0,0,0,0,1.6,2.0,2.0,1.0,1.0,1.2,-0.2,3.8,0.4,0.5333333333333333,47,0.3333333333333333,2.0,3.0,1.0,1.0,1.4,1.0,0.4,3.0,0.0,0.6666666666666666,85,0.26666666666666666,1
854,34u97vcqw8wywzjlf5x94093o,2022,2022-06-08 20:30:00,2022,6,quarta-feira,20,Red Bull Bragantino,CR Flamengo,Nabizão,Wilton Pereira Sampaio,8.627,8627,8 de junho de 2022 20:30,1,0,home_win,0,https://optaplayerstats.statsperform.com/pt_BR/soccer/brasileir%C3%A3o-s%C3%A9rie-a-2022/css9eoc46vca8gkmv5z7603ys/match/view/34u97vcqw8wywzjlf5x94093o,1,1,1,0,1,0,0,0,4,0,0,0,0,0,1,1,5,1,1,0,0,0.4,0.0,2.0,3.0,0.4,1.4,-1.0,2.6,0.4,0.13333333333333333,85,0.3333333333333333,1.4,2.0,1.0,2.0,1.2,1.2,0.0,3.0,0.2,0.4666666666666667,85,0.3333333333333333,1
855,35b8cahvajbxnzt832tqtoob8,2022,2022-06-08 20:30:00,2022,6,quarta-feira,20,Atlético Goianiense,Avai FC,Serra Dourada,Paulo Roberto Alves Júnior,5.251,5251,8 de junho de 2022 20:30,2,1,home_win,0,https://optaplayerstats.statsperform.com/pt_BR/soccer/brasileir%C3%A3o-s%C3%A9rie-a-2022/css9eoc46vca8gkmv5z7603ys/match/view/35b8cahvajbxnzt832tqtoob8,2,1,0,0,0,0,0,1,4,0,1,1,0,0,3,1,5,1,1,0,0,0.8,1.0,1.0,3.0,0.6,1.0,-0.4,3.0,0.0,0.26666666666666666,85,0.3333333333333333,0.8,1.0,1.0,3.0,1.2,1.6,-0.4,3.0,0.2,0.26666666666666666,9,0.08333333333333333,1
856,34qqc2kions20lkj2nytjmzv8,2022,2022-06-08 21:30:00,2022,6,quarta-feira,21,Fluminense FC,Clube Atlético Mineiro,Estádio Jornalista Mário Filho (Maracanã),Leandro Pedro Vuaden,16.143,16143,8 de junho de 2022 21:30,5,3,home_win,0,https://optaplayerstats.statsperform.com/pt_BR/soccer/brasileir%C3%A3o-s%C3%A9rie-a-2022/css9eoc46vca8gkmv5z7603ys/match/view/34qqc2kions20lkj2nytjmzv8,5,4,0,0,0,0,0,3,4,0,0,0,0,0,8,2,8,0,0,0,0,1.4,2.0,1.0,2.0,1.0,1.0,0.0,2.8,0.4,0.4666666666666667,85,0.4666666666666666,1.6,2.0,2.0,1.0,1.2,0.8,0.4,2.8,0.0,0.5333333333333333,85,0.39999999999999997,1
857,3510ff1dqpkcz74wlhwb3vqc4,2022,2022-06-08 21:30:00,2022,6,quarta-feira,21,Santos FC Sao Paulo,SC Internacional,Vila Belmiro,Ramon Abatti,8.845,8845,8 de junho de 2022 21:30,1,1,draw,1,https://optaplayerstats.statsperform.com/pt_BR/soccer/brasileir%C3%A3o-s%C3%A9rie-a-2022/css9eoc46vca8gkmv5z7603ys/match/view/3510ff1dqpkcz74wlhwb3vqc4,1,2,0,0,0,0,0,1,1,0,0,0,0,0,2,0,3,0,0,0,0,1.0,1.0,2.0,2.0,1.2,1.0,0.2,2.2,0.0,0.3333333333333333,85,0.6666666666666666,1.4,1.0,4.0,0.0,1.4,1.0,0.4,4.0,0.0,0.4666666666666667,85,0.5333333333333333,1
858,34xo6gm2hd1by43i1gj6id8gk,2022,2022-06-09 19:00:00,2022,6,quinta-feira,19,SE Palmeiras,Botafogo FR,Allianz Parque,Anderson Daronco,33.431,33431,9 de junho de 2022 19:00,4,0,home_win,0,https://optaplayerstats.statsperform.com/pt_BR/soccer/brasileir%C3%A3o-s%C3%A9rie-a-2022/css9eoc46vca8gkmv5z7603ys/match/view/34xo6gm2hd1by43i1gj6id8gk,4,1,0,0,0,0,0,0,1,0,0,0,0,0,4,4,2,0,0,0,0,2.2,3.0,2.0,0.0,1.4,0.2,1.2,1.6,0.0,0.7333333333333333,85,0.5333333333333333,1.4,2.0,1.0,2.0,1.2,1.0,0.2,2.6,0.0,0.4666666666666667,9,0.5333333333333333,1
859,357s7ad6n3za6d8nkiuysuwwk,2022,2022-06-09 20:00:00,2022,6,quinta-feira,20,Fortaleza EC,Goiás EC,Castelão,Bruno Arleu de Araújo,30.017,30017,9 de junho de 2022 20:00,1,1,draw,1,https://optaplayerstats.statsperform.com/pt_BR/soccer/brasileir%C3%A3o-s%C3%A9rie-a-2022/css9eoc46vca8gkmv5z7603ys/match/view/357s7ad6n3za6d8nkiuysuwwk,1,1,0,0,0,0,0,1,2,0,0,0,0,0,2,0,3,0,0,0,0,0.8,1.0,1.0,3.0,0.8,1.4,-0.6,2.6,0.4,0.26666666666666666,85,0.13333333333333333,2.0,3.0,1.0,1.0,1.0,0.6,0.4,2.0,0.2,0.6666666666666666,9,0.39999999999999997,1
860,35j35fhk7btj14atrweupxnh0,2022,2022-06-09 20:00:00,2022,6,quinta-feira,20,Coritiba FBC,São Paulo FC,Couto Pereira,Wagner do Nascimento Magalhaes,21.521,21521,9 de junho de 2022 20:00,1,1,draw,1,https://optaplayerstats.statsperform.com/pt_BR/soccer/brasileir%C3%A3o-s%C3%A9rie-a-2022/css9eoc46vca8gkmv5z7603ys/match/view/35j35fhk7btj14atrweupxnh0,1,3,0,0,0,0,0,1,3,0,0,0,0,0,2,0,6,0,0,0,0,1.4,2.0,1.0,2.0,0.8,1.0,-0.2,3.2,0.4,0.4666666666666667,9,1.0,1.4,1.0,4.0,0.0,1.4,1.2,0.2,2.6,0.2,0.4666666666666667,85,0.26666666666666666,1
861,35zuacamx07ilrnhr0rc6q5uc,2022,2022-06-11 16:30:00,2022,6,sábado,16,SC Corinthians Paulista,EC Juventude,Neo Química Arena,Ramon Abatti,34.617,34617,11 de junho de 2022 16:30,2,0,home_win,0,https://optaplayerstats.statsperform.com/pt_BR/soccer/brasileir%C3%A3o-s%C3%A9rie-a-2022/css9eoc46vca8gkmv5z7603ys/match/view/35zuacamx07ilrnhr0rc6q5uc,2,1,0,0,0,0,0,0,4,0,0,0,0,0,2,2,5,0,0,0,0,1.2,1.0,3.0,1.0,1.0,1.0,0.0,2.4,0.0,0.4,86,0.6,1.4,2.0,1.0,2.0,1.0,1.6,-0.6,3.2,0.4,0.4666666666666667,48,0.3333333333333333,1
862,35md06gem3dtlbfartwszswes,2022,2022-06-11 19:00:00,2022,6,sábado,19,Clube Atlético Mineiro,Santos FC Sao Paulo,Mineirão,Marcelo de Lima Henrique,26.501,26501,11 de junho de 2022 19:00,1,1,draw,1,https://optaplayerstats.statsperform.com/pt_BR/soccer/brasileir%C3%A3o-s%C3%A9rie-a-2022/css9eoc46vca8gkmv5z7603ys/match/view/35md06gem3dtlbfartwszswes,1,4,0,0,0,0,0,1,4,1,0,1,1,0,2,0,8,1,1,1,0,1.6,2.0,2.0,1.0,1.6,1.4,0.2,2.8,0.0,0.5333333333333333,86,0.6666666666666666,0.6,0.0,3.0,2.0,0.6,1.0,-0.4,2.4,0.0,0.2,86,0.3333333333333333,1
863,35pxtvaho3d3kw0cgapdzllas,2022,2022-06-11 19:00:00,2022,6,sábado,19,Fluminense FC,Atlético Goianiense,Estádio Jornalista Mário Filho (Maracanã),Luiz Flávio de Oliveira,27.859,27859,11 de junho de 2022 19:00,0,2,away_win,2,https://optaplayerstats.statsperform.com/pt_BR/soccer/brasileir%C3%A3o-s%C3%A9rie-a-2022/css9eoc46vca8gkmv5z7603ys/match/view/35pxtvaho3d3kw0cgapdzllas,0,3,1,0,1,0,0,2,2,0,0,0,0,0,2,-2,5,1,1,0,0,1.8,3.0,0.0,2.0,1.8,1.4,0.4,3.0,0.4,0.6,86,0.4666666666666666,1.4,2.0,1.0,2.0,1.0,1.0,0.0,2.4,0.0,0.4666666666666667,86,0.3333333333333333,1
864,36h6o9ytxwcp384famyjqj504,2022,2022-06-11 19:00:00,2022,6,sábado,19,Cuiabá EC,Red Bull Bragantino,Arena Pantanal,Paulo Roberto Alves Júnior,4.476,4476,11 de junho de 2022 19:00,1,1,draw,1,https://optaplayerstats.statsperform.com/pt_BR/soccer/brasileir%C3%A3o-s%C3%A9rie-a-2022/css9eoc46vca8gkmv5z7603ys/match/view/36h6o9ytxwcp384famyjqj504,1,2,0,0,0,1,0,1,4,0,0,0,0,0,2,0,6,0,0,1,0,0.8,1.0,1.0,3.0,0.8,1.2,-0.4,2.0,1.0,0.26666666666666666,48,0.3333333333333333,1.0,1.0,2.0,2.0,0.6,1.2,-0.6,2.6,0.6,0.3333333333333333,86,0.3333333333333333,1
865,366czmyynk2nhu29pujut6i38,2022,2022-06-11 21:00:00,2022,6,sábado,21,SC Internacional,CR Flamengo,Beira-Rio,Braulio da Silva Machado,22.392,22392,11 de junho de 2022 21:00,3,1,home_win,0,https://optaplayerstats.statsperform.com/pt_BR/soccer/brasileir%C3%A3o-s%C3%A9rie-a-2022/css9eoc46vca8gkmv5z7603ys/match/view/366czmyynk2nhu29pujut6i38,3,3,0,0,0,1,0,1,3,0,0,0,0,0,4,2,6,0,0,1,0,1.4,1.0,4.0,0.0,1.4,1.0,0.4,3.2,0.0,0.4666666666666667,86,0.39999999999999997,1.4,2.0,1.0,2.0,1.2,1.2,0.0,3.6,0.2,0.4666666666666667,86,0.3333333333333333,1
866,35ud9ytuwdk8ieticr4zkgjdg,2022,2022-06-12 16:00:00,2022,6,domingo,16,São Paulo FC,América FC (Minas Gerais),Morumbi,Sávio Pereira Sampaio,26.847,26847,12 de junho de 2022 16:00,1,0,home_win,0,https://optaplayerstats.statsperform.com/pt_BR/soccer/brasileir%C3%A3o-s%C3%A9rie-a-2022/css9eoc46vca8gkmv5z7603ys/match/view/35ud9ytuwdk8ieticr4zkgjdg,1,2,0,0,0,0,0,0,2,0,0,0,0,0,1,1,4,0,0,0,0,1.4,1.0,4.0,0.0,1.4,1.2,0.2,2.6,0.2,0.4666666666666667,86,0.8666666666666667,1.0,1.0,2.0,2.0,0.8,1.2,-0.4,2.0,0.2,0.3333333333333333,48,0.26666666666666666,1
867,36dlm5akv5o2c282sxk9118gk,2022,2022-06-12 16:00:00,2022,6,domingo,16,Goiás EC,Ceará SC,Estádio Hailé Pinheiro (Serrinha),Wagner do Nascimento Magalhaes,9.011,9011,12 de junho de 2022 16:00,1,1,draw,1,https://optaplayerstats.statsperform.com/pt_BR/soccer/brasileir%C3%A3o-s%C3%A9rie-a-2022/css9eoc46vca8gkmv5z7603ys/match/view/36dlm5akv5o2c282sxk9118gk,1,7,0,0,0,1,0,1,2,1,0,1,0,0,2,0,9,1,1,1,0,1.6,2.0,2.0,1.0,1.0,0.8,0.2,1.8,0.0,0.5333333333333333,10,0.5,1.8,2.0,3.0,0.0,1.2,0.6,0.6,3.8,0.2,0.6,86,0.5333333333333333,1
868,36kfjdqcs1c61y6xi1d6c8vmc,2022,2022-06-12 18:00:00,2022,6,domingo,18,Coritiba FBC,SE Palmeiras,Couto Pereira,Leandro Pedro Vuaden,27.356,27356,12 de junho de 2022 18:00,0,2,away_win,2,https://optaplayerstats.statsperform.com/pt_BR/soccer/brasileir%C3%A3o-s%C3%A9rie-a-2022/css9eoc46vca8gkmv5z7603ys/match/view/36kfjdqcs1c61y6xi1d6c8vmc,0,1,1,0,1,0,0,2,2,0,0,0,0,0,2,-2,3,1,1,0,0,1.6,2.0,2.0,1.0,0.8,0.8,0.0,3.2,0.4,0.5333333333333333,10,0.8666666666666667,2.6,4.0,1.0,0.0,2.0,0.0,2.0,1.4,0.0,0.8666666666666667,86,0.6,1
869,369tmfmwghp672gkthql9t72s,2022,2022-06-12 19:00:00,2022,6,domingo,19,Fortaleza EC,Club Athletico Paranaense,Castelão,André Luiz de Freitas Castro,18.167,18167,12 de junho de 2022 19:00,0,0,draw,1,https://optaplayerstats.statsperform.com/pt_BR/soccer/brasileir%C3%A3o-s%C3%A9rie-a-2022/css9eoc46vca8gkmv5z7603ys/match/view/369tmfmwghp672gkthql9t72s,0,1,0,0,0,0,0,0,3,0,0,0,0,0,0,0,4,0,0,0,0,1.0,1.0,2.0,2.0,0.8,1.0,-0.2,2.6,0.2,0.3333333333333333,86,0.19999999999999998,2.0,3.0,1.0,1.0,1.8,1.2,0.6,3.0,0.0,0.6666666666666666,86,0.39999999999999997,1
870,3632zxmjx8dse7ah7qor1p2j8,2022,2022-06-13 19:00:00,2022,6,segunda-feira,19,Botafogo FR,Avai FC,Estádio Nilton Santos,Flavio Rodrigues De Souza,12.627,12627,13 de junho de 2022 19:00,0,1,away_win,2,https://optaplayerstats.statsperform.com/pt_BR/soccer/brasileir%C3%A3o-s%C3%A9rie-a-2022/css9eoc46vca8gkmv5z7603ys/match/view/3632zxmjx8dse7ah7qor1p2j8,0,4,0,0,0,0,0,1,5,0,1,1,0,0,1,-1,9,1,1,0,0,0.8,1.0,1.0,3.0,1.0,1.8,-0.8,2.0,0.0,0.26666666666666666,10,0.3333333333333333,0.2,0.0,1.0,4.0,1.0,1.8,-0.8,3.2,0.4,0.06666666666666667,10,0.06666666666666667,1
871,375gq7o4zbp1r8qd2rmf68sus,2022,2022-06-14 21:30:00,2022,6,terça-feira,21,EC Juventude,Santos FC Sao Paulo,Alfredo Jaconi,Rodolpho Toski Marques,3.025,3025,14 de junho de 2022 21:30,1,2,away_win,2,https://optaplayerstats.statsperform.com/pt_BR/soccer/brasileir%C3%A3o-s%C3%A9rie-a-2022/css9eoc46vca8gkmv5z7603ys/match/view/375gq7o4zbp1r8qd2rmf68sus,1,1,1,0,1,0,0,2,2,0,0,0,0,0,3,-1,3,1,1,0,0,0.8,1.0,1.0,3.0,0.6,1.8,-1.2,3.0,0.0,0.26666666666666666,49,0.26666666666666666,0.8,0.0,4.0,1.0,0.8,1.0,-0.2,3.0,0.2,0.26666666666666666,87,0.19999999999999998,1
872,36uu7o9pw58u1evhwt38n11qs,2022,2022-06-15 19:00:00,2022,6,quarta-feira,19,Red Bull Bragantino,Coritiba FBC,Nabizão,Marcelo de Lima Henrique,2.352,2352,15 de junho de 2022 19:00,4,2,home_win,0,https://optaplayerstats.statsperform.com/pt_BR/soccer/brasileir%C3%A3o-s%C3%A9rie-a-2022/css9eoc46vca8gkmv5z7603ys/match/view/36uu7o9pw58u1evhwt38n11qs,4,2,0,0,0,0,0,2,1,0,0,0,0,0,6,2,3,0,0,0,0,1.0,1.0,2.0,2.0,0.6,1.2,-0.6,2.6,0.4,0.3333333333333333,87,0.3333333333333333,1.0,1.0,2.0,2.0,0.6,1.2,-0.6,3.0,0.6,0.3333333333333333,11,0.13333333333333333,1
873,378xamk71uwmgry70oo1cxtzo,2022,2022-06-15 19:00:00,2022,6,quarta-feira,19,Ceará SC,Clube Atlético Mineiro,Castelão,Luiz Flávio de Oliveira,26.774,26774,15 de junho de 2022 19:00,0,0,draw,1,https://optaplayerstats.statsperform.com/pt_BR/soccer/brasileir%C3%A3o-s%C3%A9rie-a-2022/css9eoc46vca8gkmv5z7603ys/match/view/378xamk71uwmgry70oo1cxtzo,0,2,0,0,0,0,0,0,3,0,0,0,0,0,0,0,5,0,0,0,0,1.8,2.0,3.0,0.0,1.4,0.8,0.6,3.2,0.2,0.6,87,0.19999999999999998,1.6,2.0,2.0,1.0,1.6,1.4,0.2,3.0,0.0,0.5333333333333333,87,0.39999999999999997,1
874,36rcjiy8trdcqdtxc42y2j47o,2022,2022-06-15 20:30:00,2022,6,quarta-feira,20,CR Flamengo,Cuiabá EC,Estádio Jornalista Mário Filho (Maracanã),Sávio Pereira Sampaio,43.930,43930,15 de junho de 2022 20:30,2,0,home_win,0,https://optaplayerstats.statsperform.com/pt_BR/soccer/brasileir%C3%A3o-s%C3%A9rie-a-2022/css9eoc46vca8gkmv5z7603ys/match/view/36rcjiy8trdcqdtxc42y2j47o,2,1,0,0,0,0,0,0,3,0,0,0,0,0,2,2,4,0,0,0,0,1.2,2.0,0.0,3.0,1.0,1.4,-0.4,3.2,0.2,0.4,87,0.4666666666666666,1.0,1.0,2.0,2.0,0.8,1.0,-0.2,2.2,0.8,0.3333333333333333,49,0.39999999999999997,1
875,37cd1wycx2v2pkdwgq5j3i4gk,2022,2022-06-15 20:30:00,2022,6,quarta-feira,20,Goiás EC,SC Internacional,Estádio Hailé Pinheiro (Serrinha),Caio Max Augusto Vieira,8.892,8892,15 de junho de 2022 20:30,1,2,away_win,2,https://optaplayerstats.statsperform.com/pt_BR/soccer/brasileir%C3%A3o-s%C3%A9rie-a-2022/css9eoc46vca8gkmv5z7603ys/match/view/37cd1wycx2v2pkdwgq5j3i4gk,1,4,0,0,0,0,0,2,3,0,0,0,0,0,3,-1,7,0,0,0,0,1.2,1.0,3.0,1.0,1.0,1.0,0.0,3.2,0.0,0.4,11,0.4666666666666666,1.8,2.0,3.0,0.0,1.6,0.8,0.8,3.2,0.0,0.6,87,0.6,1
876,36nvh4p4qyl897hzmdqgiaal0,2022,2022-06-15 21:30:00,2022,6,quarta-feira,21,América FC (Minas Gerais),Fluminense FC,Estádio Raimundo Sampaio,Anderson Daronco,2.599,2599,15 de junho de 2022 21:30,0,0,draw,1,https://optaplayerstats.statsperform.com/pt_BR/soccer/brasileir%C3%A3o-s%C3%A9rie-a-2022/css9eoc46vca8gkmv5z7603ys/match/view/36nvh4p4qyl897hzmdqgiaal0,0,3,1,0,1,0,0,0,1,0,0,0,0,0,0,0,4,1,1,0,0,1.0,1.0,2.0,2.0,0.8,1.2,-0.4,1.4,0.0,0.3333333333333333,49,0.6666666666666666,1.2,2.0,0.0,3.0,1.4,1.6,-0.2,3.0,0.6,0.4,87,0.4666666666666666,1
877,37iu8w3lga0wp9f2whxxzvc44,2022,2022-06-15 21:30:00,2022,6,quarta-feira,21,Club Athletico Paranaense,SC Corinthians Paulista,Arena da Baixada,Leandro Pedro Vuaden,25.965,25965,15 de junho de 2022 21:30,1,1,draw,1,https://optaplayerstats.statsperform.com/pt_BR/soccer/brasileir%C3%A3o-s%C3%A9rie-a-2022/css9eoc46vca8gkmv5z7603ys/match/view/37iu8w3lga0wp9f2whxxzvc44,1,2,1,0,1,1,0,1,2,1,0,1,0,0,2,0,4,2,1,1,0,2.2,3.0,2.0,0.0,1.6,0.8,0.8,3.2,0.0,0.7333333333333333,87,0.6666666666666666,1.6,2.0,2.0,1.0,1.0,0.6,0.4,2.0,0.0,0.5333333333333333,87,0.4666666666666666,1
878,3721279qdn7kmp1x9k3jvusd0,2022,2022-06-16 16:00:00,2022,6,quinta-feira,16,Botafogo FR,São Paulo FC,Estádio Nilton Santos,Wilton Pereira Sampaio,18.677,18677,16 de junho de 2022 16:00,1,0,home_win,0,https://optaplayerstats.statsperform.com/pt_BR/soccer/brasileir%C3%A3o-s%C3%A9rie-a-2022/css9eoc46vca8gkmv5z7603ys/match/view/3721279qdn7kmp1x9k3jvusd0,1,7,0,0,0,0,0,0,3,0,0,0,0,0,1,1,10,0,0,0,0,0.2,0.0,1.0,4.0,0.4,1.8,-1.4,2.2,0.0,0.06666666666666667,11,0.26666666666666666,1.4,1.0,4.0,0.0,1.2,1.0,0.2,2.6,0.2,0.4666666666666667,87,0.3333333333333333,1
879,36yiwz8fw20zptjxptqko5lw4,2022,2022-06-16 18:00:00,2022,6,quinta-feira,18,SE Palmeiras,Atlético Goianiense,Allianz Parque,Ramon Abatti,38.888,38888,16 de junho de 2022 18:00,4,2,home_win,0,https://optaplayerstats.statsperform.com/pt_BR/soccer/brasileir%C3%A3o-s%C3%A9rie-a-2022/css9eoc46vca8gkmv5z7603ys/match/view/36yiwz8fw20zptjxptqko5lw4,4,2,0,0,0,0,0,2,1,1,0,1,0,1,6,2,3,1,1,0,1,2.6,4.0,1.0,0.0,2.0,0.0,2.0,1.4,0.0,0.8666666666666667,87,0.7333333333333334,2.0,3.0,1.0,1.0,1.4,0.6,0.8,2.4,0.0,0.6666666666666666,87,0.3333333333333333,1
880,37fnajmsuypf04rt2jybh5udw,2022,2022-06-16 19:00:00,2022,6,quinta-feira,19,Avai FC,Fortaleza EC,Ressacada,Raphael Claus,8.937,8937,16 de junho de 2022 19:00,3,2,home_win,0,https://optaplayerstats.statsperform.com/pt_BR/soccer/brasileir%C3%A3o-s%C3%A9rie-a-2022/css9eoc46vca8gkmv5z7603ys/match/view/37fnajmsuypf04rt2jybh5udw,3,1,0,0,0,2,0,2,3,0,0,0,0,0,5,1,4,0,0,1,0,0.8,1.0,1.0,3.0,1.0,1.4,-0.4,3.8,0.6,0.26666666666666666,11,0.6666666666666666,1.2,1.0,3.0,1.0,0.8,0.8,0.0,2.6,0.2,0.4,87,0.19999999999999998,1
881,38f2hz7s1nojro2n3mwmv3rpw,2022,2022-06-18 19:00:00,2022,6,sábado,19,Cuiabá EC,Ceará SC,Arena Pantanal,Flavio Rodrigues De Souza,7.512,7512,18 de junho de 2022 19:00,0,0,draw,1,https://optaplayerstats.statsperform.com/pt_BR/soccer/brasileir%C3%A3o-s%C3%A9rie-a-2022/css9eoc46vca8gkmv5z7603ys/match/view/38f2hz7s1nojro2n3mwmv3rpw,0,1,0,0,0,0,0,0,2,0,0,0,0,0,0,0,3,0,0,0,0,0.8,1.0,1.0,3.0,0.6,1.2,-0.6,2.4,0.2,0.26666666666666666,50,0.39999999999999997,1.8,2.0,3.0,0.0,1.0,0.4,0.6,2.4,0.2,0.6,88,0.6,1
882,381ghdaswp4plbdmthwzr0650,2022,2022-06-18 21:00:00,2022,6,sábado,21,Santos FC Sao Paulo,Red Bull Bragantino,Vila Belmiro,Douglas Marques das Flores,10.924,10924,18 de junho de 2022 21:00,2,2,draw,1,https://optaplayerstats.statsperform.com/pt_BR/soccer/brasileir%C3%A3o-s%C3%A9rie-a-2022/css9eoc46vca8gkmv5z7603ys/match/view/381ghdaswp4plbdmthwzr0650,2,5,0,1,1,0,0,2,3,0,0,0,0,0,4,0,8,1,1,0,0,1.2,1.0,3.0,1.0,1.2,1.2,0.0,3.2,0.2,0.4,88,0.5333333333333333,1.6,2.0,2.0,1.0,1.4,1.2,0.2,2.6,0.4,0.5333333333333333,88,0.39999999999999997,1
883,37nywfzc497szu25hoz1czod0,2022,2022-06-19 16:00:00,2022,6,domingo,16,Clube Atlético Mineiro,CR Flamengo,Mineirão,Raphael Claus,55.373,55373,19 de junho de 2022 16:00,2,0,home_win,0,https://optaplayerstats.statsperform.com/pt_BR/soccer/brasileir%C3%A3o-s%C3%A9rie-a-2022/css9eoc46vca8gkmv5z7603ys/match/view/37nywfzc497szu25hoz1czod0,2,4,0,0,0,0,0,0,1,0,0,0,0,0,2,2,5,0,0,0,0,1.2,1.0,3.0,1.0,1.2,1.4,-0.2,3.4,0.0,0.4,88,0.5333333333333333,1.2,2.0,0.0,3.0,1.2,1.4,-0.2,3.2,0.2,0.4,88,0.26666666666666666,1
884,37xzrtuf8qb0c6ugo6mbz3zmc,2022,2022-06-19 16:00:00,2022,6,domingo,16,SC Corinthians Paulista,Goiás EC,Neo Química Arena,Braulio da Silva Machado,35.900,35900,19 de junho de 2022 16:00,1,0,home_win,0,https://optaplayerstats.statsperform.com/pt_BR/soccer/brasileir%C3%A3o-s%C3%A9rie-a-2022/css9eoc46vca8gkmv5z7603ys/match/view/37xzrtuf8qb0c6ugo6mbz3zmc,1,1,0,0,0,1,0,0,4,0,0,0,0,0,1,1,5,0,0,1,0,1.6,2.0,2.0,1.0,1.0,0.6,0.4,2.0,0.2,0.5333333333333333,88,0.7333333333333334,1.2,1.0,3.0,1.0,1.2,1.2,0.0,3.4,0.0,0.4,12,0.4666666666666666,1
885,38iexrfy2aw4u1h8dr6p7h6hg,2022,2022-06-19 16:00:00,2022,6,domingo,16,Coritiba FBC,Club Athletico Paranaense,Couto Pereira,Luiz Flávio de Oliveira,22.609,22609,19 de junho de 2022 16:00,0,1,away_win,2,https://optaplayerstats.statsperform.com/pt_BR/soccer/brasileir%C3%A3o-s%C3%A9rie-a-2022/css9eoc46vca8gkmv5z7603ys/match/view/38iexrfy2aw4u1h8dr6p7h6hg,0,5,1,1,2,0,0,1,6,0,0,0,1,0,1,-1,11,2,1,1,0,1.0,1.0,2.0,2.0,1.0,1.6,-0.6,2.8,0.2,0.3333333333333333,12,0.6666666666666666,1.8,2.0,3.0,0.0,1.4,0.8,0.6,3.2,0.2,0.6,88,0.4666666666666666,1
886,384xhbn7zhgswj4lr5gy8ror8,2022,2022-06-19 18:00:00,2022,6,domingo,18,SC Internacional,Botafogo FR,Beira-Rio,Sávio Pereira Sampaio,26.219,26219,19 de junho de 2022 18:00,2,3,away_win,2,https://optaplayerstats.statsperform.com/pt_BR/soccer/brasileir%C3%A3o-s%C3%A9rie-a-2022/css9eoc46vca8gkmv5z7603ys/match/view/384xhbn7zhgswj4lr5gy8ror8,2,5,1,1,2,1,0,3,6,3,0,3,0,0,5,-1,11,5,1,1,0,2.2,3.0,2.0,0.0,1.8,0.8,1.0,2.2,0.0,0.7333333333333333,88,0.6,0.6,1.0,0.0,4.0,0.4,1.6,-1.2,3.4,0.0,0.2,12,0.3333333333333333,1
887,388c0qgqoz8vw63r9njcde0b8,2022,2022-06-19 18:00:00,2022,6,domingo,18,Fortaleza EC,América FC (Minas Gerais),Castelão,Leandro Pedro Vuaden,17.709,17709,19 de junho de 2022 18:00,1,0,home_win,0,https://optaplayerstats.statsperform.com/pt_BR/soccer/brasileir%C3%A3o-s%C3%A9rie-a-2022/css9eoc46vca8gkmv5z7603ys/match/view/388c0qgqoz8vw63r9njcde0b8,1,1,1,0,1,0,0,0,0,0,0,0,0,0,1,1,1,1,1,0,0,1.0,1.0,2.0,2.0,1.0,1.2,-0.2,2.8,0.2,0.3333333333333333,88,0.19999999999999998,1.0,1.0,2.0,2.0,0.6,1.0,-0.4,1.6,0.2,0.3333333333333333,50,0.26666666666666666,1
888,38bnggc7qr2bmm3i8y3v7qfx0,2022,2022-06-19 18:00:00,2022,6,domingo,18,Atlético Goianiense,EC Juventude,Estádio Antônio Accioly,Marcelo de Lima Henrique,4.524,4524,19 de junho de 2022 18:00,3,1,home_win,0,https://optaplayerstats.statsperform.com/pt_BR/soccer/brasileir%C3%A3o-s%C3%A9rie-a-2022/css9eoc46vca8gkmv5z7603ys/match/view/38bnggc7qr2bmm3i8y3v7qfx0,3,3,0,0,0,0,0,1,4,1,0,1,0,0,4,2,7,1,1,0,0,1.4,2.0,1.0,2.0,1.4,1.4,0.0,1.8,0.2,0.4666666666666667,88,0.4666666666666666,0.8,1.0,1.0,3.0,0.8,1.6,-0.8,2.6,0.2,0.26666666666666666,50,0.3333333333333333,1
889,37r8df2uh7ct4xn9srcak1t78,2022,2022-06-19 19:00:00,2022,6,domingo,19,Fluminense FC,Avai FC,Estádio Jornalista Mário Filho (Maracanã),Paulo Roberto Alves Júnior,15.530,15530,19 de junho de 2022 19:00,2,0,home_win,0,https://optaplayerstats.statsperform.com/pt_BR/soccer/brasileir%C3%A3o-s%C3%A9rie-a-2022/css9eoc46vca8gkmv5z7603ys/match/view/37r8df2uh7ct4xn9srcak1t78,2,0,0,0,0,0,0,0,3,0,0,0,0,0,2,2,3,0,0,0,0,0.8,1.0,1.0,3.0,1.2,1.6,-0.4,3.0,0.6,0.26666666666666666,88,0.39999999999999997,1.4,2.0,1.0,2.0,1.4,1.4,0.0,2.8,0.6,0.4666666666666667,12,0.26666666666666666,1
890,37ul75ksci2y56somspacv9jo,2022,2022-06-20 20:00:00,2022,6,segunda-feira,20,São Paulo FC,SE Palmeiras,Morumbi,Anderson Daronco,31.055,31055,20 de junho de 2022 20:00,1,2,away_win,2,https://optaplayerstats.statsperform.com/pt_BR/soccer/brasileir%C3%A3o-s%C3%A9rie-a-2022/css9eoc46vca8gkmv5z7603ys/match/view/37ul75ksci2y56somspacv9jo,1,3,0,0,0,0,0,2,1,0,0,0,0,0,3,-1,4,0,0,0,0,1.2,1.0,3.0,1.0,1.0,1.0,0.0,2.6,0.2,0.4,88,0.8666666666666667,2.6,4.0,1.0,0.0,2.2,0.4,1.8,1.6,0.0,0.8666666666666667,88,0.7333333333333334,1
891,393kdhgh0ktn6o9p5qyqp12xg,2022,2022-06-24 21:30:00,2022,6,sexta-feira,21,SC Internacional,Coritiba FBC,Beira-Rio,Jefferson Ferreira de Moraes,13.454,13454,24 de junho de 2022 21:30,3,0,home_win,0,https://optaplayerstats.statsperform.com/pt_BR/soccer/brasileir%C3%A3o-s%C3%A9rie-a-2022/css9eoc46vca8gkmv5z7603ys/match/view/393kdhgh0ktn6o9p5qyqp12xg,3,2,0,0,0,0,0,0,4,0,0,0,0,0,3,3,6,0,0,0,0,2.0,3.0,1.0,1.0,2.0,1.2,0.8,3.0,0.4,0.6666666666666666,89,0.39999999999999997,0.4,0.0,2.0,3.0,0.8,1.8,-1.0,2.8,0.6,0.13333333333333333,13,0.13333333333333333,1
892,39j62pocfn2f0kev6qjnuzspg,2022,2022-06-25 16:30:00,2022,6,sábado,16,Club Athletico Paranaense,Red Bull Bragantino,Arena da Baixada,Caio Max Augusto Vieira,16.327,16327,25 de junho de 2022 16:30,4,2,home_win,0,https://optaplayerstats.statsperform.com/pt_BR/soccer/brasileir%C3%A3o-s%C3%A9rie-a-2022/css9eoc46vca8gkmv5z7603ys/match/view/39j62pocfn2f0kev6qjnuzspg,4,4,0,0,0,0,0,2,1,0,0,0,1,0,6,2,5,0,0,1,0,1.8,2.0,3.0,0.0,1.4,0.8,0.6,4.4,0.2,0.6,89,0.7333333333333334,1.6,2.0,2.0,1.0,1.6,1.4,0.2,2.6,0.2,0.5333333333333333,89,0.39999999999999997,1
893,38p8r0x936jbwfhahbf3e4pw4,2022,2022-06-25 19:00:00,2022,6,sábado,19,CR Flamengo,América FC (Minas Gerais),Estádio Jornalista Mário Filho (Maracanã),Ramon Abatti,42.931,42931,25 de junho de 2022 19:00,3,0,home_win,0,https://optaplayerstats.statsperform.com/pt_BR/soccer/brasileir%C3%A3o-s%C3%A9rie-a-2022/css9eoc46vca8gkmv5z7603ys/match/view/38p8r0x936jbwfhahbf3e4pw4,3,1,0,0,0,0,0,0,2,0,0,0,0,0,3,3,3,0,0,0,0,0.6,1.0,0.0,4.0,0.8,1.6,-0.8,2.4,0.0,0.2,89,0.4666666666666666,0.8,1.0,1.0,3.0,0.4,1.0,-0.6,1.4,0.2,0.26666666666666666,51,0.26666666666666666,1
894,38wshqss6imv4ndscdjcmf6s4,2022,2022-06-25 19:00:00,2022,6,sábado,19,SC Corinthians Paulista,Santos FC Sao Paulo,Neo Química Arena,Flavio Rodrigues De Souza,40.842,40842,25 de junho de 2022 19:00,0,0,draw,1,https://optaplayerstats.statsperform.com/pt_BR/soccer/brasileir%C3%A3o-s%C3%A9rie-a-2022/css9eoc46vca8gkmv5z7603ys/match/view/38wshqss6imv4ndscdjcmf6s4,0,3,0,0,0,0,0,0,3,0,0,0,0,0,0,0,6,0,0,0,0,2.0,3.0,1.0,1.0,1.0,0.4,0.6,1.8,0.2,0.6666666666666666,89,0.7333333333333334,1.4,1.0,4.0,0.0,1.6,1.4,0.2,3.2,0.4,0.4666666666666667,89,0.3333333333333333,1
895,38lskuz17czr030q72pgmly50,2022,2022-06-25 21:00:00,2022,6,sábado,21,Clube Atlético Mineiro,Fortaleza EC,Mineirão,Jean Pierre Goncalves Lima,30.003,30003,25 de junho de 2022 21:00,3,2,home_win,0,https://optaplayerstats.statsperform.com/pt_BR/soccer/brasileir%C3%A3o-s%C3%A9rie-a-2022/css9eoc46vca8gkmv5z7603ys/match/view/38lskuz17czr030q72pgmly50,3,0,0,0,0,0,1,2,5,0,0,0,0,0,5,1,5,0,0,0,1,1.2,1.0,3.0,1.0,1.2,1.2,0.0,3.6,0.0,0.4,89,0.6666666666666666,1.6,2.0,2.0,1.0,1.2,1.0,0.2,2.0,0.2,0.5333333333333333,89,0.19999999999999998,1
896,390ae1i1gjnyul9nsdyn7y2vo,2022,2022-06-26 16:00:00,2022,6,domingo,16,Botafogo FR,Fluminense FC,Estádio Nilton Santos,Anderson Daronco,29.791,29791,26 de junho de 2022 16:00,0,1,away_win,2,https://optaplayerstats.statsperform.com/pt_BR/soccer/brasileir%C3%A3o-s%C3%A9rie-a-2022/css9eoc46vca8gkmv5z7603ys/match/view/390ae1i1gjnyul9nsdyn7y2vo,0,3,0,0,0,0,0,1,2,0,0,0,0,0,1,-1,5,0,0,0,0,1.2,2.0,0.0,3.0,1.0,1.8,-0.8,4.0,0.6,0.4,13,0.4666666666666666,1.4,2.0,1.0,2.0,1.4,1.2,0.2,2.4,0.4,0.4666666666666667,89,0.3333333333333333,1
897,39fmpjxlipodoa1u34468t05w,2022,2022-06-26 16:00:00,2022,6,domingo,16,Avai FC,SE Palmeiras,Ressacada,Wagner do Nascimento Magalhaes,15.233,15233,26 de junho de 2022 16:00,2,2,draw,1,https://optaplayerstats.statsperform.com/pt_BR/soccer/brasileir%C3%A3o-s%C3%A9rie-a-2022/css9eoc46vca8gkmv5z7603ys/match/view/39fmpjxlipodoa1u34468t05w,2,4,0,0,0,1,0,2,1,0,0,0,1,0,4,0,5,0,0,1,0,1.4,2.0,1.0,2.0,1.2,1.4,-0.2,3.0,0.4,0.4666666666666667,13,0.6666666666666666,2.6,4.0,1.0,0.0,2.4,0.6,1.8,1.6,0.0,0.8666666666666667,89,0.8666666666666667,1
898,38syqrmxs202ch088nkvoruac,2022,2022-06-26 18:00:00,2022,6,domingo,18,São Paulo FC,EC Juventude,Morumbi,André Luiz de Freitas Castro,20.466,20466,26 de junho de 2022 18:00,0,0,draw,1,https://optaplayerstats.statsperform.com/pt_BR/soccer/brasileir%C3%A3o-s%C3%A9rie-a-2022/css9eoc46vca8gkmv5z7603ys/match/view/38syqrmxs202ch088nkvoruac,0,3,0,0,0,0,0,0,4,0,0,0,0,0,0,0,7,0,0,0,0,1.0,1.0,2.0,2.0,0.8,1.0,-0.2,2.6,0.0,0.3333333333333333,89,0.6666666666666666,0.6,1.0,0.0,4.0,0.8,2.0,-1.2,2.8,0.4,0.2,51,0.3333333333333333,1
899,396vqhe8b5uqfqadqpopcbvv8,2022,2022-06-26 18:00:00,2022,6,domingo,18,Ceará SC,Atlético Goianiense,Castelão,Douglas Marques das Flores,21.337,21337,26 de junho de 2022 18:00,1,1,draw,1,https://optaplayerstats.statsperform.com/pt_BR/soccer/brasileir%C3%A3o-s%C3%A9rie-a-2022/css9eoc46vca8gkmv5z7603ys/match/view/396vqhe8b5uqfqadqpopcbvv8,1,2,0,0,0,0,0,1,2,0,0,0,0,0,2,0,4,0,0,0,0,1.4,1.0,4.0,0.0,0.8,0.4,0.4,2.0,0.2,0.4666666666666667,89,0.19999999999999998,1.8,3.0,0.0,2.0,1.8,1.4,0.4,2.0,0.2,0.6,89,0.3333333333333333,1
900,39c8z1i3008hhlbqwr4xy8s2c,2022,2022-06-26 18:00:00,2022,6,domingo,18,Goiás EC,Cuiabá EC,Estádio Hailé Pinheiro (Serrinha),Rodolpho Toski Marques,8.871,8871,26 de junho de 2022 18:00,1,0,home_win,0,https://optaplayerstats.statsperform.com/pt_BR/soccer/brasileir%C3%A3o-s%C3%A9rie-a-2022/css9eoc46vca8gkmv5z7603ys/match/view/39c8z1i3008hhlbqwr4xy8s2c,1,3,0,0,0,0,0,0,4,0,1,1,0,0,1,1,7,1,1,0,0,1.0,1.0,2.0,2.0,1.0,1.2,-0.2,3.8,0.0,0.3333333333333333,13,0.39999999999999997,1.0,1.0,2.0,2.0,0.6,1.0,-0.4,1.6,0.2,0.3333333333333333,51,0.19999999999999998,1
901,39qh9qp0fhugchuqgcohulslw,2022,2022-07-02 16:30:00,2022,7,sábado,16,Fluminense FC,SC Corinthians Paulista,Estádio Jornalista Mário Filho (Maracanã),Wilton Pereira Sampaio,44.782,44782,2 de julho de 2022 16:30,4,0,home_win,0,https://optaplayerstats.statsperform.com/pt_BR/soccer/brasileir%C3%A3o-s%C3%A9rie-a-2022/css9eoc46vca8gkmv5z7603ys/match/view/39qh9qp0fhugchuqgcohulslw,4,0,0,0,0,0,0,0,3,0,0,0,0,0,4,4,3,0,0,0,0,2.0,3.0,1.0,1.0,1.6,1.0,0.6,2.0,0.2,0.6666666666666666,90,0.6,1.6,2.0,2.0,1.0,0.8,0.4,0.4,1.8,0.2,0.5333333333333333,90,0.5333333333333333,1
902,3a4b578j9kg512tu0v41opc7o,2022,2022-07-02 16:30:00,2022,7,sábado,16,EC Juventude,Clube Atlético Mineiro,Alfredo Jaconi,Flavio Rodrigues De Souza,6.565,6565,2 de julho de 2022 16:30,1,2,away_win,2,https://optaplayerstats.statsperform.com/pt_BR/soccer/brasileir%C3%A3o-s%C3%A9rie-a-2022/css9eoc46vca8gkmv5z7603ys/match/view/3a4b578j9kg512tu0v41opc7o,1,2,0,0,0,0,0,2,1,0,0,0,1,0,3,-1,3,0,0,1,0,0.2,0.0,1.0,4.0,0.6,2.0,-1.4,3.0,0.4,0.06666666666666667,52,0.26666666666666666,1.6,2.0,2.0,1.0,1.8,1.6,0.2,3.0,0.0,0.5333333333333333,90,0.26666666666666666,1
903,3a0wu0cz3926nv6dbp8qxrjtg,2022,2022-07-02 19:00:00,2022,7,sábado,19,Santos FC Sao Paulo,CR Flamengo,Vila Belmiro,Anderson Daronco,12.464,12464,2 de julho de 2022 19:00,1,2,away_win,2,https://optaplayerstats.statsperform.com/pt_BR/soccer/brasileir%C3%A3o-s%C3%A9rie-a-2022/css9eoc46vca8gkmv5z7603ys/match/view/3a0wu0cz3926nv6dbp8qxrjtg,1,4,0,0,0,0,0,2,2,0,0,0,0,0,3,-1,6,0,0,0,0,1.4,1.0,4.0,0.0,1.2,1.0,0.2,3.2,0.4,0.4666666666666667,90,0.39999999999999997,1.2,2.0,0.0,3.0,1.2,1.2,0.0,2.0,0.0,0.4,90,0.26666666666666666,1
904,3a7pxng16vu61jompyclqj9qs,2022,2022-07-02 19:00:00,2022,7,sábado,19,Ceará SC,SC Internacional,Castelão,Rodolpho Toski Marques,23.283,23283,2 de julho de 2022 19:00,1,1,draw,1,https://optaplayerstats.statsperform.com/pt_BR/soccer/brasileir%C3%A3o-s%C3%A9rie-a-2022/css9eoc46vca8gkmv5z7603ys/match/view/3a7pxng16vu61jompyclqj9qs,1,4,0,0,0,1,0,1,3,1,0,1,0,0,2,0,7,1,1,1,0,1.4,1.0,4.0,0.0,0.8,0.4,0.4,2.2,0.2,0.4666666666666667,90,0.26666666666666666,2.0,3.0,1.0,1.0,2.2,1.2,1.0,2.8,0.4,0.6666666666666666,90,0.6,1
905,39xgsux4slo9h7rm5zjogeluc,2022,2022-07-02 21:00:00,2022,7,sábado,21,SE Palmeiras,Club Athletico Paranaense,Allianz Parque,Braulio da Silva Machado,39.192,39192,2 de julho de 2022 21:00,0,2,away_win,2,https://optaplayerstats.statsperform.com/pt_BR/soccer/brasileir%C3%A3o-s%C3%A9rie-a-2022/css9eoc46vca8gkmv5z7603ys/match/view/39xgsux4slo9h7rm5zjogeluc,0,2,1,0,1,0,0,2,2,0,0,0,1,0,2,-2,4,1,1,1,0,2.6,4.0,1.0,0.0,2.8,1.0,1.8,1.4,0.0,0.8666666666666667,90,0.7333333333333334,2.2,3.0,2.0,0.0,1.8,0.8,1.0,4.0,0.2,0.7333333333333333,90,0.6666666666666666,1
906,3af25korw6fl5266zbaqbt91w,2022,2022-07-03 11:00:00,2022,7,domingo,11,Avai FC,Cuiabá EC,Ressacada,Jean Pierre Goncalves Lima,13.103,13103,3 de julho de 2022 11:00,1,2,away_win,2,https://optaplayerstats.statsperform.com/pt_BR/soccer/brasileir%C3%A3o-s%C3%A9rie-a-2022/css9eoc46vca8gkmv5z7603ys/match/view/3af25korw6fl5266zbaqbt91w,1,0,0,0,0,0,0,2,0,0,0,0,0,0,3,-1,0,0,0,0,0,1.4,2.0,1.0,2.0,1.4,1.6,-0.2,3.4,0.4,0.4666666666666667,14,0.5333333333333333,1.0,1.0,2.0,2.0,0.4,0.8,-0.4,2.2,0.4,0.3333333333333333,52,0.0,1
907,3abdtye61o134cxdfmsz6oc9g,2022,2022-07-03 16:00:00,2022,7,domingo,16,Atlético Goianiense,São Paulo FC,Estádio Antônio Accioly,Wagner do Nascimento Magalhaes,12.089,12089,3 de julho de 2022 16:00,1,2,away_win,2,https://optaplayerstats.statsperform.com/pt_BR/soccer/brasileir%C3%A3o-s%C3%A9rie-a-2022/css9eoc46vca8gkmv5z7603ys/match/view/3abdtye61o134cxdfmsz6oc9g,1,5,0,0,0,1,0,2,7,0,0,0,1,0,3,-1,12,0,0,1,0,2.0,3.0,1.0,1.0,2.0,1.4,0.6,1.8,0.2,0.6666666666666666,90,0.6,1.0,1.0,2.0,2.0,0.6,0.8,-0.2,2.8,0.0,0.3333333333333333,90,0.26666666666666666,1
908,39n1ctdxo6ex29n2v3cmi5f6c,2022,2022-07-03 18:00:00,2022,7,domingo,18,América FC (Minas Gerais),Goiás EC,Estádio Raimundo Sampaio,Caio Max Augusto Vieira,2.339,2339,3 de julho de 2022 18:00,1,0,home_win,0,https://optaplayerstats.statsperform.com/pt_BR/soccer/brasileir%C3%A3o-s%C3%A9rie-a-2022/css9eoc46vca8gkmv5z7603ys/match/view/39n1ctdxo6ex29n2v3cmi5f6c,1,2,0,0,0,0,0,0,2,0,0,0,0,0,1,1,4,0,0,0,0,0.2,0.0,1.0,4.0,0.0,1.4,-1.4,1.8,0.2,0.06666666666666667,52,0.5333333333333333,1.0,1.0,2.0,2.0,0.8,1.0,-0.2,4.0,0.0,0.3333333333333333,14,0.4666666666666666,1
909,3aifvp1bng2p6f8ngjzg6rtw4,2022,2022-07-03 18:45:00,2022,7,domingo,18,Coritiba FBC,Fortaleza EC,Couto Pereira,Felipe Fernandes de Lima,18.655,18655,3 de julho de 2022 18:45,2,1,home_win,0,https://optaplayerstats.statsperform.com/pt_BR/soccer/brasileir%C3%A3o-s%C3%A9rie-a-2022/css9eoc46vca8gkmv5z7603ys/match/view/3aifvp1bng2p6f8ngjzg6rtw4,2,2,1,0,1,0,0,1,3,0,0,0,0,0,3,1,5,1,1,0,0,0.2,0.0,1.0,4.0,0.6,2.2,-1.6,2.8,0.6,0.06666666666666667,14,0.4666666666666666,1.0,1.0,2.0,2.0,1.2,1.4,-0.2,2.2,0.2,0.3333333333333333,90,0.19999999999999998,1
910,39tzxlrze1j9gifnrlk7fwt1w,2022,2022-07-04 20:00:00,2022,7,segunda-feira,20,Red Bull Bragantino,Botafogo FR,Nabizão,Ramon Abatti,4.509,4509,4 de julho de 2022 20:00,0,1,away_win,2,https://optaplayerstats.statsperform.com/pt_BR/soccer/brasileir%C3%A3o-s%C3%A9rie-a-2022/css9eoc46vca8gkmv5z7603ys/match/view/39tzxlrze1j9gifnrlk7fwt1w,0,1,1,0,1,0,0,1,4,0,0,0,0,0,1,-1,5,1,1,0,0,1.6,2.0,2.0,1.0,2.0,1.8,0.2,2.2,0.2,0.5333333333333333,90,0.4666666666666666,1.2,2.0,0.0,3.0,0.8,1.6,-0.8,4.2,0.6,0.4,14,0.4666666666666666,1
911,3atkgk6ecsl38fbrhdwjx28t0,2022,2022-07-09 16:30:00,2022,7,sábado,16,Red Bull Bragantino,Avai FC,Nabizão,Marcelo de Lima Henrique,3.162,3162,9 de julho de 2022 16:30,4,0,home_win,0,https://optaplayerstats.statsperform.com/pt_BR/soccer/brasileir%C3%A3o-s%C3%A9rie-a-2022/css9eoc46vca8gkmv5z7603ys/match/view/3atkgk6ecsl38fbrhdwjx28t0,4,1,0,0,0,0,0,0,3,0,0,0,0,0,4,4,4,0,0,0,0,1.0,1.0,2.0,2.0,1.8,2.0,-0.2,2.2,0.2,0.3333333333333333,91,0.4666666666666666,1.4,2.0,1.0,2.0,1.4,1.6,-0.2,2.6,0.2,0.4666666666666667,15,0.19999999999999998,1
912,3apwkthzjboib3eo61ml03sb8,2022,2022-07-09 19:00:00,2022,7,sábado,19,Fluminense FC,Ceará SC,Estádio Jornalista Mário Filho (Maracanã),Luiz Flávio de Oliveira,63.707,63707,9 de julho de 2022 19:00,2,1,home_win,0,https://optaplayerstats.statsperform.com/pt_BR/soccer/brasileir%C3%A3o-s%C3%A9rie-a-2022/css9eoc46vca8gkmv5z7603ys/match/view/3apwkthzjboib3eo61ml03sb8,2,2,0,0,0,0,0,1,3,0,0,0,0,0,3,1,5,0,0,0,0,2.0,3.0,1.0,1.0,1.4,0.4,1.0,1.2,0.2,0.6666666666666666,91,0.6,1.0,0.0,5.0,0.0,0.6,0.6,0.0,2.4,0.2,0.3333333333333333,91,0.6,1
913,3begs0xyk8pic4zr801l0lfkk,2022,2022-07-09 20:30:00,2022,7,sábado,20,Goiás EC,Club Athletico Paranaense,Estádio Hailé Pinheiro (Serrinha),Raphael Claus,9.044,9044,9 de julho de 2022 20:30,2,1,home_win,0,https://optaplayerstats.statsperform.com/pt_BR/soccer/brasileir%C3%A3o-s%C3%A9rie-a-2022/css9eoc46vca8gkmv5z7603ys/match/view/3begs0xyk8pic4zr801l0lfkk,2,2,0,0,0,0,0,1,1,0,0,0,1,0,3,1,3,0,0,1,0,0.8,1.0,1.0,3.0,0.6,1.0,-0.4,4.0,0.0,0.26666666666666666,15,0.5333333333333333,2.2,3.0,2.0,0.0,1.6,0.6,1.0,3.4,0.2,0.7333333333333333,91,0.8666666666666667,1
914,3blj9atsnb9xh9aq2to21pfys,2022,2022-07-10 11:00:00,2022,7,domingo,11,Coritiba FBC,EC Juventude,Couto Pereira,Bruno Arleu de Araújo,20.235,20235,10 de julho de 2022 11:00,2,2,draw,1,https://optaplayerstats.statsperform.com/pt_BR/soccer/brasileir%C3%A3o-s%C3%A9rie-a-2022/css9eoc46vca8gkmv5z7603ys/match/view/3blj9atsnb9xh9aq2to21pfys,2,2,0,0,0,0,0,2,3,0,0,0,1,0,4,0,5,0,0,1,0,0.6,1.0,0.0,4.0,0.8,2.2,-1.4,2.6,0.8,0.2,15,0.4666666666666666,0.2,0.0,1.0,4.0,0.6,1.8,-1.2,3.0,0.4,0.06666666666666667,53,0.3333333333333333,1
915,3axoh9ylvhkzhq0z2mnc0molw,2022,2022-07-10 16:00:00,2022,7,domingo,16,SC Corinthians Paulista,CR Flamengo,Neo Química Arena,Ramon Abatti,44.055,44055,10 de julho de 2022 16:00,1,0,home_win,0,https://optaplayerstats.statsperform.com/pt_BR/soccer/brasileir%C3%A3o-s%C3%A9rie-a-2022/css9eoc46vca8gkmv5z7603ys/match/view/3axoh9ylvhkzhq0z2mnc0molw,1,3,1,0,1,0,1,0,4,0,0,0,0,0,1,1,7,1,1,0,1,1.6,2.0,2.0,1.0,0.8,1.0,-0.2,2.0,0.2,0.5333333333333333,91,0.6,1.8,3.0,0.0,2.0,1.6,1.2,0.4,1.6,0.0,0.6,91,0.39999999999999997,1
916,3alvqapbxz4dn7obiftm1u6ms,2022,2022-07-10 18:00:00,2022,7,domingo,18,Clube Atlético Mineiro,São Paulo FC,Mineirão,Anderson Daronco,52.356,52356,10 de julho de 2022 18:00,0,0,draw,1,https://optaplayerstats.statsperform.com/pt_BR/soccer/brasileir%C3%A3o-s%C3%A9rie-a-2022/css9eoc46vca8gkmv5z7603ys/match/view/3alvqapbxz4dn7obiftm1u6ms,0,1,0,0,0,0,0,0,1,0,0,0,0,0,0,0,2,0,0,0,0,2.2,3.0,2.0,0.0,1.6,0.8,0.8,2.4,0.0,0.7333333333333333,91,0.8666666666666667,1.4,2.0,1.0,2.0,0.8,0.8,0.0,3.6,0.0,0.4666666666666667,91,0.39999999999999997,1
917,3b3cprcsn4hduw7ftu6tpj3mc,2022,2022-07-10 18:00:00,2022,7,domingo,18,Santos FC Sao Paulo,Atlético Goianiense,Vila Belmiro,Braulio da Silva Machado,8.588,8588,10 de julho de 2022 18:00,1,0,home_win,0,https://optaplayerstats.statsperform.com/pt_BR/soccer/brasileir%C3%A3o-s%C3%A9rie-a-2022/css9eoc46vca8gkmv5z7603ys/match/view/3b3cprcsn4hduw7ftu6tpj3mc,1,6,0,0,0,0,0,0,4,0,0,0,0,0,1,1,10,0,0,0,0,1.2,1.0,3.0,1.0,1.2,1.2,0.0,3.6,0.4,0.4,91,0.19999999999999998,1.4,2.0,1.0,2.0,1.8,1.6,0.2,2.6,0.2,0.4666666666666667,91,0.3333333333333333,1
918,3bazr36g1w9r4zk9dpp05ru38,2022,2022-07-10 18:00:00,2022,7,domingo,18,Fortaleza EC,SE Palmeiras,Castelão,Wilton Pereira Sampaio,24.888,24888,10 de julho de 2022 18:00,0,0,draw,1,https://optaplayerstats.statsperform.com/pt_BR/soccer/brasileir%C3%A3o-s%C3%A9rie-a-2022/css9eoc46vca8gkmv5z7603ys/match/view/3bazr36g1w9r4zk9dpp05ru38,0,0,0,0,0,0,0,0,1,0,0,0,0,0,0,0,1,0,0,0,0,0.8,1.0,1.0,3.0,1.2,1.6,-0.4,2.6,0.2,0.26666666666666666,91,0.39999999999999997,2.0,3.0,1.0,1.0,2.0,1.4,0.6,1.6,0.2,0.6666666666666666,91,0.8666666666666667,1
919,3bhv0pcnf0exbvkv72c9cecd0,2022,2022-07-10 19:00:00,2022,7,domingo,19,Cuiabá EC,Botafogo FR,Arena Pantanal,Jefferson Ferreira de Moraes,14.719,14719,10 de julho de 2022 19:00,2,0,home_win,0,https://optaplayerstats.statsperform.com/pt_BR/soccer/brasileir%C3%A3o-s%C3%A9rie-a-2022/css9eoc46vca8gkmv5z7603ys/match/view/3bhv0pcnf0exbvkv72c9cecd0,2,1,0,0,0,0,0,0,2,1,1,2,0,0,2,2,3,2,1,0,0,1.0,1.0,2.0,2.0,0.6,1.0,-0.4,2.0,0.2,0.3333333333333333,53,0.39999999999999997,1.8,3.0,0.0,2.0,1.0,0.8,0.2,4.8,0.6,0.6,15,0.4666666666666666,1
920,3b73mk8r9jlwbf8lpl37wja50,2022,2022-07-11 20:00:00,2022,7,segunda-feira,20,SC Internacional,América FC (Minas Gerais),Beira-Rio,Flavio Rodrigues De Souza,19.023,19023,11 de julho de 2022 20:00,1,0,home_win,0,https://optaplayerstats.statsperform.com/pt_BR/soccer/brasileir%C3%A3o-s%C3%A9rie-a-2022/css9eoc46vca8gkmv5z7603ys/match/view/3b73mk8r9jlwbf8lpl37wja50,1,0,0,0,0,0,0,0,5,0,0,0,0,0,1,1,5,0,0,0,0,2.0,3.0,1.0,1.0,2.2,1.2,1.0,3.2,0.6,0.6666666666666666,91,0.5333333333333333,0.8,1.0,1.0,3.0,0.2,1.0,-0.8,1.8,0.2,0.26666666666666666,53,0.06666666666666667,1
921,3ck1pqrg64dl2rtlk2q43jy1g,2022,2022-07-16 16:30:00,2022,7,sábado,16,Club Athletico Paranaense,SC Internacional,Arena da Baixada,Ramon Abatti,21.402,21402,16 de julho de 2022 16:30,0,0,draw,1,https://optaplayerstats.statsperform.com/pt_BR/soccer/brasileir%C3%A3o-s%C3%A9rie-a-2022/css9eoc46vca8gkmv5z7603ys/match/view/3ck1pqrg64dl2rtlk2q43jy1g,0,1,0,0,0,0,0,0,2,0,0,0,0,0,0,0,3,0,0,0,0,2.0,3.0,1.0,1.0,1.8,1.0,0.8,3.0,0.2,0.6666666666666666,92,0.7333333333333334,2.0,3.0,1.0,1.0,1.8,1.0,0.8,2.6,0.6,0.6666666666666666,92,0.6,1
922,3bs4b6hwx2vl2nlf6xiagusyc,2022,2022-07-16 19:00:00,2022,7,sábado,19,CR Flamengo,Coritiba FBC,Estádio Nacional,Flavio Rodrigues De Souza,33.778,33778,16 de julho de 2022 19:00,2,0,home_win,0,https://optaplayerstats.statsperform.com/pt_BR/soccer/brasileir%C3%A3o-s%C3%A9rie-a-2022/css9eoc46vca8gkmv5z7603ys/match/view/3bs4b6hwx2vl2nlf6xiagusyc,2,0,0,0,0,0,0,0,1,0,0,0,0,0,2,2,1,0,0,0,0,1.8,3.0,0.0,2.0,1.4,0.8,0.6,1.8,0.0,0.6,92,0.6,0.8,1.0,1.0,3.0,1.2,2.2,-1.0,2.8,0.6,0.26666666666666666,16,0.06666666666666667,1
923,3cgk918041ao3isgehbw1j95g,2022,2022-07-16 19:00:00,2022,7,sábado,19,Avai FC,Santos FC Sao Paulo,Ressacada,Paulo Roberto Alves Júnior,8.674,8674,16 de julho de 2022 19:00,1,0,home_win,0,https://optaplayerstats.statsperform.com/pt_BR/soccer/brasileir%C3%A3o-s%C3%A9rie-a-2022/css9eoc46vca8gkmv5z7603ys/match/view/3cgk918041ao3isgehbw1j95g,1,5,0,0,0,1,0,0,3,0,0,0,0,0,1,1,8,0,0,1,0,0.8,1.0,1.0,3.0,1.2,2.4,-1.2,2.2,0.0,0.26666666666666666,16,0.3333333333333333,1.6,2.0,2.0,1.0,1.2,1.0,0.2,4.0,0.2,0.5333333333333333,92,0.39999999999999997,1
924,3c9kebn9ityey45fnb9j507bo,2022,2022-07-16 21:00:00,2022,7,sábado,21,Ceará SC,SC Corinthians Paulista,Castelão,Leandro Pedro Vuaden,28.683,28683,16 de julho de 2022 21:00,3,1,home_win,0,https://optaplayerstats.statsperform.com/pt_BR/soccer/brasileir%C3%A3o-s%C3%A9rie-a-2022/css9eoc46vca8gkmv5z7603ys/match/view/3c9kebn9ityey45fnb9j507bo,3,1,0,0,0,0,0,1,1,0,0,0,0,0,4,2,2,0,0,0,0,0.8,0.0,4.0,1.0,0.6,0.8,-0.2,2.6,0.0,0.26666666666666666,92,0.3333333333333333,1.6,2.0,2.0,1.0,0.6,1.0,-0.4,2.4,0.4,0.5333333333333333,92,0.3333333333333333,1
925,3c63deisldbsaucaaj3z4chzo,2022,2022-07-17 11:00:00,2022,7,domingo,11,EC Juventude,Goiás EC,Alfredo Jaconi,Vinicius Gonçalves Dias Araujo,4.406,4406,17 de julho de 2022 11:00,0,0,draw,1,https://optaplayerstats.statsperform.com/pt_BR/soccer/brasileir%C3%A3o-s%C3%A9rie-a-2022/css9eoc46vca8gkmv5z7603ys/match/view/3c63deisldbsaucaaj3z4chzo,0,2,0,0,0,0,0,0,3,0,0,0,0,0,0,0,5,0,0,0,0,0.4,0.0,2.0,3.0,1.0,1.8,-0.8,2.8,0.4,0.13333333333333333,54,0.19999999999999998,1.2,2.0,0.0,3.0,0.8,1.0,-0.2,3.0,0.0,0.4,16,0.26666666666666666,1
926,3bvipyoc9vp2zamy46saguz9w,2022,2022-07-17 16:00:00,2022,7,domingo,16,São Paulo FC,Fluminense FC,Morumbi,Wilton Pereira Sampaio,47.141,47141,17 de julho de 2022 16:00,2,2,draw,1,https://optaplayerstats.statsperform.com/pt_BR/soccer/brasileir%C3%A3o-s%C3%A9rie-a-2022/css9eoc46vca8gkmv5z7603ys/match/view/3bvipyoc9vp2zamy46saguz9w,2,4,0,0,0,0,0,2,2,0,0,0,0,0,4,0,6,0,0,0,0,1.0,1.0,2.0,2.0,0.6,0.8,-0.2,3.4,0.0,0.3333333333333333,92,0.5333333333333333,2.6,4.0,1.0,0.0,1.8,0.2,1.6,1.0,0.0,0.8666666666666667,92,0.5333333333333333,1
927,3c252rdlwgtq91jib9elry0ic,2022,2022-07-17 18:00:00,2022,7,domingo,18,Botafogo FR,Clube Atlético Mineiro,Estádio Nilton Santos,Raphael Claus,8.678,8678,17 de julho de 2022 18:00,0,1,away_win,2,https://optaplayerstats.statsperform.com/pt_BR/soccer/brasileir%C3%A3o-s%C3%A9rie-a-2022/css9eoc46vca8gkmv5z7603ys/match/view/3c252rdlwgtq91jib9elry0ic,0,4,0,0,0,0,0,1,3,0,0,0,0,0,1,-1,7,0,0,0,0,1.8,3.0,0.0,2.0,1.0,1.0,0.0,4.4,1.0,0.6,16,0.39999999999999997,2.2,3.0,2.0,0.0,1.4,0.6,0.8,1.8,0.0,0.7333333333333333,92,0.39999999999999997,1
928,3cczkn4zxcf2np6rmmo8qioes,2022,2022-07-17 18:00:00,2022,7,domingo,18,Atlético Goianiense,Fortaleza EC,Estádio Antônio Accioly,Jean Pierre Goncalves Lima,7.262,7262,17 de julho de 2022 18:00,0,1,away_win,2,https://optaplayerstats.statsperform.com/pt_BR/soccer/brasileir%C3%A3o-s%C3%A9rie-a-2022/css9eoc46vca8gkmv5z7603ys/match/view/3cczkn4zxcf2np6rmmo8qioes,0,1,0,0,0,0,0,1,0,0,0,0,0,0,1,-1,1,0,0,0,0,0.8,1.0,1.0,3.0,1.4,1.8,-0.4,3.0,0.2,0.26666666666666666,92,0.6,0.8,1.0,1.0,3.0,1.2,1.6,-0.4,2.4,0.2,0.26666666666666666,92,0.19999999999999998,1
929,3bouv716infyc489ybzzwwpp0,2022,2022-07-17 19:00:00,2022,7,domingo,19,América FC (Minas Gerais),Red Bull Bragantino,Estádio Raimundo Sampaio,Wagner do Nascimento Magalhaes,1.920,1920,17 de julho de 2022 19:00,0,3,away_win,2,https://optaplayerstats.statsperform.com/pt_BR/soccer/brasileir%C3%A3o-s%C3%A9rie-a-2022/css9eoc46vca8gkmv5z7603ys/match/view/3bouv716infyc489ybzzwwpp0,0,3,0,0,0,0,0,3,1,0,0,0,0,0,3,-3,4,0,0,0,0,0.8,1.0,1.0,3.0,0.2,1.0,-0.8,2.4,0.2,0.26666666666666666,54,0.5333333333333333,1.4,2.0,1.0,2.0,2.4,1.8,0.6,1.6,0.2,0.4666666666666667,92,0.19999999999999998,1
930,3byu4syzde9m52o93vqbz4owk,2022,2022-07-18 20:00:00,2022,7,segunda-feira,20,SE Palmeiras,Cuiabá EC,Allianz Parque,Anderson Daronco,39.033,39033,18 de julho de 2022 20:00,1,0,home_win,0,https://optaplayerstats.statsperform.com/pt_BR/soccer/brasileir%C3%A3o-s%C3%A9rie-a-2022/css9eoc46vca8gkmv5z7603ys/match/view/3byu4syzde9m52o93vqbz4owk,1,3,0,0,0,0,0,0,1,0,0,0,0,0,1,1,4,0,0,0,0,1.6,2.0,2.0,1.0,1.6,1.4,0.2,1.4,0.2,0.5333333333333333,92,0.6666666666666666,1.4,2.0,1.0,2.0,0.8,0.8,0.0,1.8,0.2,0.4666666666666667,54,0.19999999999999998,1
931,3d9u3ji422sj38a7gz4t9g7bo,2022,2022-07-19 21:30:00,2022,7,terça-feira,21,Ceará SC,Avai FC,Castelão,Caio Max Augusto Vieira,37.567,37567,19 de julho de 2022 21:30,1,0,home_win,0,https://optaplayerstats.statsperform.com/pt_BR/soccer/brasileir%C3%A3o-s%C3%A9rie-a-2022/css9eoc46vca8gkmv5z7603ys/match/view/3d9u3ji422sj38a7gz4t9g7bo,1,0,0,0,0,0,0,0,2,0,0,0,0,0,1,1,2,0,0,0,0,1.2,1.0,3.0,1.0,1.2,1.0,0.2,2.4,0.0,0.4,93,0.4666666666666666,0.8,1.0,1.0,3.0,0.8,2.0,-1.2,3.0,0.0,0.26666666666666666,17,0.19999999999999998,1
932,3cvy3b6qvn8jmjgwdwd3qkmqc,2022,2022-07-20 19:00:00,2022,7,quarta-feira,19,Red Bull Bragantino,Fortaleza EC,Nabizão,Diego Pombo Lopez,4.048,4048,20 de julho de 2022 19:00,2,1,home_win,0,https://optaplayerstats.statsperform.com/pt_BR/soccer/brasileir%C3%A3o-s%C3%A9rie-a-2022/css9eoc46vca8gkmv5z7603ys/match/view/3cvy3b6qvn8jmjgwdwd3qkmqc,2,4,0,0,0,0,0,1,3,0,0,0,0,0,3,1,7,0,0,0,0,1.4,2.0,1.0,2.0,2.2,1.4,0.8,1.4,0.2,0.4666666666666667,93,0.6,1.4,2.0,1.0,2.0,1.0,1.0,0.0,1.8,0.2,0.4666666666666667,93,0.39999999999999997,1
933,3dd52vess5938ghma3w7ux91w,2022,2022-07-20 19:00:00,2022,7,quarta-feira,19,Goiás EC,Fluminense FC,Estádio Hailé Pinheiro (Serrinha),Paulo Roberto Alves Júnior,11.974,11974,20 de julho de 2022 19:00,2,3,away_win,2,https://optaplayerstats.statsperform.com/pt_BR/soccer/brasileir%C3%A3o-s%C3%A9rie-a-2022/css9eoc46vca8gkmv5z7603ys/match/view/3dd52vess5938ghma3w7ux91w,2,2,0,0,0,0,0,3,0,0,0,0,0,0,5,-1,2,0,0,0,0,1.4,2.0,1.0,2.0,0.6,0.6,0.0,2.8,0.0,0.4666666666666667,17,0.5333333333333333,2.6,4.0,1.0,0.0,2.2,0.6,1.6,1.2,0.0,0.8666666666666667,93,0.5333333333333333,1
934,3djvs6ceg1sqrh72jvpe6uiac,2022,2022-07-20 19:30:00,2022,7,quarta-feira,19,Club Athletico Paranaense,Atlético Goianiense,Arena da Baixada,Bruno Arleu de Araújo,22.426,22426,20 de julho de 2022 19:30,4,1,home_win,0,https://optaplayerstats.statsperform.com/pt_BR/soccer/brasileir%C3%A3o-s%C3%A9rie-a-2022/css9eoc46vca8gkmv5z7603ys/match/view/3djvs6ceg1sqrh72jvpe6uiac,4,3,0,0,0,0,0,1,0,0,0,0,0,0,5,3,3,0,0,0,0,2.0,3.0,1.0,1.0,1.6,0.8,0.8,2.8,0.0,0.6666666666666666,93,0.6,0.8,1.0,1.0,3.0,1.0,1.2,-0.2,3.0,0.0,0.26666666666666666,93,0.3333333333333333,1
935,3csjdys8xztxq5pcmf7a1c0es,2022,2022-07-20 20:30:00,2022,7,quarta-feira,20,CR Flamengo,EC Juventude,Estádio Nacional,Paulo Cesar Zanovelli da Silva,65.392,65392,20 de julho de 2022 20:30,4,0,home_win,0,https://optaplayerstats.statsperform.com/pt_BR/soccer/brasileir%C3%A3o-s%C3%A9rie-a-2022/css9eoc46vca8gkmv5z7603ys/match/view/3csjdys8xztxq5pcmf7a1c0es,4,3,0,0,0,0,0,0,3,1,0,1,0,0,4,4,6,1,1,0,0,1.8,3.0,0.0,2.0,1.4,0.8,0.6,1.6,0.0,0.6,93,0.7999999999999999,0.6,0.0,3.0,2.0,0.8,1.4,-0.6,3.0,0.2,0.2,55,0.19999999999999998,1
936,3d6fl90cw8zevxewlbcvx553o,2022,2022-07-20 20:30:00,2022,7,quarta-feira,20,SC Internacional,São Paulo FC,Beira-Rio,Marcelo de Lima Henrique,32.804,32804,20 de julho de 2022 20:30,3,3,draw,1,https://optaplayerstats.statsperform.com/pt_BR/soccer/brasileir%C3%A3o-s%C3%A9rie-a-2022/css9eoc46vca8gkmv5z7603ys/match/view/3d6fl90cw8zevxewlbcvx553o,3,4,0,0,0,1,0,3,5,0,0,0,0,0,6,0,9,0,0,1,0,1.6,2.0,2.0,1.0,1.4,0.8,0.6,2.4,0.6,0.5333333333333333,93,0.6666666666666666,1.2,1.0,3.0,1.0,1.0,1.0,0.0,3.6,0.0,0.4,93,0.39999999999999997,1
937,3czcxyk07kcjlar97tq7enbx0,2022,2022-07-20 21:30:00,2022,7,quarta-feira,21,SC Corinthians Paulista,Coritiba FBC,Neo Química Arena,Wagner do Nascimento Magalhaes,39.852,39852,20 de julho de 2022 21:30,3,1,home_win,0,https://optaplayerstats.statsperform.com/pt_BR/soccer/brasileir%C3%A3o-s%C3%A9rie-a-2022/css9eoc46vca8gkmv5z7603ys/match/view/3czcxyk07kcjlar97tq7enbx0,3,1,0,0,0,0,0,1,3,0,0,0,0,0,4,2,4,0,0,0,0,1.4,2.0,1.0,2.0,0.6,1.4,-0.8,2.2,0.2,0.4666666666666667,93,0.7333333333333334,0.8,1.0,1.0,3.0,0.8,1.8,-1.0,2.8,0.6,0.26666666666666666,17,0.06666666666666667,1
938,3d33wez1s5pteiiobkrrivk7o,2022,2022-07-20 21:30:00,2022,7,quarta-feira,21,Santos FC Sao Paulo,Botafogo FR,Vila Belmiro,Ramon Abatti,8.453,8453,20 de julho de 2022 21:30,2,0,home_win,0,https://optaplayerstats.statsperform.com/pt_BR/soccer/brasileir%C3%A3o-s%C3%A9rie-a-2022/css9eoc46vca8gkmv5z7603ys/match/view/3d33wez1s5pteiiobkrrivk7o,2,2,0,0,0,0,0,0,2,0,0,0,0,0,2,2,4,0,0,0,0,1.0,1.0,2.0,2.0,0.8,1.0,-0.2,4.2,0.2,0.3333333333333333,93,0.3333333333333333,1.2,2.0,0.0,3.0,0.8,1.2,-0.4,3.8,1.0,0.4,17,0.39999999999999997,1
939,3dgjy446s6nyxtsvbjrfggduc,2022,2022-07-21 19:00:00,2022,7,quinta-feira,19,Cuiabá EC,Clube Atlético Mineiro,Arena Pantanal,Jean Pierre Goncalves Lima,18.584,18584,21 de julho de 2022 19:00,1,1,draw,1,https://optaplayerstats.statsperform.com/pt_BR/soccer/brasileir%C3%A3o-s%C3%A9rie-a-2022/css9eoc46vca8gkmv5z7603ys/match/view/3dgjy446s6nyxtsvbjrfggduc,1,1,0,0,0,0,0,1,1,0,0,0,0,0,2,0,2,0,0,0,0,1.4,2.0,1.0,2.0,0.8,0.6,0.2,1.4,0.2,0.4666666666666667,55,0.5333333333333333,2.6,4.0,1.0,0.0,1.6,0.6,1.0,1.8,0.0,0.8666666666666667,93,0.5333333333333333,1
940,3cncwkkz63nsq1fxenr001vkk,2022,2022-07-21 20:00:00,2022,7,quinta-feira,20,América FC (Minas Gerais),SE Palmeiras,Estádio Raimundo Sampaio,Braulio da Silva Machado,6.462,6462,21 de julho de 2022 20:00,0,1,away_win,2,https://optaplayerstats.statsperform.com/pt_BR/soccer/brasileir%C3%A3o-s%C3%A9rie-a-2022/css9eoc46vca8gkmv5z7603ys/match/view/3cncwkkz63nsq1fxenr001vkk,0,5,0,0,0,0,0,1,3,0,0,0,0,0,1,-1,8,0,0,0,0,0.6,1.0,0.0,4.0,0.2,1.6,-1.4,2.4,0.0,0.2,55,0.4666666666666666,1.6,2.0,2.0,1.0,1.0,1.0,0.0,1.6,0.2,0.5333333333333333,93,0.7333333333333334,1
941,3du9wf1xqfohes7umdfjn1c0k,2022,2022-07-23 19:00:00,2022,7,sábado,19,São Paulo FC,Goiás EC,Morumbi,Caio Max Augusto Vieira,39.393,39393,23 de julho de 2022 19:00,3,3,draw,1,https://optaplayerstats.statsperform.com/pt_BR/soccer/brasileir%C3%A3o-s%C3%A9rie-a-2022/css9eoc46vca8gkmv5z7603ys/match/view/3du9wf1xqfohes7umdfjn1c0k,3,2,0,0,0,0,0,3,5,0,0,0,0,0,6,0,7,0,0,0,0,1.4,1.0,4.0,0.0,1.4,1.2,0.2,4.0,0.0,0.4666666666666667,94,0.39999999999999997,1.4,2.0,1.0,2.0,1.0,1.0,0.0,2.4,0.0,0.4666666666666667,18,0.3333333333333333,1
942,3e0yj4qevp6ok3wb0wu329fro,2022,2022-07-23 21:00:00,2022,7,sábado,21,Botafogo FR,Club Athletico Paranaense,Estádio Nilton Santos,Anderson Daronco,8.105,8105,23 de julho de 2022 21:00,2,0,home_win,0,https://optaplayerstats.statsperform.com/pt_BR/soccer/brasileir%C3%A3o-s%C3%A9rie-a-2022/css9eoc46vca8gkmv5z7603ys/match/view/3e0yj4qevp6ok3wb0wu329fro,2,0,0,0,0,0,0,0,2,0,0,0,0,0,2,2,2,0,0,0,0,0.6,1.0,0.0,4.0,0.2,1.2,-1.0,3.0,0.4,0.2,18,0.19999999999999998,2.0,3.0,1.0,1.0,2.2,1.0,1.2,2.2,0.0,0.6666666666666666,94,0.6666666666666666,1
943,3eg1g03df0w5nx1gb3f0di4us,2022,2022-07-24 11:00:00,2022,7,domingo,11,Avai FC,CR Flamengo,Ressacada,Raphael Claus,17.557,17557,24 de julho de 2022 11:00,1,2,away_win,2,https://optaplayerstats.statsperform.com/pt_BR/soccer/brasileir%C3%A3o-s%C3%A9rie-a-2022/css9eoc46vca8gkmv5z7603ys/match/view/3eg1g03df0w5nx1gb3f0di4us,1,1,0,0,0,0,0,2,1,0,0,0,0,0,3,-1,2,0,0,0,0,0.8,1.0,1.0,3.0,0.8,1.8,-1.0,2.8,0.0,0.26666666666666666,18,0.5333333333333333,2.4,4.0,0.0,1.0,2.2,0.4,1.8,2.0,0.0,0.8,94,0.19999999999999998,1
944,3dqwpvgpnztlbhl9iljgaayac,2022,2022-07-24 16:00:00,2022,7,domingo,16,Fluminense FC,Red Bull Bragantino,Estádio Municipal General Raulino de Oliveira,André Luiz de Freitas Castro,9.877,9877,24 de julho de 2022 16:00,2,1,home_win,0,https://optaplayerstats.statsperform.com/pt_BR/soccer/brasileir%C3%A3o-s%C3%A9rie-a-2022/css9eoc46vca8gkmv5z7603ys/match/view/3dqwpvgpnztlbhl9iljgaayac,2,6,1,0,1,0,0,1,3,0,0,0,0,0,3,1,9,1,1,0,0,2.6,4.0,1.0,0.0,2.4,1.0,1.4,1.2,0.0,0.8666666666666667,94,0.7999999999999999,1.8,3.0,0.0,2.0,2.2,1.2,1.0,1.6,0.2,0.6,94,0.39999999999999997,1
945,3dxk0a6m7ioxpy8swqy3gtq8k,2022,2022-07-24 16:00:00,2022,7,domingo,16,SE Palmeiras,SC Internacional,Allianz Parque,Bruno Arleu de Araújo,38.658,38658,24 de julho de 2022 16:00,2,1,home_win,0,https://optaplayerstats.statsperform.com/pt_BR/soccer/brasileir%C3%A3o-s%C3%A9rie-a-2022/css9eoc46vca8gkmv5z7603ys/match/view/3dxk0a6m7ioxpy8swqy3gtq8k,2,0,0,0,0,0,0,1,2,0,0,0,0,0,3,1,2,0,0,0,0,1.6,2.0,2.0,1.0,0.8,0.8,0.0,2.0,0.2,0.5333333333333333,94,0.6666666666666666,1.8,2.0,3.0,0.0,1.6,0.8,0.8,2.2,0.2,0.6,94,0.6,1
946,3e4dd941c2mlh53pfietvhb84,2022,2022-07-24 16:00:00,2022,7,domingo,16,EC Juventude,Ceará SC,Alfredo Jaconi,Felipe Fernandes de Lima,4.445,4445,24 de julho de 2022 16:00,1,0,home_win,0,https://optaplayerstats.statsperform.com/pt_BR/soccer/brasileir%C3%A3o-s%C3%A9rie-a-2022/css9eoc46vca8gkmv5z7603ys/match/view/3e4dd941c2mlh53pfietvhb84,1,1,0,0,0,0,0,0,3,0,0,0,0,0,1,1,4,0,0,0,0,0.6,0.0,3.0,2.0,0.6,1.6,-1.0,2.8,0.2,0.2,56,0.26666666666666666,1.6,2.0,2.0,1.0,1.4,1.0,0.4,2.0,0.0,0.5333333333333333,94,0.5333333333333333,1
947,3dnh4phbvoscjh8bi98b23thw,2022,2022-07-24 18:00:00,2022,7,domingo,18,Clube Atlético Mineiro,SC Corinthians Paulista,Mineirão,Ramon Abatti,55.706,55706,24 de julho de 2022 18:00,1,2,away_win,2,https://optaplayerstats.statsperform.com/pt_BR/soccer/brasileir%C3%A3o-s%C3%A9rie-a-2022/css9eoc46vca8gkmv5z7603ys/match/view/3dnh4phbvoscjh8bi98b23thw,1,2,0,0,0,0,0,2,1,0,0,0,1,0,3,-1,3,0,0,1,0,2.2,3.0,2.0,0.0,1.4,0.8,0.6,1.2,0.0,0.7333333333333333,94,0.7333333333333334,1.4,2.0,1.0,2.0,1.0,1.6,-0.6,2.2,0.2,0.4666666666666667,94,0.26666666666666666,1
948,3eb3zawlua43yf7opsiqvg5ck,2022,2022-07-24 18:00:00,2022,7,domingo,18,Atlético Goianiense,América FC (Minas Gerais),Estádio Antônio Accioly,Jean Pierre Goncalves Lima,5.098,5098,24 de julho de 2022 18:00,0,1,away_win,2,https://optaplayerstats.statsperform.com/pt_BR/soccer/brasileir%C3%A3o-s%C3%A9rie-a-2022/css9eoc46vca8gkmv5z7603ys/match/view/3eb3zawlua43yf7opsiqvg5ck,0,0,0,0,0,0,0,1,1,0,0,0,0,0,1,-1,1,0,0,0,0,0.2,0.0,1.0,4.0,0.6,1.8,-1.2,2.4,0.0,0.06666666666666667,94,0.39999999999999997,0.6,1.0,0.0,4.0,0.2,1.6,-1.4,3.4,0.0,0.2,56,0.06666666666666667,1
949,3e7odv3vtrc9dm03917wsqnmc,2022,2022-07-24 19:00:00,2022,7,domingo,19,Fortaleza EC,Santos FC Sao Paulo,Castelão,Wilton Pereira Sampaio,19.902,19902,24 de julho de 2022 19:00,0,0,draw,1,https://optaplayerstats.statsperform.com/pt_BR/soccer/brasileir%C3%A3o-s%C3%A9rie-a-2022/css9eoc46vca8gkmv5z7603ys/match/view/3e7odv3vtrc9dm03917wsqnmc,0,4,0,0,0,0,0,0,4,0,0,0,0,0,0,0,8,0,0,0,0,0.8,1.0,1.0,3.0,1.0,1.4,-0.4,2.2,0.0,0.26666666666666666,94,0.39999999999999997,1.4,2.0,1.0,2.0,0.8,0.6,0.2,3.6,0.0,0.4666666666666667,94,0.39999999999999997,1
950,3ejklrz82ax0c293g4thzpd78,2022,2022-07-25 20:00:00,2022,7,segunda-feira,20,Coritiba FBC,Cuiabá EC,Couto Pereira,Braulio da Silva Machado,19.181,19181,25 de julho de 2022 20:00,1,0,home_win,0,https://optaplayerstats.statsperform.com/pt_BR/soccer/brasileir%C3%A3o-s%C3%A9rie-a-2022/css9eoc46vca8gkmv5z7603ys/match/view/3ejklrz82ax0c293g4thzpd78,1,5,0,1,1,0,0,0,4,0,0,0,0,0,1,1,9,1,1,0,0,0.8,1.0,1.0,3.0,1.0,2.2,-1.2,2.4,0.2,0.26666666666666666,18,0.3333333333333333,1.4,2.0,1.0,2.0,1.0,0.8,0.2,1.4,0.2,0.4666666666666667,56,0.19999999999999998,1
951,3f7m7j4zt9xheg86l7zvj1fys,2022,2022-07-30 16:30:00,2022,7,sábado,16,Ceará SC,SE Palmeiras,Castelão,Anderson Daronco,40.912,40912,30 de julho de 2022 16:30,1,2,away_win,2,https://optaplayerstats.statsperform.com/pt_BR/soccer/brasileir%C3%A3o-s%C3%A9rie-a-2022/css9eoc46vca8gkmv5z7603ys/match/view/3f7m7j4zt9xheg86l7zvj1fys,1,3,1,0,1,1,0,2,3,0,0,0,0,0,3,-1,6,1,1,1,0,1.4,2.0,1.0,2.0,1.2,1.0,0.2,2.2,0.0,0.4666666666666667,95,0.6,2.0,3.0,1.0,1.0,0.8,0.6,0.2,1.8,0.2,0.6666666666666666,95,0.7333333333333334,1
952,3faypjt0eahaivb0z6sj5zeok,2022,2022-07-30 16:30:00,2022,7,sábado,16,Goiás EC,Coritiba FBC,Estádio Hailé Pinheiro (Serrinha),Wagner do Nascimento Magalhaes,11.267,11267,30 de julho de 2022 16:30,1,0,home_win,0,https://optaplayerstats.statsperform.com/pt_BR/soccer/brasileir%C3%A3o-s%C3%A9rie-a-2022/css9eoc46vca8gkmv5z7603ys/match/view/3faypjt0eahaivb0z6sj5zeok,1,1,0,0,0,0,0,0,2,1,0,1,0,0,1,1,3,1,1,0,0,1.0,1.0,2.0,2.0,1.4,1.6,-0.2,2.8,0.0,0.3333333333333333,19,0.4666666666666666,1.4,2.0,1.0,2.0,1.2,1.6,-0.4,2.6,0.4,0.4666666666666667,19,0.06666666666666667,1
953,3ex8x3odtp938inlthdexb7ys,2022,2022-07-30 19:00:00,2022,7,sábado,19,SC Corinthians Paulista,Botafogo FR,Neo Química Arena,Jean Pierre Goncalves Lima,42.797,42797,30 de julho de 2022 19:00,1,0,home_win,0,https://optaplayerstats.statsperform.com/pt_BR/soccer/brasileir%C3%A3o-s%C3%A9rie-a-2022/css9eoc46vca8gkmv5z7603ys/match/view/3ex8x3odtp938inlthdexb7ys,1,0,0,0,0,0,0,0,0,0,0,0,0,0,1,1,0,0,0,0,0,1.8,3.0,0.0,2.0,1.4,1.8,-0.4,1.8,0.2,0.6,95,0.8666666666666667,1.2,2.0,0.0,3.0,0.6,1.0,-0.4,2.4,0.4,0.4,19,0.39999999999999997,1
954,3eqc3x60ndrrhrt4fp2fd52qc,2022,2022-07-30 20:30:00,2022,7,sábado,20,CR Flamengo,Atlético Goianiense,Estádio Jornalista Mário Filho (Maracanã),Caio Max Augusto Vieira,64.040,64040,30 de julho de 2022 20:30,4,1,home_win,0,https://optaplayerstats.statsperform.com/pt_BR/soccer/brasileir%C3%A3o-s%C3%A9rie-a-2022/css9eoc46vca8gkmv5z7603ys/match/view/3eqc3x60ndrrhrt4fp2fd52qc,4,0,0,0,0,1,0,1,7,1,0,1,0,0,5,3,7,1,1,1,0,2.4,4.0,0.0,1.0,2.0,0.6,1.4,2.0,0.0,0.8,95,0.7999999999999999,0.0,0.0,0.0,5.0,0.4,1.8,-1.4,2.0,0.0,0.0,95,0.26666666666666666,1
955,3f4awg4an5oc9mpid0a33d4b8,2022,2022-07-31 16:00:00,2022,7,domingo,16,SC Internacional,Clube Atlético Mineiro,Beira-Rio,Flavio Rodrigues De Souza,39.451,39451,31 de julho de 2022 16:00,3,0,home_win,0,https://optaplayerstats.statsperform.com/pt_BR/soccer/brasileir%C3%A3o-s%C3%A9rie-a-2022/css9eoc46vca8gkmv5z7603ys/match/view/3f4awg4an5oc9mpid0a33d4b8,3,1,0,0,0,0,0,0,1,0,0,0,0,0,3,3,2,0,0,0,0,1.2,1.0,3.0,1.0,1.2,1.2,0.0,2.2,0.2,0.4,95,0.6666666666666666,1.6,2.0,2.0,1.0,1.0,0.8,0.2,1.6,0.0,0.5333333333333333,95,0.5333333333333333,1
956,3fho7k2qiny1i3hx79k19b76c,2022,2022-07-31 16:00:00,2022,7,domingo,16,Club Athletico Paranaense,São Paulo FC,Arena da Baixada,Marcelo de Lima Henrique,26.492,26492,31 de julho de 2022 16:00,1,0,home_win,0,https://optaplayerstats.statsperform.com/pt_BR/soccer/brasileir%C3%A3o-s%C3%A9rie-a-2022/css9eoc46vca8gkmv5z7603ys/match/view/3fho7k2qiny1i3hx79k19b76c,1,3,0,0,0,1,0,0,4,0,0,0,0,0,1,1,7,0,0,1,0,1.4,2.0,1.0,2.0,1.4,1.0,0.4,1.8,0.0,0.4666666666666667,95,0.6,1.4,1.0,4.0,0.0,2.0,1.8,0.2,3.8,0.0,0.4666666666666667,95,0.39999999999999997,1
957,3emvb6pf3bx0d62yx8px1u49g,2022,2022-07-31 18:00:00,2022,7,domingo,18,América FC (Minas Gerais),Avai FC,Estádio Raimundo Sampaio,Vinicius Gonçalves Dias Araujo,2.215,2215,31 de julho de 2022 18:00,3,1,home_win,0,https://optaplayerstats.statsperform.com/pt_BR/soccer/brasileir%C3%A3o-s%C3%A9rie-a-2022/css9eoc46vca8gkmv5z7603ys/match/view/3emvb6pf3bx0d62yx8px1u49g,3,1,0,0,0,0,0,1,0,0,0,0,0,0,4,2,1,0,0,0,0,1.2,2.0,0.0,3.0,0.4,1.0,-0.6,3.2,0.0,0.4,57,0.26666666666666666,0.6,1.0,0.0,4.0,0.6,1.8,-1.2,2.2,0.0,0.2,19,0.19999999999999998,1
958,3feaygqjywscxkkaedp9t45jo,2022,2022-07-31 18:00:00,2022,7,domingo,18,Cuiabá EC,Fortaleza EC,Arena Pantanal,Paulo Cesar Zanovelli da Silva,9.567,9567,31 de julho de 2022 18:00,0,1,away_win,2,https://optaplayerstats.statsperform.com/pt_BR/soccer/brasileir%C3%A3o-s%C3%A9rie-a-2022/css9eoc46vca8gkmv5z7603ys/match/view/3feaygqjywscxkkaedp9t45jo,0,3,0,0,0,0,0,1,4,0,0,0,0,0,1,-1,7,0,0,0,0,1.4,2.0,1.0,2.0,1.0,0.8,0.2,1.4,0.0,0.4666666666666667,57,0.6,1.0,1.0,2.0,2.0,0.6,0.8,-0.2,2.0,0.0,0.3333333333333333,95,0.19999999999999998,1
959,3etod5eo4y1ebnp6g5f8t5xjo,2022,2022-07-31 19:00:00,2022,7,domingo,19,Red Bull Bragantino,EC Juventude,Nabizão,Bruno Arleu de Araújo,3.236,3236,31 de julho de 2022 19:00,1,0,home_win,0,https://optaplayerstats.statsperform.com/pt_BR/soccer/brasileir%C3%A3o-s%C3%A9rie-a-2022/css9eoc46vca8gkmv5z7603ys/match/view/3etod5eo4y1ebnp6g5f8t5xjo,1,1,0,0,0,0,0,0,1,0,0,0,0,0,1,1,2,0,0,0,0,1.8,3.0,0.0,2.0,2.0,0.8,1.2,2.0,0.2,0.6,95,0.7999999999999999,1.0,1.0,2.0,2.0,0.8,1.6,-0.8,2.2,0.2,0.3333333333333333,57,0.13333333333333333,1
960,3f0mluy8fw769vgt0n3ojq044,2022,2022-08-01 20:00:00,2022,8,segunda-feira,20,Santos FC Sao Paulo,Fluminense FC,Vila Belmiro,Braulio da Silva Machado,11.943,11943,1 de agosto de 2022 20:00,2,2,draw,1,https://optaplayerstats.statsperform.com/pt_BR/soccer/brasileir%C3%A3o-s%C3%A9rie-a-2022/css9eoc46vca8gkmv5z7603ys/match/view/3f0mluy8fw769vgt0n3ojq044,2,2,0,0,0,0,0,2,5,0,0,0,1,0,4,0,7,0,0,1,0,1.4,2.0,1.0,2.0,0.8,0.6,0.2,3.8,0.0,0.4666666666666667,95,0.5333333333333333,2.6,4.0,1.0,0.0,2.6,1.2,1.4,2.0,0.2,0.8666666666666667,95,0.5333333333333333,1
961,3fzcrbk1dzz79io0ahm0hvjmc,2022,2022-08-06 16:30:00,2022,8,sábado,16,Botafogo FR,Ceará SC,Estádio Nilton Santos,Raphael Claus,21.657,21657,6 de agosto de 2022 16:30,1,1,draw,1,https://optaplayerstats.statsperform.com/pt_BR/soccer/brasileir%C3%A3o-s%C3%A9rie-a-2022/css9eoc46vca8gkmv5z7603ys/match/view/3fzcrbk1dzz79io0ahm0hvjmc,1,3,0,0,0,0,0,1,4,0,0,0,0,0,2,0,7,0,0,0,0,0.6,1.0,0.0,4.0,0.4,1.2,-0.8,1.6,0.4,0.2,20,0.39999999999999997,1.2,2.0,0.0,3.0,1.2,1.2,0.0,2.0,0.2,0.4,96,0.3333333333333333,1
962,3g5c9ugjb6r74s6xbg900wlqs,2022,2022-08-06 16:30:00,2022,8,sábado,16,EC Juventude,América FC (Minas Gerais),Alfredo Jaconi,Edina Alves Batista,3.524,3524,6 de agosto de 2022 16:30,0,1,away_win,2,https://optaplayerstats.statsperform.com/pt_BR/soccer/brasileir%C3%A3o-s%C3%A9rie-a-2022/css9eoc46vca8gkmv5z7603ys/match/view/3g5c9ugjb6r74s6xbg900wlqs,0,1,0,0,0,0,0,1,2,0,0,0,0,0,1,-1,3,0,0,0,0,1.0,1.0,2.0,2.0,0.6,1.4,-0.8,2.0,0.2,0.3333333333333333,58,0.26666666666666666,1.2,2.0,0.0,3.0,0.8,1.2,-0.4,3.0,0.0,0.4,58,0.19999999999999998,1
963,3gc3ls90fw8tky3wlmesz7nkk,2022,2022-08-06 19:00:00,2022,8,sábado,19,Atlético Goianiense,Red Bull Bragantino,Estádio Antônio Accioly,Marielson Alves Silva,5.930,5930,6 de agosto de 2022 19:00,2,1,home_win,0,https://optaplayerstats.statsperform.com/pt_BR/soccer/brasileir%C3%A3o-s%C3%A9rie-a-2022/css9eoc46vca8gkmv5z7603ys/match/view/3gc3ls90fw8tky3wlmesz7nkk,2,2,0,0,0,0,0,1,1,0,0,0,0,0,3,1,3,0,0,0,0,0.0,0.0,0.0,5.0,0.4,2.2,-1.8,2.4,0.2,0.0,96,0.39999999999999997,2.4,4.0,0.0,1.0,2.2,0.6,1.6,2.0,0.0,0.8,96,0.3333333333333333,1
964,3gffn84fug52k441mpbffjdhw,2022,2022-08-06 19:00:00,2022,8,sábado,19,Avai FC,SC Corinthians Paulista,Ressacada,Wilton Pereira Sampaio,12.648,12648,6 de agosto de 2022 19:00,1,1,draw,1,https://optaplayerstats.statsperform.com/pt_BR/soccer/brasileir%C3%A3o-s%C3%A9rie-a-2022/css9eoc46vca8gkmv5z7603ys/match/view/3gffn84fug52k441mpbffjdhw,1,2,0,0,0,1,0,1,1,0,0,0,0,0,2,0,3,0,0,1,0,0.6,1.0,0.0,4.0,0.6,2.0,-1.4,2.2,0.0,0.2,20,0.4666666666666666,2.4,4.0,0.0,1.0,1.6,1.0,0.6,1.2,0.2,0.8,96,0.26666666666666666,1
965,3frvfszfmq5hfdfv7ua8iebys,2022,2022-08-06 20:30:00,2022,8,sábado,20,São Paulo FC,CR Flamengo,Morumbi,Ramon Abatti,45.217,45217,6 de agosto de 2022 20:30,0,2,away_win,2,https://optaplayerstats.statsperform.com/pt_BR/soccer/brasileir%C3%A3o-s%C3%A9rie-a-2022/css9eoc46vca8gkmv5z7603ys/match/view/3frvfszfmq5hfdfv7ua8iebys,0,2,0,0,0,0,0,2,2,0,0,0,0,0,2,-2,4,0,0,0,0,0.8,0.0,4.0,1.0,1.6,1.8,-0.2,3.2,0.0,0.26666666666666666,96,0.39999999999999997,2.4,4.0,0.0,1.0,2.4,0.6,1.8,1.6,0.0,0.8,96,0.39999999999999997,1
966,3foglx528stx7dufanb4vd15g,2022,2022-08-07 16:00:00,2022,8,domingo,16,Fluminense FC,Cuiabá EC,Estádio Jornalista Mário Filho (Maracanã),Flavio Rodrigues De Souza,46.323,46323,7 de agosto de 2022 16:00,1,0,home_win,0,https://optaplayerstats.statsperform.com/pt_BR/soccer/brasileir%C3%A3o-s%C3%A9rie-a-2022/css9eoc46vca8gkmv5z7603ys/match/view/3foglx528stx7dufanb4vd15g,1,2,0,0,0,0,0,0,1,0,0,0,0,0,1,1,3,0,0,0,0,2.2,3.0,2.0,0.0,2.2,1.6,0.6,3.0,0.2,0.7333333333333333,96,0.7999999999999999,0.8,1.0,1.0,3.0,0.6,0.8,-0.2,2.0,0.0,0.26666666666666666,58,0.19999999999999998,1
967,3fvibstxx886yl4czgd309vys,2022,2022-08-07 16:00:00,2022,8,domingo,16,SE Palmeiras,Goiás EC,Allianz Parque,Jean Pierre Goncalves Lima,38.801,38801,7 de agosto de 2022 16:00,3,0,home_win,0,https://optaplayerstats.statsperform.com/pt_BR/soccer/brasileir%C3%A3o-s%C3%A9rie-a-2022/css9eoc46vca8gkmv5z7603ys/match/view/3fvibstxx886yl4czgd309vys,3,2,0,0,0,1,0,0,3,0,0,0,0,0,3,3,5,0,0,1,0,2.6,4.0,1.0,0.0,1.2,0.4,0.8,2.0,0.0,0.8666666666666667,96,0.7999999999999999,1.6,2.0,2.0,1.0,1.6,1.4,0.2,2.6,0.0,0.5333333333333333,20,0.19999999999999998,1
968,3g8pyb2blbjuatzoeuq7ol638,2022,2022-08-07 18:00:00,2022,8,domingo,18,Fortaleza EC,SC Internacional,Castelão,Wagner do Nascimento Magalhaes,39.253,39253,7 de agosto de 2022 18:00,3,0,home_win,0,https://optaplayerstats.statsperform.com/pt_BR/soccer/brasileir%C3%A3o-s%C3%A9rie-a-2022/css9eoc46vca8gkmv5z7603ys/match/view/3g8pyb2blbjuatzoeuq7ol638,3,1,1,0,1,0,0,0,5,0,0,0,0,0,3,3,6,1,1,0,0,1.6,2.0,2.0,1.0,0.6,0.4,0.2,2.2,0.0,0.5333333333333333,96,0.4666666666666666,1.6,2.0,2.0,1.0,1.6,1.0,0.6,1.8,0.0,0.5333333333333333,96,0.39999999999999997,1
969,3fl11pid98vsq6grdrgwly5n8,2022,2022-08-07 19:00:00,2022,8,domingo,19,Clube Atlético Mineiro,Club Athletico Paranaense,Mineirão,Braulio da Silva Machado,25.119,25119,7 de agosto de 2022 19:00,2,3,away_win,2,https://optaplayerstats.statsperform.com/pt_BR/soccer/brasileir%C3%A3o-s%C3%A9rie-a-2022/css9eoc46vca8gkmv5z7603ys/match/view/3fl11pid98vsq6grdrgwly5n8,2,1,0,0,0,0,0,3,2,0,0,0,0,0,5,-1,3,0,0,0,0,1.0,1.0,2.0,2.0,0.6,1.2,-0.6,1.6,0.0,0.3333333333333333,96,0.5333333333333333,1.4,2.0,1.0,2.0,1.2,1.0,0.2,2.0,0.0,0.4666666666666667,96,0.4666666666666666,1
970,3giu932c2wyw8c7m348owoys4,2022,2022-08-08 20:00:00,2022,8,segunda-feira,20,Coritiba FBC,Santos FC Sao Paulo,Couto Pereira,Paulo Cesar Zanovelli da Silva,22.691,22691,8 de agosto de 2022 20:00,1,2,away_win,2,https://optaplayerstats.statsperform.com/pt_BR/soccer/brasileir%C3%A3o-s%C3%A9rie-a-2022/css9eoc46vca8gkmv5z7603ys/match/view/3giu932c2wyw8c7m348owoys4,1,3,0,0,0,0,0,2,3,0,0,0,0,0,3,-1,6,0,0,0,0,0.8,1.0,1.0,3.0,0.8,1.6,-0.8,2.6,0.4,0.26666666666666666,20,0.4666666666666666,1.6,2.0,2.0,1.0,1.0,0.6,0.4,3.4,0.0,0.5333333333333333,96,0.39999999999999997,1
971,3hacg07oshryps0jr6q03njmc,2022,2022-08-13 16:30:00,2022,8,sábado,16,Goiás EC,Avai FC,Estádio Hailé Pinheiro (Serrinha),Flavio Rodrigues De Souza,10.831,10831,13 de agosto de 2022 16:30,1,1,draw,1,https://optaplayerstats.statsperform.com/pt_BR/soccer/brasileir%C3%A3o-s%C3%A9rie-a-2022/css9eoc46vca8gkmv5z7603ys/match/view/3hacg07oshryps0jr6q03njmc,1,1,0,1,1,0,0,1,2,0,0,0,1,0,2,0,3,1,1,1,0,1.0,1.0,2.0,2.0,1.2,1.8,-0.6,2.8,0.0,0.3333333333333333,21,0.6,0.8,1.0,1.0,3.0,0.8,1.4,-0.6,2.0,0.0,0.26666666666666666,21,0.19999999999999998,1
972,3gwac89plh200fbcmv3kzl34k,2022,2022-08-13 19:00:00,2022,8,sábado,19,SC Corinthians Paulista,SE Palmeiras,Neo Química Arena,Raphael Claus,44.666,44666,13 de agosto de 2022 19:00,0,1,away_win,2,https://optaplayerstats.statsperform.com/pt_BR/soccer/brasileir%C3%A3o-s%C3%A9rie-a-2022/css9eoc46vca8gkmv5z7603ys/match/view/3gwac89plh200fbcmv3kzl34k,0,2,0,0,0,0,0,1,2,0,0,0,0,1,1,-1,4,0,0,0,1,2.0,3.0,1.0,1.0,1.6,1.2,0.4,0.8,0.0,0.6666666666666666,97,0.8666666666666667,3.0,5.0,0.0,0.0,1.8,0.4,1.4,2.2,0.0,1.0,97,0.7333333333333334,1
973,3hdrvxd4g54wlo96bfha5k8pg,2022,2022-08-13 20:30:00,2022,8,sábado,20,Cuiabá EC,EC Juventude,Arena Pantanal,Marielson Alves Silva,6.909,6909,13 de agosto de 2022 20:30,1,0,home_win,0,https://optaplayerstats.statsperform.com/pt_BR/soccer/brasileir%C3%A3o-s%C3%A9rie-a-2022/css9eoc46vca8gkmv5z7603ys/match/view/3hdrvxd4g54wlo96bfha5k8pg,1,4,0,0,0,0,0,0,5,0,1,1,0,0,1,1,9,1,1,0,0,0.2,0.0,1.0,4.0,0.2,1.0,-0.8,2.0,0.0,0.06666666666666667,59,0.39999999999999997,0.8,1.0,1.0,3.0,0.2,1.2,-1.0,1.6,0.2,0.26666666666666666,59,0.13333333333333333,1
974,3gzskdx8suqg188keznegam1g,2022,2022-08-13 21:00:00,2022,8,sábado,21,Botafogo FR,Atlético Goianiense,Estádio Nilton Santos,Edina Alves Batista,12.230,12230,13 de agosto de 2022 21:00,0,0,draw,1,https://optaplayerstats.statsperform.com/pt_BR/soccer/brasileir%C3%A3o-s%C3%A9rie-a-2022/css9eoc46vca8gkmv5z7603ys/match/view/3gzskdx8suqg188keznegam1g,0,1,0,1,1,0,0,0,3,0,0,0,0,0,0,0,4,1,1,0,0,0.8,1.0,1.0,3.0,0.6,1.0,-0.4,1.8,0.0,0.26666666666666666,21,0.4666666666666666,0.6,1.0,0.0,4.0,0.8,2.2,-1.4,2.0,0.2,0.2,97,0.06666666666666667,1
975,3hh8dci4j9tj10naelonapa8k,2022,2022-08-14 11:00:00,2022,8,domingo,11,Coritiba FBC,Clube Atlético Mineiro,Couto Pereira,Marcelo de Lima Henrique,17.608,17608,14 de agosto de 2022 11:00,0,1,away_win,2,https://optaplayerstats.statsperform.com/pt_BR/soccer/brasileir%C3%A3o-s%C3%A9rie-a-2022/css9eoc46vca8gkmv5z7603ys/match/view/3hh8dci4j9tj10naelonapa8k,0,3,0,0,0,0,0,1,0,0,0,0,0,0,1,-1,3,0,0,0,0,0.6,1.0,0.0,4.0,0.6,1.6,-1.0,2.8,0.4,0.2,21,0.4666666666666666,0.8,1.0,1.0,3.0,1.0,1.8,-0.8,1.6,0.0,0.26666666666666666,97,0.5333333333333333,1
976,3gpj44yeakxecm0qjp55aow0k,2022,2022-08-14 16:00:00,2022,8,domingo,16,CR Flamengo,Club Athletico Paranaense,Estádio Jornalista Mário Filho (Maracanã),Wilton Pereira Sampaio,62.716,62716,14 de agosto de 2022 16:00,5,0,home_win,0,https://optaplayerstats.statsperform.com/pt_BR/soccer/brasileir%C3%A3o-s%C3%A9rie-a-2022/css9eoc46vca8gkmv5z7603ys/match/view/3gpj44yeakxecm0qjp55aow0k,5,3,0,0,0,0,0,0,2,0,0,0,0,0,5,5,5,0,0,0,0,3.0,5.0,0.0,0.0,2.8,0.4,2.4,1.2,0.0,1.0,97,1.0,2.0,3.0,1.0,1.0,1.6,1.0,0.6,2.2,0.0,0.6666666666666666,97,0.6,1
977,3gszdgf2dra2i1w528g8n8opg,2022,2022-08-14 16:00:00,2022,8,domingo,16,São Paulo FC,Red Bull Bragantino,Morumbi,Paulo Cesar Zanovelli da Silva,31.358,31358,14 de agosto de 2022 16:00,3,0,home_win,0,https://optaplayerstats.statsperform.com/pt_BR/soccer/brasileir%C3%A3o-s%C3%A9rie-a-2022/css9eoc46vca8gkmv5z7603ys/match/view/3gszdgf2dra2i1w528g8n8opg,3,1,0,0,0,0,0,0,0,0,0,0,0,0,3,3,1,0,0,0,0,0.6,0.0,3.0,2.0,1.6,2.2,-0.6,3.4,0.0,0.2,97,0.19999999999999998,1.8,3.0,0.0,2.0,1.6,1.0,0.6,2.0,0.0,0.6,97,0.26666666666666666,1
978,3h6tigwu99yd7xqxwzpmpaql0,2022,2022-08-14 16:00:00,2022,8,domingo,16,Ceará SC,Fortaleza EC,Castelão,Jean Pierre Goncalves Lima,33.355,33355,14 de agosto de 2022 16:00,0,1,away_win,2,https://optaplayerstats.statsperform.com/pt_BR/soccer/brasileir%C3%A3o-s%C3%A9rie-a-2022/css9eoc46vca8gkmv5z7603ys/match/view/3h6tigwu99yd7xqxwzpmpaql0,0,3,0,0,0,0,0,1,4,0,0,0,0,0,1,-1,7,0,0,0,0,1.4,2.0,1.0,2.0,1.2,1.0,0.2,2.2,0.2,0.4666666666666667,97,0.5333333333333333,2.0,3.0,1.0,1.0,1.2,0.4,0.8,2.4,0.2,0.6666666666666666,97,0.39999999999999997,1
979,3gm67ea1dygw0wypj8t7w7ims,2022,2022-08-14 18:00:00,2022,8,domingo,18,América FC (Minas Gerais),Santos FC Sao Paulo,Estádio Raimundo Sampaio,Paulo Roberto Alves Júnior,2.978,2978,14 de agosto de 2022 18:00,1,0,home_win,0,https://optaplayerstats.statsperform.com/pt_BR/soccer/brasileir%C3%A3o-s%C3%A9rie-a-2022/css9eoc46vca8gkmv5z7603ys/match/view/3gm67ea1dygw0wypj8t7w7ims,1,1,0,0,0,0,0,0,0,0,0,0,0,0,1,1,1,0,0,0,0,1.8,3.0,0.0,2.0,1.0,1.0,0.0,2.4,0.0,0.6,59,0.4666666666666666,1.6,2.0,2.0,1.0,1.2,0.8,0.4,2.8,0.0,0.5333333333333333,97,0.5333333333333333,1
980,3h3bk1lzw6fsr7wwa5xvu6nf8,2022,2022-08-14 19:00:00,2022,8,domingo,19,SC Internacional,Fluminense FC,Beira-Rio,Ramon Abatti,14.824,14824,14 de agosto de 2022 19:00,3,0,home_win,0,https://optaplayerstats.statsperform.com/pt_BR/soccer/brasileir%C3%A3o-s%C3%A9rie-a-2022/css9eoc46vca8gkmv5z7603ys/match/view/3h3bk1lzw6fsr7wwa5xvu6nf8,3,1,0,0,0,0,0,0,1,0,0,0,0,0,3,3,2,0,0,0,0,1.0,1.0,2.0,2.0,1.4,1.6,-0.2,2.8,0.0,0.3333333333333333,97,0.6666666666666666,2.2,3.0,2.0,0.0,2.0,1.4,0.6,3.0,0.2,0.7333333333333333,97,0.6,1
981,3hknlobthmph4uttc14zkpo2c,2022,2022-08-20 16:30:00,2022,8,sábado,16,Clube Atlético Mineiro,Goiás EC,Mineirão,Vinicius Gonçalves Dias Araujo,31.650,31650,20 de agosto de 2022 16:30,0,1,away_win,2,https://optaplayerstats.statsperform.com/pt_BR/soccer/brasileir%C3%A3o-s%C3%A9rie-a-2022/css9eoc46vca8gkmv5z7603ys/match/view/3hknlobthmph4uttc14zkpo2c,0,0,0,0,0,0,0,1,0,0,0,0,0,0,1,-1,0,0,0,0,0,0.8,1.0,1.0,3.0,1.0,1.8,-0.8,1.0,0.0,0.26666666666666666,98,0.4666666666666666,1.0,1.0,2.0,2.0,1.4,2.0,-0.6,2.4,0.2,0.3333333333333333,22,0.13333333333333333,1
982,3ho3npk69hy0esqgn6ivo7aqc,2022,2022-08-20 19:00:00,2022,8,sábado,19,Fluminense FC,Coritiba FBC,Estádio Jornalista Mário Filho (Maracanã),Paulo Cesar Zanovelli da Silva,24.029,24029,20 de agosto de 2022 19:00,5,2,home_win,0,https://optaplayerstats.statsperform.com/pt_BR/soccer/brasileir%C3%A3o-s%C3%A9rie-a-2022/css9eoc46vca8gkmv5z7603ys/match/view/3ho3npk69hy0esqgn6ivo7aqc,5,2,0,0,0,0,0,2,2,0,0,0,0,0,7,3,4,0,0,0,0,2.0,3.0,1.0,1.0,1.6,1.6,0.0,2.8,0.2,0.6666666666666666,98,1.0,0.6,1.0,0.0,4.0,0.6,1.4,-0.8,3.2,0.4,0.2,22,0.0,1
983,3i47fbv73avr9r1tb87h3ua6s,2022,2022-08-21 11:00:00,2022,8,domingo,11,EC Juventude,Botafogo FR,Alfredo Jaconi,Raphael Claus,3.095,3095,21 de agosto de 2022 11:00,2,2,draw,1,https://optaplayerstats.statsperform.com/pt_BR/soccer/brasileir%C3%A3o-s%C3%A9rie-a-2022/css9eoc46vca8gkmv5z7603ys/match/view/3i47fbv73avr9r1tb87h3ua6s,2,2,0,0,0,0,0,2,2,0,0,0,0,0,4,0,4,0,0,0,0,0.6,1.0,0.0,4.0,0.2,1.4,-1.2,2.2,0.4,0.2,60,0.26666666666666666,1.0,1.0,2.0,2.0,0.6,0.8,-0.2,1.2,0.2,0.3333333333333333,22,0.39999999999999997,1
984,3hwji0p9lx6m54ih4xsrl5zx0,2022,2022-08-21 16:00:00,2022,8,domingo,16,SE Palmeiras,CR Flamengo,Allianz Parque,Ramon Abatti,40.485,40485,21 de agosto de 2022 16:00,1,1,draw,1,https://optaplayerstats.statsperform.com/pt_BR/soccer/brasileir%C3%A3o-s%C3%A9rie-a-2022/css9eoc46vca8gkmv5z7603ys/match/view/3hwji0p9lx6m54ih4xsrl5zx0,1,0,0,0,0,0,0,1,2,0,0,0,0,0,2,0,2,0,0,0,0,3.0,5.0,0.0,0.0,1.8,0.4,1.4,2.0,0.0,1.0,98,0.7999999999999999,3.0,5.0,0.0,0.0,3.4,0.4,3.0,1.8,0.0,1.0,98,0.6,1
985,3ht7qb6j1ng8q1li95o7qfpqs,2022,2022-08-21 18:00:00,2022,8,domingo,18,Red Bull Bragantino,Ceará SC,Nabizão,Bruno Arleu de Araújo,2.488,2488,21 de agosto de 2022 18:00,1,1,draw,1,https://optaplayerstats.statsperform.com/pt_BR/soccer/brasileir%C3%A3o-s%C3%A9rie-a-2022/css9eoc46vca8gkmv5z7603ys/match/view/3ht7qb6j1ng8q1li95o7qfpqs,1,4,0,0,0,1,0,1,4,0,0,0,1,0,2,0,8,0,0,1,0,1.2,2.0,0.0,3.0,1.0,1.6,-0.6,1.8,0.0,0.4,98,0.7999999999999999,0.8,1.0,1.0,3.0,0.6,1.0,-0.4,2.6,0.2,0.26666666666666666,98,0.19999999999999998,1
986,3i7ol9xenuvgnyzo47i9yrqqc,2022,2022-08-21 18:00:00,2022,8,domingo,18,Fortaleza EC,SC Corinthians Paulista,Castelão,Leandro Pedro Vuaden,44.338,44338,21 de agosto de 2022 18:00,1,0,home_win,0,https://optaplayerstats.statsperform.com/pt_BR/soccer/brasileir%C3%A3o-s%C3%A9rie-a-2022/css9eoc46vca8gkmv5z7603ys/match/view/3i7ol9xenuvgnyzo47i9yrqqc,1,1,0,0,0,0,0,0,3,0,0,0,0,0,1,1,4,0,0,0,0,2.0,3.0,1.0,1.0,1.2,0.4,0.8,3.2,0.2,0.6666666666666666,98,0.6,2.0,3.0,1.0,1.0,1.4,0.8,0.6,1.0,0.0,0.6666666666666666,98,0.3333333333333333,1
987,3ib46dkanl9wr3eocd3o4d9n8,2022,2022-08-21 18:00:00,2022,8,domingo,18,Atlético Goianiense,Cuiabá EC,Estádio Antônio Accioly,Anderson Daronco,4.578,4578,21 de agosto de 2022 18:00,1,1,draw,1,https://optaplayerstats.statsperform.com/pt_BR/soccer/brasileir%C3%A3o-s%C3%A9rie-a-2022/css9eoc46vca8gkmv5z7603ys/match/view/3ib46dkanl9wr3eocd3o4d9n8,1,2,1,0,1,0,0,1,2,0,0,0,0,0,2,0,4,1,1,0,0,0.8,1.0,1.0,3.0,0.8,2.0,-1.2,2.4,0.2,0.26666666666666666,98,0.39999999999999997,0.8,1.0,1.0,3.0,0.4,0.8,-0.4,2.6,0.0,0.26666666666666666,60,0.19999999999999998,1
988,3ihse54jgpyh1ckvyohz5zbis,2022,2022-08-21 18:00:00,2022,8,domingo,18,Club Athletico Paranaense,América FC (Minas Gerais),Arena da Baixada,Sávio Pereira Sampaio,15.023,15023,21 de agosto de 2022 18:00,1,1,draw,1,https://optaplayerstats.statsperform.com/pt_BR/soccer/brasileir%C3%A3o-s%C3%A9rie-a-2022/css9eoc46vca8gkmv5z7603ys/match/view/3ihse54jgpyh1ckvyohz5zbis,1,0,0,0,0,0,1,1,0,0,0,0,0,0,2,0,0,0,0,0,1,1.8,3.0,0.0,2.0,1.6,2.0,-0.4,2.4,0.0,0.6,98,0.7333333333333334,2.4,4.0,0.0,1.0,1.2,0.4,0.8,2.0,0.0,0.8,60,0.39999999999999997,1
989,3i088540ah6l7xqvb7f65tmvo,2022,2022-08-21 19:00:00,2022,8,domingo,19,Santos FC Sao Paulo,São Paulo FC,Vila Belmiro,Wilton Pereira Sampaio,12.598,12598,21 de agosto de 2022 19:00,1,0,home_win,0,https://optaplayerstats.statsperform.com/pt_BR/soccer/brasileir%C3%A3o-s%C3%A9rie-a-2022/css9eoc46vca8gkmv5z7603ys/match/view/3i088540ah6l7xqvb7f65tmvo,1,4,0,0,0,0,0,0,2,0,0,0,0,0,1,1,6,0,0,0,0,1.6,2.0,2.0,1.0,1.2,0.8,0.4,2.2,0.0,0.5333333333333333,98,0.5333333333333333,1.0,1.0,2.0,2.0,1.8,1.8,0.0,2.8,0.0,0.3333333333333333,98,0.3333333333333333,1
990,3ief1b5gkgaizqqyvtlzhcs2c,2022,2022-08-22 20:00:00,2022,8,segunda-feira,20,Avai FC,SC Internacional,Ressacada,Edina Alves Batista,13.911,13911,22 de agosto de 2022 20:00,0,1,away_win,2,https://optaplayerstats.statsperform.com/pt_BR/soccer/brasileir%C3%A3o-s%C3%A9rie-a-2022/css9eoc46vca8gkmv5z7603ys/match/view/3ief1b5gkgaizqqyvtlzhcs2c,0,5,0,0,0,0,0,1,2,1,0,1,1,0,1,-1,7,1,1,1,0,0.4,0.0,2.0,3.0,0.8,1.6,-0.8,1.4,0.0,0.13333333333333333,22,0.3333333333333333,1.4,2.0,1.0,2.0,2.0,1.6,0.4,2.6,0.0,0.4666666666666667,98,0.3333333333333333,1
991,3j8vx5gr0nj9egg4iuq9ouluc,2022,2022-08-27 16:30:00,2022,8,sábado,16,Goiás EC,Atlético Goianiense,Estádio Hailé Pinheiro (Serrinha),Marcelo de Lima Henrique,13.781,13781,27 de agosto de 2022 16:30,2,1,home_win,0,https://optaplayerstats.statsperform.com/pt_BR/soccer/brasileir%C3%A3o-s%C3%A9rie-a-2022/css9eoc46vca8gkmv5z7603ys/match/view/3j8vx5gr0nj9egg4iuq9ouluc,2,2,1,0,1,0,0,1,2,1,0,1,0,0,3,1,4,2,1,0,0,1.6,2.0,2.0,1.0,1.2,1.4,-0.2,2.0,0.2,0.5333333333333333,23,0.6666666666666666,1.0,1.0,2.0,2.0,0.8,1.4,-0.6,2.8,0.4,0.3333333333333333,99,0.13333333333333333,1
992,3jha7mvpdkwitdmibfhexv8k4,2022,2022-08-27 16:30:00,2022,8,sábado,16,Coritiba FBC,Avai FC,Couto Pereira,Sávio Pereira Sampaio,17.597,17597,27 de agosto de 2022 16:30,1,0,home_win,0,https://optaplayerstats.statsperform.com/pt_BR/soccer/brasileir%C3%A3o-s%C3%A9rie-a-2022/css9eoc46vca8gkmv5z7603ys/match/view/3jha7mvpdkwitdmibfhexv8k4,1,4,0,0,0,0,0,0,3,0,0,0,0,0,1,1,7,0,0,0,0,0.6,1.0,0.0,4.0,0.8,1.8,-1.0,3.0,0.4,0.2,23,0.4666666666666666,0.4,0.0,2.0,3.0,0.8,1.6,-0.8,2.0,0.0,0.13333333333333333,23,0.06666666666666667,1
993,3iojb9hrufw207vi1031vvj84,2022,2022-08-27 19:00:00,2022,8,sábado,19,Fluminense FC,SE Palmeiras,Estádio Jornalista Mário Filho (Maracanã),Braulio da Silva Machado,45.084,45084,27 de agosto de 2022 19:00,1,1,draw,1,https://optaplayerstats.statsperform.com/pt_BR/soccer/brasileir%C3%A3o-s%C3%A9rie-a-2022/css9eoc46vca8gkmv5z7603ys/match/view/3iojb9hrufw207vi1031vvj84,1,3,0,0,0,0,0,1,3,0,0,0,0,0,2,0,6,0,0,0,0,2.0,3.0,1.0,1.0,2.0,1.6,0.4,3.2,0.2,0.6666666666666666,99,1.0,2.6,4.0,1.0,0.0,1.8,0.6,1.2,1.4,0.0,0.8666666666666667,99,0.7333333333333334,1
994,3j5ge67rl10kjhfuboezisb9w,2022,2022-08-27 21:00:00,2022,8,sábado,21,Ceará SC,Club Athletico Paranaense,Castelão,Vinicius Gonçalves Dias Araujo,16.754,16754,27 de agosto de 2022 21:00,0,0,draw,1,https://optaplayerstats.statsperform.com/pt_BR/soccer/brasileir%C3%A3o-s%C3%A9rie-a-2022/css9eoc46vca8gkmv5z7603ys/match/view/3j5ge67rl10kjhfuboezisb9w,0,0,0,0,0,0,0,0,1,0,0,0,0,0,0,0,1,0,0,0,0,0.4,0.0,2.0,3.0,0.6,1.2,-0.6,3.4,0.2,0.13333333333333333,99,0.4666666666666666,1.4,2.0,1.0,2.0,1.0,2.0,-1.0,1.8,0.0,0.4666666666666667,99,0.39999999999999997,1
995,3il3j0qx6guhgmgihi4n6izh0,2022,2022-08-28 16:00:00,2022,8,domingo,16,América FC (Minas Gerais),Clube Atlético Mineiro,Estádio Raimundo Sampaio,Ramon Abatti,7.016,7016,28 de agosto de 2022 16:00,1,1,draw,1,https://optaplayerstats.statsperform.com/pt_BR/soccer/brasileir%C3%A3o-s%C3%A9rie-a-2022/css9eoc46vca8gkmv5z7603ys/match/view/3il3j0qx6guhgmgihi4n6izh0,1,4,0,0,0,0,0,1,4,0,0,0,0,0,2,0,8,0,0,0,0,2.6,4.0,1.0,0.0,1.4,0.4,1.0,1.0,0.0,0.8666666666666667,61,0.6,0.6,1.0,0.0,4.0,0.8,1.8,-1.0,0.8,0.0,0.2,99,0.6666666666666666,1
996,3irwqbhc95ot2marw1cyayp78,2022,2022-08-28 16:00:00,2022,8,domingo,16,São Paulo FC,Fortaleza EC,Morumbi,Paulo Cesar Zanovelli da Silva,30.210,30210,28 de agosto de 2022 16:00,0,1,away_win,2,https://optaplayerstats.statsperform.com/pt_BR/soccer/brasileir%C3%A3o-s%C3%A9rie-a-2022/css9eoc46vca8gkmv5z7603ys/match/view/3irwqbhc95ot2marw1cyayp78,0,2,0,0,0,0,0,1,2,0,0,0,0,0,1,-1,4,0,0,0,0,0.8,1.0,1.0,3.0,1.2,1.4,-0.2,2.2,0.0,0.26666666666666666,99,0.39999999999999997,2.6,4.0,1.0,0.0,1.2,0.0,1.2,2.8,0.2,0.8666666666666667,99,0.6,1
997,3iyrpp5y0aeuq7b1s3p55csus,2022,2022-08-28 18:00:00,2022,8,domingo,18,Botafogo FR,CR Flamengo,Estádio Nilton Santos,Flavio Rodrigues De Souza,14.442,14442,28 de agosto de 2022 18:00,0,1,away_win,2,https://optaplayerstats.statsperform.com/pt_BR/soccer/brasileir%C3%A3o-s%C3%A9rie-a-2022/css9eoc46vca8gkmv5z7603ys/match/view/3iyrpp5y0aeuq7b1s3p55csus,0,3,0,0,0,0,0,1,2,0,0,0,0,0,1,-1,5,0,0,0,0,1.2,1.0,3.0,1.0,1.0,0.8,0.2,1.2,0.2,0.4,23,0.3333333333333333,2.6,4.0,1.0,0.0,2.8,0.6,2.2,1.6,0.0,0.8666666666666667,99,0.6666666666666666,1
998,3jcbkllfl0qediswxq2qg20b8,2022,2022-08-28 18:00:00,2022,8,domingo,18,Cuiabá EC,Santos FC Sao Paulo,Arena Pantanal,Jean Pierre Goncalves Lima,19.136,19136,28 de agosto de 2022 18:00,0,0,draw,1,https://optaplayerstats.statsperform.com/pt_BR/soccer/brasileir%C3%A3o-s%C3%A9rie-a-2022/css9eoc46vca8gkmv5z7603ys/match/view/3jcbkllfl0qediswxq2qg20b8,0,0,0,0,0,0,0,0,0,0,0,0,0,0,0,0,0,0,0,0,0,0.8,1.0,1.0,3.0,0.4,0.8,-0.4,2.8,0.0,0.26666666666666666,61,0.5333333333333333,1.6,2.0,2.0,1.0,1.0,0.8,0.2,2.6,0.0,0.5333333333333333,99,0.3333333333333333,1
999,3j25srxt4q9fs9cwkyjhjlez8,2022,2022-08-29 20:00:00,2022,8,segunda-feira,20,SC Internacional,EC Juventude,Beira-Rio,Bruno Arleu de Araújo,16.518,16518,29 de agosto de 2022 20:00,4,0,home_win,0,https://optaplayerstats.statsperform.com/pt_BR/soccer/brasileir%C3%A3o-s%C3%A9rie-a-2022/css9eoc46vca8gkmv5z7603ys/match/view/3j25srxt4q9fs9cwkyjhjlez8,4,0,0,0,0,1,0,0,3,0,0,0,0,0,4,4,3,0,0,1,0,1.8,3.0,0.0,2.0,1.6,1.0,0.6,2.2,0.2,0.6,99,0.8666666666666667,0.8,1.0,1.0,3.0,0.6,1.0,-0.4,2.0,0.2,0.26666666666666666,61,0.13333333333333333,1
1000,3ivf9cvqhain0z499hb0juqs4,2022,2022-08-29 21:30:00,2022,8,segunda-feira,21,SC Corinthians Paulista,Red Bull Bragantino,Neo Química Arena,Wilton Pereira Sampaio,36.228,36228,29 de agosto de 2022 21:30,1,0,home_win,0,https://optaplayerstats.statsperform.com/pt_BR/soccer/brasileir%C3%A3o-s%C3%A9rie-a-2022/css9eoc46vca8gkmv5z7603ys/match/view/3ivf9cvqhain0z499hb0juqs4,1,1,0,0,0,0,0,0,1,0,0,0,0,0,1,1,2,0,0,0,0,1.4,2.0,1.0,2.0,0.8,0.8,0.0,1.4,0.0,0.4666666666666667,99,0.6666666666666666,0.8,1.0,1.0,3.0,0.8,1.6,-0.8,1.8,0.0,0.26666666666666666,99,0.19999999999999998,1
1001,3k2yfzcswui869q74t6suljx0,2022,2022-09-03 16:30:00,2022,9,sábado,16,EC Juventude,Avai FC,Alfredo Jaconi,Diego Pombo Lopez,2.708,2708,3 de setembro de 2022 16:30,1,1,draw,1,https://optaplayerstats.statsperform.com/pt_BR/soccer/brasileir%C3%A3o-s%C3%A9rie-a-2022/css9eoc46vca8gkmv5z7603ys/match/view/3k2yfzcswui869q74t6suljx0,1,6,0,0,0,1,0,1,6,0,0,0,0,0,2,0,12,0,0,1,0,0.2,0.0,1.0,4.0,0.4,1.8,-1.4,2.4,0.2,0.06666666666666667,62,0.3333333333333333,0.4,0.0,2.0,3.0,0.6,1.4,-0.8,2.4,0.0,0.13333333333333333,24,0.06666666666666667,1
1002,3jrvsbxx0c3e82nvyqoypin10,2022,2022-09-03 19:00:00,2022,9,sábado,19,Red Bull Bragantino,SE Palmeiras,Nabizão,Raphael Claus,9.685,9685,3 de setembro de 2022 19:00,2,2,draw,1,https://optaplayerstats.statsperform.com/pt_BR/soccer/brasileir%C3%A3o-s%C3%A9rie-a-2022/css9eoc46vca8gkmv5z7603ys/match/view/3jrvsbxx0c3e82nvyqoypin10,2,4,0,0,0,0,0,2,4,0,0,0,0,1,4,0,8,0,0,0,1,0.8,1.0,1.0,3.0,0.6,1.4,-0.8,1.4,0.0,0.26666666666666666,100,0.6666666666666666,2.2,3.0,2.0,0.0,1.6,0.6,1.0,2.0,0.0,0.7333333333333333,100,0.7333333333333334,1
1003,3kgjjxtigl071c6yh5xdc3ms4,2022,2022-09-03 19:00:00,2022,9,sábado,19,Club Athletico Paranaense,Fluminense FC,Arena da Baixada,Flavio Rodrigues De Souza,14.037,14037,3 de setembro de 2022 19:00,1,0,home_win,0,https://optaplayerstats.statsperform.com/pt_BR/soccer/brasileir%C3%A3o-s%C3%A9rie-a-2022/css9eoc46vca8gkmv5z7603ys/match/view/3kgjjxtigl071c6yh5xdc3ms4,1,2,0,0,0,0,0,0,0,0,0,0,0,0,1,1,2,0,0,0,0,1.6,2.0,2.0,1.0,1.0,1.6,-0.6,1.6,0.0,0.5333333333333333,100,0.7333333333333334,1.6,2.0,2.0,1.0,1.8,1.6,0.2,2.6,0.0,0.5333333333333333,100,0.5333333333333333,1
1004,3jkspdz9b4vjhv7kinbgkx0r8,2022,2022-09-03 20:30:00,2022,9,sábado,20,América FC (Minas Gerais),Coritiba FBC,Estádio Raimundo Sampaio,Dyorgines José Padovani Andrade,2.840,2840,3 de setembro de 2022 20:30,2,0,home_win,0,https://optaplayerstats.statsperform.com/pt_BR/soccer/brasileir%C3%A3o-s%C3%A9rie-a-2022/css9eoc46vca8gkmv5z7603ys/match/view/3jkspdz9b4vjhv7kinbgkx0r8,2,2,0,0,0,0,0,0,3,0,0,0,0,0,2,2,5,0,0,0,0,2.2,3.0,2.0,0.0,1.4,0.6,0.8,1.6,0.0,0.7333333333333333,62,0.4666666666666666,0.6,1.0,0.0,4.0,0.8,1.8,-1.0,2.8,0.2,0.2,24,0.0,1
1005,3jo82rdqhgxowj55ds42jd1xw,2022,2022-09-04 11:00:00,2022,9,domingo,11,CR Flamengo,Ceará SC,Estádio Jornalista Mário Filho (Maracanã),Paulo Cesar Zanovelli da Silva,64.387,64387,4 de setembro de 2022 11:00,1,1,draw,1,https://optaplayerstats.statsperform.com/pt_BR/soccer/brasileir%C3%A3o-s%C3%A9rie-a-2022/css9eoc46vca8gkmv5z7603ys/match/view/3jo82rdqhgxowj55ds42jd1xw,1,4,0,1,1,0,0,1,6,1,0,1,0,0,2,0,10,2,1,0,0,2.6,4.0,1.0,0.0,2.6,0.4,2.2,1.8,0.0,0.8666666666666667,100,1.0,0.6,0.0,3.0,2.0,0.6,1.0,-0.4,2.8,0.2,0.2,100,0.19999999999999998,1
1006,3jw0kzc2v54xy9jzgzxb48zkk,2022,2022-09-04 16:00:00,2022,9,domingo,16,SC Corinthians Paulista,SC Internacional,Neo Química Arena,Braulio da Silva Machado,41.423,41423,4 de setembro de 2022 16:00,2,2,draw,1,https://optaplayerstats.statsperform.com/pt_BR/soccer/brasileir%C3%A3o-s%C3%A9rie-a-2022/css9eoc46vca8gkmv5z7603ys/match/view/3jw0kzc2v54xy9jzgzxb48zkk,2,2,0,0,0,0,0,2,2,0,0,0,0,0,4,0,4,0,0,0,0,1.4,2.0,1.0,2.0,0.6,0.6,0.0,1.4,0.0,0.4666666666666667,100,0.7999999999999999,2.4,4.0,0.0,1.0,2.2,0.6,1.6,1.8,0.2,0.8,100,0.3333333333333333,1
1007,3k6f2ghy9vkgxoy9hcv48a68k,2022,2022-09-04 16:00:00,2022,9,domingo,16,Fortaleza EC,Botafogo FR,Castelão,Ramon Abatti,54.505,54505,4 de setembro de 2022 16:00,1,3,away_win,2,https://optaplayerstats.statsperform.com/pt_BR/soccer/brasileir%C3%A3o-s%C3%A9rie-a-2022/css9eoc46vca8gkmv5z7603ys/match/view/3k6f2ghy9vkgxoy9hcv48a68k,1,1,0,0,0,0,0,3,2,0,0,0,0,0,4,-2,3,0,0,0,0,3.0,5.0,0.0,0.0,1.4,0.0,1.4,2.4,0.2,1.0,100,0.7333333333333334,0.6,0.0,3.0,2.0,0.6,1.0,-0.4,1.8,0.2,0.2,24,0.26666666666666666,1
1008,3k9tcmobuv8ib7oiavjqxu3h0,2022,2022-09-04 18:00:00,2022,9,domingo,18,Atlético Goianiense,Clube Atlético Mineiro,Estádio Antônio Accioly,Luiz Flávio de Oliveira,7.083,7083,4 de setembro de 2022 18:00,0,2,away_win,2,https://optaplayerstats.statsperform.com/pt_BR/soccer/brasileir%C3%A3o-s%C3%A9rie-a-2022/css9eoc46vca8gkmv5z7603ys/match/view/3k9tcmobuv8ib7oiavjqxu3h0,0,1,0,0,0,0,0,2,2,0,0,0,0,0,2,-2,3,0,0,0,0,1.0,1.0,2.0,2.0,1.0,1.6,-0.6,3.2,0.6,0.3333333333333333,100,0.26666666666666666,0.8,1.0,1.0,3.0,0.8,1.6,-0.8,1.2,0.0,0.26666666666666666,100,0.5333333333333333,1
1009,3kd5fn3au4xleauma9oremd5g,2022,2022-09-04 19:00:00,2022,9,domingo,19,Cuiabá EC,São Paulo FC,Arena Pantanal,Wagner do Nascimento Magalhaes,33.050,33050,4 de setembro de 2022 19:00,1,1,draw,1,https://optaplayerstats.statsperform.com/pt_BR/soccer/brasileir%C3%A3o-s%C3%A9rie-a-2022/css9eoc46vca8gkmv5z7603ys/match/view/3kd5fn3au4xleauma9oremd5g,1,4,0,0,0,1,0,1,2,0,1,1,0,0,2,0,6,1,1,1,0,1.0,1.0,2.0,2.0,0.4,0.6,-0.2,2.0,0.0,0.3333333333333333,62,0.5333333333333333,0.6,1.0,0.0,4.0,0.6,1.0,-0.4,2.2,0.0,0.2,100,0.3333333333333333,1
1010,3jzdw3n9jmj1gx95pi0q33u38,2022,2022-09-05 20:00:00,2022,9,segunda-feira,20,Santos FC Sao Paulo,Goiás EC,Vila Belmiro,Anderson Daronco,11.497,11497,5 de setembro de 2022 20:00,1,2,away_win,2,https://optaplayerstats.statsperform.com/pt_BR/soccer/brasileir%C3%A3o-s%C3%A9rie-a-2022/css9eoc46vca8gkmv5z7603ys/match/view/3jzdw3n9jmj1gx95pi0q33u38,1,1,0,0,0,0,0,2,2,0,0,0,0,0,3,-1,3,0,0,0,0,1.6,2.0,2.0,1.0,1.0,0.8,0.2,1.8,0.0,0.5333333333333333,100,0.6666666666666666,2.0,3.0,1.0,1.0,1.0,1.0,0.0,1.4,0.4,0.6666666666666666,24,0.3333333333333333,1
1011,3kjw415ze0m38wcxlfheq5444,2022,2022-09-07 17:00:00,2022,9,quarta-feira,17,Clube Atlético Mineiro,Red Bull Bragantino,Mineirão,Jean Pierre Goncalves Lima,34.941,34941,7 de setembro de 2022 17:00,1,1,draw,1,https://optaplayerstats.statsperform.com/pt_BR/soccer/brasileir%C3%A3o-s%C3%A9rie-a-2022/css9eoc46vca8gkmv5z7603ys/match/view/3kjw415ze0m38wcxlfheq5444,1,1,0,0,0,0,0,1,2,0,0,0,0,0,2,0,3,0,0,0,0,1.4,2.0,1.0,2.0,1.2,1.0,0.2,1.4,0.0,0.4666666666666667,101,0.26666666666666666,0.4,0.0,2.0,3.0,0.8,1.8,-1.0,2.0,0.0,0.13333333333333333,101,0.19999999999999998,1
1012,3l19bl9auynxnozp92pe6nu38,2022,2022-09-10 16:30:00,2022,9,sábado,16,SC Internacional,Cuiabá EC,Beira-Rio,Maguielson Lima Barbosa,30.719,30719,10 de setembro de 2022 16:30,1,0,home_win,0,https://optaplayerstats.statsperform.com/pt_BR/soccer/brasileir%C3%A3o-s%C3%A9rie-a-2022/css9eoc46vca8gkmv5z7603ys/match/view/3l19bl9auynxnozp92pe6nu38,1,1,0,0,0,0,0,0,3,0,0,0,0,0,1,1,4,0,0,0,0,2.0,3.0,1.0,1.0,2.0,1.0,1.0,2.0,0.2,0.6666666666666666,101,0.8666666666666667,1.2,1.0,3.0,1.0,0.6,0.6,0.0,2.2,0.0,0.4,63,0.26666666666666666,1
1013,3l6ktpqdakt0i11uzr4kpsff8,2022,2022-09-10 16:30:00,2022,9,sábado,16,Ceará SC,Santos FC Sao Paulo,Castelão,Braulio da Silva Machado,38.339,38339,10 de setembro de 2022 16:30,2,1,home_win,0,https://optaplayerstats.statsperform.com/pt_BR/soccer/brasileir%C3%A3o-s%C3%A9rie-a-2022/css9eoc46vca8gkmv5z7603ys/match/view/3l6ktpqdakt0i11uzr4kpsff8,2,4,0,0,0,0,0,1,3,0,0,0,0,0,3,1,7,0,0,0,0,0.8,0.0,4.0,1.0,0.6,0.8,-0.2,3.4,0.2,0.26666666666666666,101,0.4666666666666666,1.4,2.0,1.0,2.0,0.8,0.8,0.0,1.6,0.0,0.4666666666666667,101,0.3333333333333333,1
1014,3kn79712dwg4i863wc8g5b2fo,2022,2022-09-10 19:00:00,2022,9,sábado,19,Fluminense FC,Fortaleza EC,Estádio Jornalista Mário Filho (Maracanã),Paulo Roberto Alves Júnior,26.533,26533,10 de setembro de 2022 19:00,2,1,home_win,0,https://optaplayerstats.statsperform.com/pt_BR/soccer/brasileir%C3%A3o-s%C3%A9rie-a-2022/css9eoc46vca8gkmv5z7603ys/match/view/3kn79712dwg4i863wc8g5b2fo,2,1,0,0,0,0,0,1,2,0,0,0,0,0,3,1,3,0,0,0,0,1.4,2.0,1.0,2.0,1.4,1.4,0.0,1.6,0.0,0.4666666666666667,101,0.8666666666666667,2.4,4.0,0.0,1.0,1.4,0.6,0.8,1.8,0.2,0.8,101,0.7999999999999999,1
1015,3ku1w64pr91m9cfqjggqfhtec,2022,2022-09-10 21:00:00,2022,9,sábado,21,SE Palmeiras,EC Juventude,Allianz Parque,Jefferson Ferreira de Moraes,39.337,39337,10 de setembro de 2022 21:00,2,1,home_win,0,https://optaplayerstats.statsperform.com/pt_BR/soccer/brasileir%C3%A3o-s%C3%A9rie-a-2022/css9eoc46vca8gkmv5z7603ys/match/view/3ku1w64pr91m9cfqjggqfhtec,2,0,0,0,0,0,0,1,3,0,0,0,0,0,3,1,3,0,0,0,0,1.8,2.0,3.0,0.0,1.6,0.8,0.8,2.2,0.0,0.6,101,0.6666666666666666,0.4,0.0,2.0,3.0,0.6,1.8,-1.2,3.4,0.2,0.13333333333333333,63,0.06666666666666667,1
1016,3kxt163wt05f9smsl7auvyo7o,2022,2022-09-11 11:00:00,2022,9,domingo,11,Botafogo FR,América FC (Minas Gerais),Estádio Nilton Santos,José Mendonça da Silva Jr.,32.286,32286,11 de setembro de 2022 11:00,0,0,draw,1,https://optaplayerstats.statsperform.com/pt_BR/soccer/brasileir%C3%A3o-s%C3%A9rie-a-2022/css9eoc46vca8gkmv5z7603ys/match/view/3kxt163wt05f9smsl7auvyo7o,0,1,0,0,0,0,0,0,5,0,0,0,0,0,0,0,6,0,0,0,0,1.2,1.0,3.0,1.0,1.2,1.0,0.2,2.2,0.2,0.4,25,0.3333333333333333,2.2,3.0,2.0,0.0,1.2,0.4,0.8,1.8,0.0,0.7333333333333333,63,0.4666666666666666,1
1017,3ld57grxdbi2shzw90884szdg,2022,2022-09-11 11:00:00,2022,9,domingo,11,Avai FC,Club Athletico Paranaense,Ressacada,Paulo Cesar Zanovelli da Silva,9.487,9487,11 de setembro de 2022 11:00,1,1,draw,1,https://optaplayerstats.statsperform.com/pt_BR/soccer/brasileir%C3%A3o-s%C3%A9rie-a-2022/css9eoc46vca8gkmv5z7603ys/match/view/3ld57grxdbi2shzw90884szdg,1,3,0,0,0,0,0,1,4,0,1,1,0,0,2,0,7,1,1,0,0,0.6,0.0,3.0,2.0,0.6,1.0,-0.4,3.6,0.0,0.2,25,0.26666666666666666,1.6,2.0,2.0,1.0,1.0,1.6,-0.6,1.4,0.0,0.5333333333333333,101,0.26666666666666666,1
1018,3kqo1vzw982x0g449y4ki89w4,2022,2022-09-11 16:00:00,2022,9,domingo,16,São Paulo FC,SC Corinthians Paulista,Morumbi,Marcelo de Lima Henrique,46.444,46444,11 de setembro de 2022 16:00,1,1,draw,1,https://optaplayerstats.statsperform.com/pt_BR/soccer/brasileir%C3%A3o-s%C3%A9rie-a-2022/css9eoc46vca8gkmv5z7603ys/match/view/3kqo1vzw982x0g449y4ki89w4,1,3,0,0,0,1,0,1,2,0,0,0,0,0,2,0,5,0,0,1,0,0.8,1.0,1.0,3.0,0.8,1.0,-0.2,1.8,0.2,0.26666666666666666,101,0.3333333333333333,1.0,1.0,2.0,2.0,0.8,1.0,-0.2,1.8,0.0,0.3333333333333333,101,0.26666666666666666,1
1019,3lgqlxon19ogr8oy7h0obwmqc,2022,2022-09-11 16:00:00,2022,9,domingo,16,Coritiba FBC,Atlético Goianiense,Couto Pereira,Vinicius Gonçalves Dias Araujo,15.046,15046,11 de setembro de 2022 16:00,2,0,home_win,0,https://optaplayerstats.statsperform.com/pt_BR/soccer/brasileir%C3%A3o-s%C3%A9rie-a-2022/css9eoc46vca8gkmv5z7603ys/match/view/3lgqlxon19ogr8oy7h0obwmqc,2,6,0,0,0,0,0,0,3,2,0,2,0,0,2,2,9,2,1,0,0,0.6,1.0,0.0,4.0,0.8,2.0,-1.2,3.0,0.0,0.2,25,0.4666666666666666,1.0,1.0,2.0,2.0,0.8,1.2,-0.4,2.0,0.4,0.3333333333333333,101,0.06666666666666667,1
1020,3l9rxfxs4no3zo8s005wu1jbo,2022,2022-09-11 19:00:00,2022,9,domingo,19,Goiás EC,CR Flamengo,Estádio Hailé Pinheiro (Serrinha),Ramon Abatti,13.798,13798,11 de setembro de 2022 19:00,1,1,draw,1,https://optaplayerstats.statsperform.com/pt_BR/soccer/brasileir%C3%A3o-s%C3%A9rie-a-2022/css9eoc46vca8gkmv5z7603ys/match/view/3l9rxfxs4no3zo8s005wu1jbo,1,3,0,0,0,0,0,1,1,0,0,0,0,0,2,0,4,0,0,0,0,2.0,3.0,1.0,1.0,1.2,1.2,0.0,1.6,0.4,0.6666666666666666,25,0.6666666666666666,2.2,3.0,2.0,0.0,2.0,0.4,1.6,2.6,0.2,0.7333333333333333,101,0.6666666666666666,1
1021,3mc3wz1h0ks4q02nuemg2wutw,2022,2022-09-17 16:30:00,2022,9,sábado,16,Avai FC,Clube Atlético Mineiro,Ressacada,André Luiz de Freitas Castro,10.816,10816,17 de setembro de 2022 16:30,1,0,home_win,0,https://optaplayerstats.statsperform.com/pt_BR/soccer/brasileir%C3%A3o-s%C3%A9rie-a-2022/css9eoc46vca8gkmv5z7603ys/match/view/3mc3wz1h0ks4q02nuemg2wutw,1,5,0,0,0,1,0,0,3,0,0,0,0,0,1,1,8,0,0,1,0,0.6,0.0,3.0,2.0,0.6,1.0,-0.4,3.8,0.0,0.2,26,0.3333333333333333,1.6,2.0,2.0,1.0,1.0,0.6,0.4,1.4,0.0,0.5333333333333333,102,0.5333333333333333,1
1022,3ly2gtstrub7uzceys9yie784,2022,2022-09-17 19:00:00,2022,9,sábado,19,Botafogo FR,Coritiba FBC,Estádio Nilton Santos,Paulo Cesar Zanovelli da Silva,15.080,15080,17 de setembro de 2022 19:00,2,0,home_win,0,https://optaplayerstats.statsperform.com/pt_BR/soccer/brasileir%C3%A3o-s%C3%A9rie-a-2022/css9eoc46vca8gkmv5z7603ys/match/view/3ly2gtstrub7uzceys9yie784,2,2,0,0,0,0,0,0,4,0,0,0,0,0,2,2,6,0,0,0,0,1.2,1.0,3.0,1.0,1.0,0.8,0.2,1.8,0.2,0.4,26,0.39999999999999997,1.2,2.0,0.0,3.0,1.0,1.6,-0.6,3.6,0.0,0.4,26,0.0,1
1023,3lr6sqd7oizeohi166rf0gtn8,2022,2022-09-18 11:00:00,2022,9,domingo,11,Red Bull Bragantino,Goiás EC,Nabizão,José Mendonça da Silva Jr.,3.984,3984,18 de setembro de 2022 11:00,1,1,draw,1,https://optaplayerstats.statsperform.com/pt_BR/soccer/brasileir%C3%A3o-s%C3%A9rie-a-2022/css9eoc46vca8gkmv5z7603ys/match/view/3lr6sqd7oizeohi166rf0gtn8,1,0,0,0,0,0,0,1,5,0,0,0,1,0,2,0,5,0,0,1,0,0.6,0.0,3.0,2.0,0.8,1.6,-0.8,2.2,0.0,0.2,102,0.7333333333333334,2.2,3.0,2.0,0.0,1.4,0.8,0.6,1.6,0.4,0.7333333333333333,26,0.5333333333333333,1
1024,3lnpqzl1jgj946lhabkg682s4,2022,2022-09-18 16:00:00,2022,9,domingo,16,CR Flamengo,Fluminense FC,Estádio Jornalista Mário Filho (Maracanã),Raphael Claus,55.170,55170,18 de setembro de 2022 16:00,1,2,away_win,2,https://optaplayerstats.statsperform.com/pt_BR/soccer/brasileir%C3%A3o-s%C3%A9rie-a-2022/css9eoc46vca8gkmv5z7603ys/match/view/3lnpqzl1jgj946lhabkg682s4,1,1,2,0,2,0,0,2,5,2,1,3,1,0,3,-1,6,5,1,1,0,1.8,2.0,3.0,0.0,1.8,0.6,1.2,2.4,0.2,0.6,102,0.8666666666666667,1.4,2.0,1.0,2.0,1.6,1.6,0.0,1.4,0.0,0.4666666666666667,102,0.3333333333333333,1
1025,3m4ugssyo723c1yvig4vzymms,2022,2022-09-18 16:00:00,2022,9,domingo,16,Ceará SC,São Paulo FC,Castelão,Maguielson Lima Barbosa,43.000,43000,18 de setembro de 2022 16:00,0,2,away_win,2,https://optaplayerstats.statsperform.com/pt_BR/soccer/brasileir%C3%A3o-s%C3%A9rie-a-2022/css9eoc46vca8gkmv5z7603ys/match/view/3m4ugssyo723c1yvig4vzymms,0,5,2,0,2,0,0,2,2,0,0,0,0,0,2,-2,7,2,1,0,0,1.2,1.0,3.0,1.0,0.8,0.8,0.0,3.4,0.2,0.4,102,0.4666666666666666,1.0,1.0,2.0,2.0,1.0,0.8,0.2,2.0,0.2,0.3333333333333333,102,0.19999999999999998,1
1026,3lk87qan025jnp9afm7k0qpzo,2022,2022-09-18 18:00:00,2022,9,domingo,18,América FC (Minas Gerais),SC Corinthians Paulista,Estádio Raimundo Sampaio,Bruno Arleu de Araújo,6.416,6416,18 de setembro de 2022 18:00,1,0,home_win,0,https://optaplayerstats.statsperform.com/pt_BR/soccer/brasileir%C3%A3o-s%C3%A9rie-a-2022/css9eoc46vca8gkmv5z7603ys/match/view/3lk87qan025jnp9afm7k0qpzo,1,1,0,0,0,0,0,0,3,0,0,0,0,0,1,1,4,0,0,0,0,1.8,2.0,3.0,0.0,1.0,0.4,0.6,2.4,0.0,0.6,64,0.6666666666666666,1.0,1.0,2.0,2.0,0.8,1.0,-0.2,2.0,0.0,0.3333333333333333,102,0.3333333333333333,1
1027,3m1gwnj5tt9gttgyf0zzo03kk,2022,2022-09-18 18:00:00,2022,9,domingo,18,EC Juventude,Fortaleza EC,Alfredo Jaconi,Dyorgines José Padovani Andrade,2.144,2144,18 de setembro de 2022 18:00,1,1,draw,1,https://optaplayerstats.statsperform.com/pt_BR/soccer/brasileir%C3%A3o-s%C3%A9rie-a-2022/css9eoc46vca8gkmv5z7603ys/match/view/3m1gwnj5tt9gttgyf0zzo03kk,1,2,0,0,0,0,0,1,3,0,0,0,0,1,2,0,5,0,0,0,1,0.4,0.0,2.0,3.0,0.8,2.0,-1.2,3.8,0.2,0.13333333333333333,64,0.39999999999999997,1.8,3.0,0.0,2.0,1.0,1.0,0.0,2.0,0.0,0.6,102,0.6,1
1028,3luokrfxqhu5vmenwwd4ipe6s,2022,2022-09-18 18:30:00,2022,9,domingo,18,SE Palmeiras,Santos FC Sao Paulo,Allianz Parque,Wilton Pereira Sampaio,40.337,40337,18 de setembro de 2022 18:30,1,0,home_win,0,https://optaplayerstats.statsperform.com/pt_BR/soccer/brasileir%C3%A3o-s%C3%A9rie-a-2022/css9eoc46vca8gkmv5z7603ys/match/view/3luokrfxqhu5vmenwwd4ipe6s,1,4,1,1,2,0,0,0,4,0,0,0,0,0,1,1,8,2,1,0,0,1.8,2.0,3.0,0.0,1.4,1.0,0.4,1.8,0.0,0.6,102,0.8666666666666667,0.8,1.0,1.0,3.0,0.6,1.0,-0.4,1.6,0.0,0.26666666666666666,102,0.3333333333333333,1
1029,3mfjbx76al8tr7pntopsbvehg,2022,2022-09-18 19:00:00,2022,9,domingo,19,Club Athletico Paranaense,Cuiabá EC,Arena da Baixada,Anderson Daronco,16.524,16524,18 de setembro de 2022 19:00,2,2,draw,1,https://optaplayerstats.statsperform.com/pt_BR/soccer/brasileir%C3%A3o-s%C3%A9rie-a-2022/css9eoc46vca8gkmv5z7603ys/match/view/3mfjbx76al8tr7pntopsbvehg,2,3,0,0,0,1,0,2,2,0,1,1,0,0,4,0,5,1,1,1,0,1.2,1.0,3.0,1.0,0.6,1.4,-0.8,1.8,0.2,0.4,102,0.7333333333333334,1.2,1.0,3.0,1.0,0.6,0.6,0.0,2.6,0.0,0.4,64,0.06666666666666667,1
1030,3m8fnj1wgtorl33ls7zvfsutw,2022,2022-09-19 20:00:00,2022,9,segunda-feira,20,Atlético Goianiense,SC Internacional,Estádio Antônio Accioly,Edina Alves Batista,5.185,5185,19 de setembro de 2022 20:00,1,2,away_win,2,https://optaplayerstats.statsperform.com/pt_BR/soccer/brasileir%C3%A3o-s%C3%A9rie-a-2022/css9eoc46vca8gkmv5z7603ys/match/view/3m8fnj1wgtorl33ls7zvfsutw,1,3,0,0,0,0,0,2,2,0,0,0,0,0,3,-1,5,0,0,0,0,0.4,0.0,2.0,3.0,0.4,1.4,-1.0,2.2,0.8,0.13333333333333333,102,0.26666666666666666,2.6,4.0,1.0,0.0,2.2,0.4,1.8,1.2,0.2,0.8666666666666667,102,0.3333333333333333,1
1031,3mprstmrkamhpnvz07drs1tzo,2022,2022-09-25 20:00:00,2022,9,domingo,20,São Paulo FC,Avai FC,Morumbi,Bruno Arleu de Araújo,36.510,36510,25 de setembro de 2022 20:00,4,0,home_win,0,https://optaplayerstats.statsperform.com/pt_BR/soccer/brasileir%C3%A3o-s%C3%A9rie-a-2022/css9eoc46vca8gkmv5z7603ys/match/view/3mprstmrkamhpnvz07drs1tzo,4,2,0,0,0,0,0,0,4,0,0,0,0,0,4,4,6,0,0,0,0,1.0,1.0,2.0,2.0,0.8,0.8,0.0,2.2,0.2,0.3333333333333333,103,0.3333333333333333,1.0,1.0,2.0,2.0,0.6,0.8,-0.2,4.4,0.0,0.3333333333333333,27,0.13333333333333333,1
1032,3myee5rrpk7elc0lq15rue42c,2022,2022-09-27 21:00:00,2022,9,terça-feira,21,Santos FC Sao Paulo,Club Athletico Paranaense,Vila Belmiro,Braulio da Silva Machado,7.464,7464,27 de setembro de 2022 21:00,2,0,home_win,0,https://optaplayerstats.statsperform.com/pt_BR/soccer/brasileir%C3%A3o-s%C3%A9rie-a-2022/css9eoc46vca8gkmv5z7603ys/match/view/3myee5rrpk7elc0lq15rue42c,2,3,0,0,0,0,1,0,3,0,0,0,0,0,2,2,6,0,0,0,1,0.8,1.0,1.0,3.0,0.6,1.0,-0.4,2.4,0.0,0.26666666666666666,103,0.6666666666666666,1.4,1.0,4.0,0.0,1.0,0.8,0.2,2.0,0.2,0.4666666666666667,103,0.3333333333333333,1
1033,3mmbz34863masabum91eoy9sk,2022,2022-09-28 19:00:00,2022,9,quarta-feira,19,Fluminense FC,EC Juventude,Estádio Jornalista Mário Filho (Maracanã),Edina Alves Batista,23.396,23396,28 de setembro de 2022 19:00,4,0,home_win,0,https://optaplayerstats.statsperform.com/pt_BR/soccer/brasileir%C3%A3o-s%C3%A9rie-a-2022/css9eoc46vca8gkmv5z7603ys/match/view/3mmbz34863masabum91eoy9sk,4,1,0,0,0,0,0,0,1,0,0,0,0,0,4,4,2,0,0,0,0,2.0,3.0,1.0,1.0,2.0,1.2,0.8,2.2,0.6,0.6666666666666666,103,0.8666666666666667,0.6,0.0,3.0,2.0,1.0,2.0,-1.0,3.2,0.0,0.2,65,0.0,1
1034,3mv3lszywti4f1olouxtz534k,2022,2022-09-28 19:00:00,2022,9,quarta-feira,19,SC Corinthians Paulista,Atlético Goianiense,Neo Química Arena,Leandro Pedro Vuaden,32.146,32146,28 de setembro de 2022 19:00,2,1,home_win,0,https://optaplayerstats.statsperform.com/pt_BR/soccer/brasileir%C3%A3o-s%C3%A9rie-a-2022/css9eoc46vca8gkmv5z7603ys/match/view/3mv3lszywti4f1olouxtz534k,2,0,0,0,0,0,0,1,3,0,0,0,0,0,3,1,3,0,0,0,0,1.0,1.0,2.0,2.0,0.8,1.0,-0.2,2.2,0.0,0.3333333333333333,103,0.6666666666666666,0.2,0.0,1.0,4.0,0.6,1.8,-1.2,2.2,0.8,0.06666666666666667,103,0.06666666666666667,1
1035,3n4xlej2am0u5aashnv462gic,2022,2022-09-28 19:00:00,2022,9,quarta-feira,19,Fortaleza EC,CR Flamengo,Castelão,Flavio Rodrigues De Souza,46.299,46299,28 de setembro de 2022 19:00,3,2,home_win,0,https://optaplayerstats.statsperform.com/pt_BR/soccer/brasileir%C3%A3o-s%C3%A9rie-a-2022/css9eoc46vca8gkmv5z7603ys/match/view/3n4xlej2am0u5aashnv462gic,3,3,0,0,0,0,0,2,5,0,0,0,1,0,5,1,8,0,0,1,0,1.4,2.0,1.0,2.0,1.0,1.2,-0.2,1.8,0.0,0.4666666666666667,103,0.5333333333333333,1.2,1.0,3.0,1.0,1.0,1.0,0.0,2.0,0.6,0.4,103,0.7333333333333334,1
1036,3netkub5t1s46p9ny70rodj4k,2022,2022-09-28 19:00:00,2022,9,quarta-feira,19,Coritiba FBC,Ceará SC,Couto Pereira,Raphael Claus,13.376,13376,28 de setembro de 2022 19:00,1,0,home_win,0,https://optaplayerstats.statsperform.com/pt_BR/soccer/brasileir%C3%A3o-s%C3%A9rie-a-2022/css9eoc46vca8gkmv5z7603ys/match/view/3netkub5t1s46p9ny70rodj4k,1,2,0,0,0,0,0,0,4,0,0,0,0,0,1,1,6,0,0,0,0,1.2,2.0,0.0,3.0,1.0,1.8,-0.8,3.8,0.0,0.4,27,0.6,1.2,1.0,3.0,1.0,0.8,1.0,-0.2,3.8,0.6,0.4,103,0.19999999999999998,1
1037,3nbhxy9bg8b0enkoudriw093o,2022,2022-09-28 21:00:00,2022,9,quarta-feira,21,Cuiabá EC,América FC (Minas Gerais),Arena Pantanal,Dyorgines José Padovani Andrade,3.364,3364,28 de setembro de 2022 21:00,2,1,home_win,0,https://optaplayerstats.statsperform.com/pt_BR/soccer/brasileir%C3%A3o-s%C3%A9rie-a-2022/css9eoc46vca8gkmv5z7603ys/match/view/3nbhxy9bg8b0enkoudriw093o,2,2,0,0,0,0,0,1,6,0,0,0,0,0,3,1,8,0,0,0,0,0.8,0.0,4.0,1.0,0.8,1.0,-0.2,2.2,0.2,0.26666666666666666,65,0.39999999999999997,1.8,2.0,3.0,0.0,1.0,0.4,0.6,2.4,0.0,0.6,65,0.5333333333333333,1
1038,3misyikjyr1sdvgdsgqeanq50,2022,2022-09-28 21:45:00,2022,9,quarta-feira,21,Clube Atlético Mineiro,SE Palmeiras,Mineirão,Marcelo de Lima Henrique,28.644,28644,28 de setembro de 2022 21:45,0,1,away_win,2,https://optaplayerstats.statsperform.com/pt_BR/soccer/brasileir%C3%A3o-s%C3%A9rie-a-2022/css9eoc46vca8gkmv5z7603ys/match/view/3misyikjyr1sdvgdsgqeanq50,0,3,0,0,0,0,0,1,3,0,0,0,0,0,1,-1,6,0,0,0,0,1.0,1.0,2.0,2.0,0.8,0.8,0.0,2.0,0.0,0.3333333333333333,103,0.13333333333333333,1.8,2.0,3.0,0.0,1.4,1.0,0.4,2.2,0.4,0.6,103,0.7333333333333334,1
1039,3n1n5h6xzhuxxyv8cs0fz8n4k,2022,2022-09-28 21:45:00,2022,9,quarta-feira,21,SC Internacional,Red Bull Bragantino,Beira-Rio,Wagner do Nascimento Magalhaes,17.943,17943,28 de setembro de 2022 21:45,0,0,draw,1,https://optaplayerstats.statsperform.com/pt_BR/soccer/brasileir%C3%A3o-s%C3%A9rie-a-2022/css9eoc46vca8gkmv5z7603ys/match/view/3n1n5h6xzhuxxyv8cs0fz8n4k,0,1,0,0,0,0,0,0,2,0,0,0,0,0,0,0,3,0,0,0,0,2.6,4.0,1.0,0.0,2.0,0.6,1.4,1.4,0.2,0.8666666666666667,103,0.8666666666666667,0.8,0.0,4.0,1.0,1.0,1.2,-0.2,2.2,0.0,0.26666666666666666,103,0.06666666666666667,1
1040,3n8ac8h62x9nmqq7whcz45dzo,2022,2022-09-28 21:45:00,2022,9,quarta-feira,21,Goiás EC,Botafogo FR,Estádio Hailé Pinheiro (Serrinha),Luiz Flávio de Oliveira,10.773,10773,28 de setembro de 2022 21:45,0,1,away_win,2,https://optaplayerstats.statsperform.com/pt_BR/soccer/brasileir%C3%A3o-s%C3%A9rie-a-2022/css9eoc46vca8gkmv5z7603ys/match/view/3n8ac8h62x9nmqq7whcz45dzo,0,4,0,0,0,0,0,1,4,0,0,0,0,0,1,-1,8,0,0,0,0,2.2,3.0,2.0,0.0,1.4,0.8,0.6,2.4,0.2,0.7333333333333333,27,0.5333333333333333,1.6,2.0,2.0,1.0,1.4,0.8,0.6,2.0,0.0,0.5333333333333333,27,0.26666666666666666,1
1041,3ni80vxpcl1lapdtec5f603ys,2022,2022-10-01 15:00:00,2022,10,sábado,15,Clube Atlético Mineiro,Fluminense FC,Mineirão,Luiz Flávio de Oliveira,20.858,20858,1 de outubro de 2022 15:00,2,0,home_win,0,https://optaplayerstats.statsperform.com/pt_BR/soccer/brasileir%C3%A3o-s%C3%A9rie-a-2022/css9eoc46vca8gkmv5z7603ys/match/view/3ni80vxpcl1lapdtec5f603ys,2,2,0,0,0,1,0,0,3,0,1,1,0,0,2,2,5,1,1,1,0,1.0,1.0,2.0,2.0,0.8,0.8,0.0,2.6,0.0,0.3333333333333333,104,0.06666666666666667,2.0,3.0,1.0,1.0,1.8,0.8,1.0,2.0,0.6,0.6666666666666666,104,0.4666666666666666,1
1042,3nzwxco0xrcqtwazu9kcxi0wk,2022,2022-10-01 15:00:00,2022,10,sábado,15,SC Internacional,Santos FC Sao Paulo,Beira-Rio,Ramon Abatti,30.858,30858,1 de outubro de 2022 15:00,1,0,home_win,0,https://optaplayerstats.statsperform.com/pt_BR/soccer/brasileir%C3%A3o-s%C3%A9rie-a-2022/css9eoc46vca8gkmv5z7603ys/match/view/3nzwxco0xrcqtwazu9kcxi0wk,1,1,0,0,0,0,0,0,4,0,0,0,0,0,1,1,5,0,0,0,0,2.2,3.0,2.0,0.0,1.8,0.6,1.2,1.2,0.0,0.7333333333333333,104,0.8666666666666667,0.8,1.0,1.0,3.0,0.8,1.0,-0.2,2.2,0.0,0.26666666666666666,104,0.26666666666666666,1
1043,3o38nzkg61xtlnfpdvx68crh0,2022,2022-10-01 15:00:00,2022,10,sábado,15,Ceará SC,América FC (Minas Gerais),Castelão,Edina Alves Batista,13.976,13976,1 de outubro de 2022 15:00,1,2,away_win,2,https://optaplayerstats.statsperform.com/pt_BR/soccer/brasileir%C3%A3o-s%C3%A9rie-a-2022/css9eoc46vca8gkmv5z7603ys/match/view/3o38nzkg61xtlnfpdvx68crh0,1,3,0,0,0,0,0,2,5,0,0,0,0,0,3,-1,8,0,0,0,0,1.0,1.0,2.0,2.0,0.6,1.0,-0.4,3.8,0.6,0.3333333333333333,104,0.26666666666666666,1.6,2.0,2.0,1.0,1.0,0.6,0.4,3.6,0.0,0.5333333333333333,66,0.5333333333333333,1
1044,3nlz3k25el5tz39fqvfhv0zdg,2022,2022-10-01 19:00:00,2022,10,sábado,19,CR Flamengo,Red Bull Bragantino,Estádio Jornalista Mário Filho (Maracanã),Anderson Daronco,46.698,46698,1 de outubro de 2022 19:00,4,1,home_win,0,https://optaplayerstats.statsperform.com/pt_BR/soccer/brasileir%C3%A3o-s%C3%A9rie-a-2022/css9eoc46vca8gkmv5z7603ys/match/view/3nlz3k25el5tz39fqvfhv0zdg,4,1,0,0,0,0,0,1,0,1,0,1,1,0,5,3,1,1,1,1,0,1.0,1.0,2.0,2.0,1.2,1.4,-0.2,2.6,0.6,0.3333333333333333,104,0.6666666666666666,0.8,0.0,4.0,1.0,0.8,1.0,-0.2,1.8,0.0,0.26666666666666666,104,0.13333333333333333,1
1045,3o6mnw6ti966uqgdgxz17egic,2022,2022-10-01 19:00:00,2022,10,sábado,19,Goiás EC,Fortaleza EC,Estádio Hailé Pinheiro (Serrinha),Raphael Claus,9.898,9898,1 de outubro de 2022 19:00,0,1,away_win,2,https://optaplayerstats.statsperform.com/pt_BR/soccer/brasileir%C3%A3o-s%C3%A9rie-a-2022/css9eoc46vca8gkmv5z7603ys/match/view/3o6mnw6ti966uqgdgxz17egic,0,3,0,0,0,0,0,1,2,0,0,0,0,0,1,-1,5,0,0,0,0,1.6,2.0,2.0,1.0,1.2,1.0,0.2,3.2,0.2,0.5333333333333333,28,0.5333333333333333,1.4,2.0,1.0,2.0,1.4,1.6,-0.2,2.2,0.0,0.4666666666666667,104,0.6666666666666666,1
1046,3oa0h5u4xx0omke80n6vdc3kk,2022,2022-10-01 19:00:00,2022,10,sábado,19,Avai FC,Atlético Goianiense,Ressacada,Flavio Rodrigues De Souza,8.062,8062,1 de outubro de 2022 19:00,1,2,away_win,2,https://optaplayerstats.statsperform.com/pt_BR/soccer/brasileir%C3%A3o-s%C3%A9rie-a-2022/css9eoc46vca8gkmv5z7603ys/match/view/3oa0h5u4xx0omke80n6vdc3kk,1,2,0,0,0,0,0,2,4,0,0,0,0,0,3,-1,6,0,0,0,0,1.0,1.0,2.0,2.0,0.6,1.4,-0.8,4.2,0.0,0.3333333333333333,28,0.3333333333333333,0.0,0.0,0.0,5.0,0.6,2.0,-1.4,2.4,0.6,0.0,104,0.06666666666666667,1
1047,3odazs98wdk38rn1wimqmzor8,2022,2022-10-01 19:00:00,2022,10,sábado,19,Club Athletico Paranaense,EC Juventude,Arena da Baixada,Maguielson Lima Barbosa,13.625,13625,1 de outubro de 2022 19:00,2,0,home_win,0,https://optaplayerstats.statsperform.com/pt_BR/soccer/brasileir%C3%A3o-s%C3%A9rie-a-2022/css9eoc46vca8gkmv5z7603ys/match/view/3odazs98wdk38rn1wimqmzor8,2,3,0,0,0,0,0,0,5,0,0,0,0,0,2,2,8,0,0,0,0,1.2,1.0,3.0,1.0,0.8,1.0,-0.2,2.6,0.2,0.4,104,0.7333333333333334,0.4,0.0,2.0,3.0,0.6,2.4,-1.8,3.0,0.0,0.13333333333333333,66,0.0,1
1048,3nsywci5cd4fhmuzzgfc9vl78,2022,2022-10-01 21:00:00,2022,10,sábado,21,SC Corinthians Paulista,Cuiabá EC,Neo Química Arena,Caio Max Augusto Vieira,37.445,37445,1 de outubro de 2022 21:00,2,0,home_win,0,https://optaplayerstats.statsperform.com/pt_BR/soccer/brasileir%C3%A3o-s%C3%A9rie-a-2022/css9eoc46vca8gkmv5z7603ys/match/view/3nsywci5cd4fhmuzzgfc9vl78,2,1,0,0,0,0,0,0,0,0,0,0,0,0,2,2,1,0,0,0,0,1.6,2.0,2.0,1.0,1.2,1.0,0.2,1.6,0.0,0.5333333333333333,104,0.6666666666666666,1.2,1.0,3.0,1.0,1.0,1.0,0.0,2.2,0.2,0.4,66,0.13333333333333333,1
1049,3nwdlvy4nqffgogd3hqf6x15g,2022,2022-10-03 20:00:00,2022,10,segunda-feira,20,Botafogo FR,SE Palmeiras,Estádio Nilton Santos,Wilton Pereira Sampaio,16.545,16545,3 de outubro de 2022 20:00,1,3,away_win,2,https://optaplayerstats.statsperform.com/pt_BR/soccer/brasileir%C3%A3o-s%C3%A9rie-a-2022/css9eoc46vca8gkmv5z7603ys/match/view/3nwdlvy4nqffgogd3hqf6x15g,1,4,0,0,0,0,0,3,3,0,1,1,1,0,4,-2,7,1,1,1,0,2.0,3.0,1.0,1.0,1.2,0.4,0.8,2.4,0.0,0.6666666666666666,28,0.39999999999999997,2.2,3.0,2.0,0.0,1.4,0.8,0.6,2.8,0.4,0.7333333333333333,104,0.7333333333333334,1
1050,3oz7han841iflyq1g4trrhtec,2022,2022-10-04 21:30:00,2022,10,terça-feira,21,EC Juventude,SC Corinthians Paulista,Alfredo Jaconi,Wagner do Nascimento Magalhaes,3.159,3159,4 de outubro de 2022 21:30,2,2,draw,1,https://optaplayerstats.statsperform.com/pt_BR/soccer/brasileir%C3%A3o-s%C3%A9rie-a-2022/css9eoc46vca8gkmv5z7603ys/match/view/3oz7han841iflyq1g4trrhtec,2,1,0,0,0,0,0,2,2,0,0,0,0,0,4,0,3,0,0,0,0,0.4,0.0,2.0,3.0,0.6,2.0,-1.4,3.4,0.0,0.13333333333333333,67,0.39999999999999997,1.6,2.0,2.0,1.0,1.4,1.0,0.4,1.6,0.0,0.5333333333333333,105,0.3333333333333333,1
1051,3op2fi3uxbilem1szawliokyc,2022,2022-10-05 19:00:00,2022,10,quarta-feira,19,Red Bull Bragantino,Cuiabá EC,Nabizão,Jefferson Ferreira de Moraes,2.704,2704,5 de outubro de 2022 19:00,2,1,home_win,0,https://optaplayerstats.statsperform.com/pt_BR/soccer/brasileir%C3%A3o-s%C3%A9rie-a-2022/css9eoc46vca8gkmv5z7603ys/match/view/3op2fi3uxbilem1szawliokyc,2,2,0,0,0,0,0,1,4,0,0,0,1,0,3,1,6,0,0,1,0,0.8,0.0,4.0,1.0,1.0,1.6,-0.6,1.6,0.2,0.26666666666666666,105,0.6,1.0,1.0,2.0,2.0,1.0,1.4,-0.4,2.2,0.2,0.3333333333333333,67,0.13333333333333333,1
1052,3p2p8o1bpbfidlnu757m9ocgk,2022,2022-10-05 19:00:00,2022,10,quarta-feira,19,Ceará SC,Goiás EC,Castelão,Vinicius Gonçalves Dias Araujo,16.702,16702,5 de outubro de 2022 19:00,1,1,draw,1,https://optaplayerstats.statsperform.com/pt_BR/soccer/brasileir%C3%A3o-s%C3%A9rie-a-2022/css9eoc46vca8gkmv5z7603ys/match/view/3p2p8o1bpbfidlnu757m9ocgk,1,4,0,1,1,0,0,1,4,0,0,0,0,0,2,0,8,1,1,0,0,0.8,1.0,1.0,3.0,0.8,1.4,-0.6,4.4,0.6,0.26666666666666666,105,0.26666666666666666,1.0,1.0,2.0,2.0,0.8,1.0,-0.2,3.4,0.0,0.3333333333333333,29,0.5333333333333333,1
1053,3p65nrbksp4kgvqil3uxndel0,2022,2022-10-05 19:00:00,2022,10,quarta-feira,19,Atlético Goianiense,Fluminense FC,Estádio Antônio Accioly,Anderson Daronco,6.075,6075,5 de outubro de 2022 19:00,3,2,home_win,0,https://optaplayerstats.statsperform.com/pt_BR/soccer/brasileir%C3%A3o-s%C3%A9rie-a-2022/css9eoc46vca8gkmv5z7603ys/match/view/3p65nrbksp4kgvqil3uxndel0,3,4,0,0,0,1,0,2,0,0,0,0,1,0,5,1,4,0,0,1,0,0.6,1.0,0.0,4.0,0.8,1.8,-1.0,2.8,0.4,0.2,105,0.26666666666666666,1.8,3.0,0.0,2.0,1.6,1.0,0.6,2.0,0.8,0.6,105,0.26666666666666666,1
1054,3pcvql5p7r0e1ntk812owdwk4,2022,2022-10-05 19:30:00,2022,10,quarta-feira,19,Club Athletico Paranaense,Fortaleza EC,Arena da Baixada,Rafael Rodrigo Klein,15.646,15646,5 de outubro de 2022 19:30,1,1,draw,1,https://optaplayerstats.statsperform.com/pt_BR/soccer/brasileir%C3%A3o-s%C3%A9rie-a-2022/css9eoc46vca8gkmv5z7603ys/match/view/3pcvql5p7r0e1ntk812owdwk4,1,2,0,0,0,0,0,1,2,0,0,0,0,0,2,0,4,0,0,0,0,1.6,2.0,2.0,1.0,1.2,1.0,0.2,3.0,0.2,0.5333333333333333,105,0.7333333333333334,1.4,2.0,1.0,2.0,1.4,1.6,-0.2,2.2,0.0,0.4666666666666667,105,0.6666666666666666,1
1055,3olttevl75q8e7p5b5erpylg4,2022,2022-10-05 21:30:00,2022,10,quarta-feira,21,CR Flamengo,SC Internacional,Estádio Jornalista Mário Filho (Maracanã),Flavio Rodrigues De Souza,43.710,43710,5 de outubro de 2022 21:30,0,0,draw,1,https://optaplayerstats.statsperform.com/pt_BR/soccer/brasileir%C3%A3o-s%C3%A9rie-a-2022/css9eoc46vca8gkmv5z7603ys/match/view/3olttevl75q8e7p5b5erpylg4,0,3,0,0,0,0,0,0,2,0,0,0,0,0,0,0,5,0,0,0,0,1.0,1.0,2.0,2.0,1.8,1.6,0.2,2.4,0.6,0.3333333333333333,105,0.6666666666666666,2.2,3.0,2.0,0.0,1.2,0.6,0.6,1.4,0.0,0.7333333333333333,105,0.4666666666666666,1
1056,3ovw0gno1kbqlt5vzu14ew36c,2022,2022-10-05 21:30:00,2022,10,quarta-feira,21,Santos FC Sao Paulo,Clube Atlético Mineiro,Vila Belmiro,Bruno Arleu de Araújo,9.278,9278,5 de outubro de 2022 21:30,1,2,away_win,2,https://optaplayerstats.statsperform.com/pt_BR/soccer/brasileir%C3%A3o-s%C3%A9rie-a-2022/css9eoc46vca8gkmv5z7603ys/match/view/3ovw0gno1kbqlt5vzu14ew36c,1,2,1,0,1,1,0,2,4,0,0,0,1,0,3,-1,6,1,1,1,0,0.6,1.0,0.0,4.0,0.8,1.2,-0.4,3.0,0.0,0.2,105,0.6666666666666666,1.4,2.0,1.0,2.0,1.0,0.6,0.4,2.2,0.0,0.4666666666666667,105,0.4666666666666666,1
1057,3osd7owkz5c13d98h3azkeluc,2022,2022-10-06 19:00:00,2022,10,quinta-feira,19,SE Palmeiras,Coritiba FBC,Allianz Parque,Braulio da Silva Machado,39.877,39877,6 de outubro de 2022 19:00,4,0,home_win,0,https://optaplayerstats.statsperform.com/pt_BR/soccer/brasileir%C3%A3o-s%C3%A9rie-a-2022/css9eoc46vca8gkmv5z7603ys/match/view/3osd7owkz5c13d98h3azkeluc,4,1,0,0,0,0,0,0,2,0,0,0,0,0,4,4,3,0,0,0,0,2.6,4.0,1.0,0.0,1.8,0.8,1.0,2.8,0.6,0.8666666666666667,105,0.8666666666666667,1.8,3.0,0.0,2.0,0.8,0.8,0.0,3.8,0.0,0.6,28,0.0,1
1058,3oijqh16w0scspy8b21fgomxg,2022,2022-10-06 20:00:00,2022,10,quinta-feira,20,América FC (Minas Gerais),São Paulo FC,Estádio Raimundo Sampaio,Ramon Abatti,3.916,3916,6 de outubro de 2022 20:00,1,2,away_win,2,https://optaplayerstats.statsperform.com/pt_BR/soccer/brasileir%C3%A3o-s%C3%A9rie-a-2022/css9eoc46vca8gkmv5z7603ys/match/view/3oijqh16w0scspy8b21fgomxg,1,2,0,0,0,0,0,2,4,0,0,0,0,0,3,-1,6,0,0,0,0,2.0,3.0,1.0,1.0,1.2,0.6,0.6,3.8,0.0,0.6666666666666666,67,0.8666666666666667,1.6,2.0,2.0,1.0,1.6,0.6,1.0,2.2,0.2,0.5333333333333333,104,0.3333333333333333,1
1059,3p9lx675b94kwc93p07hgsmqc,2022,2022-10-06 20:00:00,2022,10,quinta-feira,20,Avai FC,Botafogo FR,Ressacada,Paulo Cesar Zanovelli da Silva,6.097,6097,6 de outubro de 2022 20:00,1,2,away_win,2,https://optaplayerstats.statsperform.com/pt_BR/soccer/brasileir%C3%A3o-s%C3%A9rie-a-2022/css9eoc46vca8gkmv5z7603ys/match/view/3p9lx675b94kwc93p07hgsmqc,1,2,0,0,0,1,0,2,4,0,0,0,0,0,3,-1,6,0,0,1,0,1.0,1.0,2.0,2.0,0.8,1.6,-0.8,4.0,0.0,0.3333333333333333,29,0.3333333333333333,2.0,3.0,1.0,1.0,1.4,0.8,0.6,2.6,0.0,0.6666666666666666,29,0.4666666666666666,1
1060,3qcvnvs5w463zrm7slmzexlp0,2022,2022-10-08 19:00:00,2022,10,sábado,19,Cuiabá EC,CR Flamengo,Arena Pantanal,Raphael Claus,40.059,40059,8 de outubro de 2022 19:00,1,2,away_win,2,https://optaplayerstats.statsperform.com/pt_BR/soccer/brasileir%C3%A3o-s%C3%A9rie-a-2022/css9eoc46vca8gkmv5z7603ys/match/view/3qcvnvs5w463zrm7slmzexlp0,1,2,0,0,0,0,0,2,2,0,0,0,1,0,3,-1,4,0,0,1,0,0.8,1.0,1.0,3.0,1.0,1.6,-0.6,2.2,0.2,0.26666666666666666,68,0.5333333333333333,1.0,1.0,2.0,2.0,1.6,1.4,0.2,2.2,0.4,0.3333333333333333,106,0.5333333333333333,1
1061,3ptkowh3d0prhcxqrd1ynldec,2022,2022-10-08 21:00:00,2022,10,sábado,21,SC Corinthians Paulista,Club Athletico Paranaense,Neo Química Arena,Anderson Daronco,38.403,38403,8 de outubro de 2022 21:00,2,1,home_win,0,https://optaplayerstats.statsperform.com/pt_BR/soccer/brasileir%C3%A3o-s%C3%A9rie-a-2022/css9eoc46vca8gkmv5z7603ys/match/view/3ptkowh3d0prhcxqrd1ynldec,2,1,0,0,0,1,0,1,0,0,0,0,0,0,3,1,1,0,0,1,0,1.6,2.0,2.0,1.0,1.4,1.0,0.4,1.6,0.0,0.5333333333333333,106,0.6666666666666666,1.2,1.0,3.0,1.0,1.2,1.2,0.0,3.0,0.2,0.4,106,0.3333333333333333,1
1062,3q0teky7cuxe4k4qk8uuan0us,2022,2022-10-09 11:00:00,2022,10,domingo,11,SC Internacional,Goiás EC,Beira-Rio,Edina Alves Batista,31.554,31554,9 de outubro de 2022 11:00,4,2,home_win,0,https://optaplayerstats.statsperform.com/pt_BR/soccer/brasileir%C3%A3o-s%C3%A9rie-a-2022/css9eoc46vca8gkmv5z7603ys/match/view/3q0teky7cuxe4k4qk8uuan0us,4,2,0,0,0,0,0,2,7,0,0,0,1,0,6,2,9,0,0,1,0,2.2,3.0,2.0,0.0,0.8,0.2,0.6,1.4,0.0,0.7333333333333333,106,0.8666666666666667,0.6,0.0,3.0,2.0,0.6,1.0,-0.4,3.8,0.0,0.2,30,0.5333333333333333,1
1063,3pp8ewxqomigwhj5iuneb9rf8,2022,2022-10-09 16:00:00,2022,10,domingo,16,São Paulo FC,Botafogo FR,Morumbi,Jean Pierre Goncalves Lima,23.918,23918,9 de outubro de 2022 16:00,0,1,away_win,2,https://optaplayerstats.statsperform.com/pt_BR/soccer/brasileir%C3%A3o-s%C3%A9rie-a-2022/css9eoc46vca8gkmv5z7603ys/match/view/3pp8ewxqomigwhj5iuneb9rf8,0,3,1,0,1,0,0,1,2,0,0,0,1,0,1,-1,5,1,1,1,0,2.2,3.0,2.0,0.0,2.0,0.6,1.4,2.6,0.2,0.7333333333333333,105,0.4666666666666666,2.0,3.0,1.0,1.0,1.2,0.8,0.4,3.0,0.0,0.6666666666666666,30,0.6666666666666666,1
1064,3q47c238qyx58xnc6w8urbcb8,2022,2022-10-09 16:00:00,2022,10,domingo,16,Fortaleza EC,Avai FC,Castelão,Luiz Flávio de Oliveira,40.968,40968,9 de outubro de 2022 16:00,2,0,home_win,0,https://optaplayerstats.statsperform.com/pt_BR/soccer/brasileir%C3%A3o-s%C3%A9rie-a-2022/css9eoc46vca8gkmv5z7603ys/match/view/3q47c238qyx58xnc6w8urbcb8,2,1,0,0,0,0,0,0,1,0,0,0,0,0,2,2,2,0,0,0,0,1.6,2.0,2.0,1.0,1.4,1.2,0.2,2.4,0.0,0.5333333333333333,106,0.6666666666666666,0.8,1.0,1.0,3.0,0.8,1.8,-1.0,3.2,0.0,0.26666666666666666,30,0.13333333333333333,1
1065,3pget5lyx0srt2rbo9anf2fis,2022,2022-10-09 18:00:00,2022,10,domingo,18,Clube Atlético Mineiro,Ceará SC,Mineirão,Flavio Rodrigues De Souza,34.718,34718,9 de outubro de 2022 18:00,0,0,draw,1,https://optaplayerstats.statsperform.com/pt_BR/soccer/brasileir%C3%A3o-s%C3%A9rie-a-2022/css9eoc46vca8gkmv5z7603ys/match/view/3pget5lyx0srt2rbo9anf2fis,0,3,0,0,0,0,0,0,5,0,0,0,0,0,0,0,8,0,0,0,0,1.4,2.0,1.0,2.0,1.0,0.8,0.2,2.6,0.0,0.4666666666666667,106,0.26666666666666666,0.8,1.0,1.0,3.0,0.8,1.4,-0.6,4.0,0.6,0.26666666666666666,106,0.19999999999999998,1
1066,3pkl35r64i933kyuafxi0zpxw,2022,2022-10-09 18:00:00,2022,10,domingo,18,Fluminense FC,América FC (Minas Gerais),Estádio Jornalista Mário Filho (Maracanã),Leandro Pedro Vuaden,23.324,23324,9 de outubro de 2022 18:00,0,2,away_win,2,https://optaplayerstats.statsperform.com/pt_BR/soccer/brasileir%C3%A3o-s%C3%A9rie-a-2022/css9eoc46vca8gkmv5z7603ys/match/view/3pkl35r64i933kyuafxi0zpxw,0,1,0,0,0,0,0,2,3,0,0,0,0,0,2,-2,4,0,0,0,0,1.8,3.0,0.0,2.0,2.0,1.4,0.6,2.0,0.8,0.6,106,0.8666666666666667,1.4,2.0,1.0,2.0,1.0,1.0,0.0,3.8,0.0,0.4666666666666667,68,0.5333333333333333,1
1067,3qgedgbcjhj243sfsd8xfycd0,2022,2022-10-09 18:00:00,2022,10,domingo,18,Coritiba FBC,Red Bull Bragantino,Couto Pereira,Ramon Abatti,16.977,16977,9 de outubro de 2022 18:00,2,1,home_win,0,https://optaplayerstats.statsperform.com/pt_BR/soccer/brasileir%C3%A3o-s%C3%A9rie-a-2022/css9eoc46vca8gkmv5z7603ys/match/view/3qgedgbcjhj243sfsd8xfycd0,2,1,1,0,1,0,0,1,3,0,0,0,0,0,3,1,4,1,1,0,0,1.2,2.0,0.0,3.0,0.6,1.6,-1.0,3.4,0.0,0.4,29,0.6,1.2,1.0,3.0,1.0,1.0,1.4,-0.4,1.2,0.2,0.4,106,0.13333333333333333,1
1068,3q9jbjitvxbcj63gop53c9gyc,2022,2022-10-10 18:30:00,2022,10,segunda-feira,18,Atlético Goianiense,SE Palmeiras,Estádio Antônio Accioly,Bruno Arleu de Araújo,12.089,12089,10 de outubro de 2022 18:30,1,1,draw,1,https://optaplayerstats.statsperform.com/pt_BR/soccer/brasileir%C3%A3o-s%C3%A9rie-a-2022/css9eoc46vca8gkmv5z7603ys/match/view/3q9jbjitvxbcj63gop53c9gyc,1,4,0,0,0,0,0,1,2,0,0,0,0,0,2,0,6,0,0,0,0,1.2,2.0,0.0,3.0,1.4,1.8,-0.4,3.4,0.4,0.4,106,0.4666666666666666,3.0,5.0,0.0,0.0,2.2,0.4,1.8,2.2,0.6,1.0,106,0.7333333333333334,1
1069,3pxcnfo6yeolnr6whlxqtyiac,2022,2022-10-10 20:00:00,2022,10,segunda-feira,20,Santos FC Sao Paulo,EC Juventude,Vila Belmiro,José Mendonça da Silva Jr.,9.171,9171,10 de outubro de 2022 20:00,4,1,home_win,0,https://optaplayerstats.statsperform.com/pt_BR/soccer/brasileir%C3%A3o-s%C3%A9rie-a-2022/css9eoc46vca8gkmv5z7603ys/match/view/3pxcnfo6yeolnr6whlxqtyiac,4,2,0,0,0,0,0,1,0,0,0,0,0,0,5,3,2,0,0,0,0,0.6,1.0,0.0,4.0,0.8,1.2,-0.4,3.2,0.2,0.2,106,0.4666666666666666,0.4,0.0,2.0,3.0,0.8,2.2,-1.4,2.4,0.0,0.13333333333333333,68,0.0,1
1070,3qjrpyjygw10p9wnyak5rkufo,2022,2022-10-15 20:30:00,2022,10,sábado,20,América FC (Minas Gerais),Fortaleza EC,Estádio Raimundo Sampaio,Vinicius Gonçalves Dias Araujo,2.863,2863,15 de outubro de 2022 20:30,1,2,away_win,2,https://optaplayerstats.statsperform.com/pt_BR/soccer/brasileir%C3%A3o-s%C3%A9rie-a-2022/css9eoc46vca8gkmv5z7603ys/match/view/3qjrpyjygw10p9wnyak5rkufo,1,1,0,0,0,1,0,2,3,0,1,1,0,0,3,-1,4,1,1,1,0,1.8,3.0,0.0,2.0,1.4,1.0,0.4,3.4,0.0,0.6,69,0.6666666666666666,2.2,3.0,2.0,0.0,1.6,0.8,0.8,2.2,0.0,0.7333333333333333,107,0.5333333333333333,1
1071,3qn4x86aslgdwyg0tydv6yvis,2022,2022-10-15 20:30:00,2022,10,sábado,20,CR Flamengo,Clube Atlético Mineiro,Estádio Jornalista Mário Filho (Maracanã),Ramon Abatti,51.179,51179,15 de outubro de 2022 20:30,1,0,home_win,0,https://optaplayerstats.statsperform.com/pt_BR/soccer/brasileir%C3%A3o-s%C3%A9rie-a-2022/css9eoc46vca8gkmv5z7603ys/match/view/3qn4x86aslgdwyg0tydv6yvis,1,4,0,0,0,0,0,0,0,0,0,0,0,0,1,1,4,0,0,0,0,1.4,2.0,1.0,2.0,1.8,1.4,0.4,2.4,0.4,0.4666666666666667,107,0.5333333333333333,1.4,2.0,1.0,2.0,0.8,0.6,0.2,3.0,0.0,0.4666666666666667,107,0.6666666666666666,1
1072,3qu1q7n6l71bl1gov6jljc74k,2022,2022-10-16 16:00:00,2022,10,domingo,16,SE Palmeiras,São Paulo FC,Allianz Parque,Flavio Rodrigues De Souza,40.795,40795,16 de outubro de 2022 16:00,0,0,draw,1,https://optaplayerstats.statsperform.com/pt_BR/soccer/brasileir%C3%A3o-s%C3%A9rie-a-2022/css9eoc46vca8gkmv5z7603ys/match/view/3qu1q7n6l71bl1gov6jljc74k,0,4,0,0,0,0,0,0,5,2,0,2,0,0,0,0,9,2,1,0,0,2.6,4.0,1.0,0.0,2.0,0.4,1.6,2.6,0.6,0.8666666666666667,107,0.8666666666666667,2.0,3.0,1.0,1.0,1.8,0.6,1.2,2.8,0.2,0.6666666666666666,106,0.4666666666666666,1
1073,3r4gby0862fs20rb966b6jrx0,2022,2022-10-16 16:00:00,2022,10,domingo,16,Ceará SC,Cuiabá EC,Castelão,Caio Max Augusto Vieira,41.242,41242,16 de outubro de 2022 16:00,1,1,draw,1,https://optaplayerstats.statsperform.com/pt_BR/soccer/brasileir%C3%A3o-s%C3%A9rie-a-2022/css9eoc46vca8gkmv5z7603ys/match/view/3r4gby0862fs20rb966b6jrx0,1,4,0,0,0,0,0,1,5,0,1,1,0,0,2,0,9,1,1,0,0,0.4,0.0,2.0,3.0,0.4,1.2,-0.8,4.2,0.6,0.13333333333333333,107,0.3333333333333333,0.8,1.0,1.0,3.0,1.2,1.8,-0.6,2.0,0.2,0.26666666666666666,69,0.13333333333333333,1
1074,3qxep8oisu9fmf20fzz6qvswk,2022,2022-10-16 18:00:00,2022,10,domingo,18,Botafogo FR,SC Internacional,Estádio Nilton Santos,Braulio da Silva Machado,24.445,24445,16 de outubro de 2022 18:00,0,1,away_win,2,https://optaplayerstats.statsperform.com/pt_BR/soccer/brasileir%C3%A3o-s%C3%A9rie-a-2022/css9eoc46vca8gkmv5z7603ys/match/view/3qxep8oisu9fmf20fzz6qvswk,0,3,0,0,0,0,0,1,6,0,0,0,0,0,1,-1,9,0,0,0,0,2.4,4.0,0.0,1.0,1.4,0.8,0.6,3.2,0.0,0.8,31,0.3333333333333333,2.2,3.0,2.0,0.0,1.4,0.6,0.8,1.6,0.0,0.7333333333333333,107,0.5333333333333333,1
1075,3r0w1dabpx7fnoh4b13qwq2ac,2022,2022-10-16 18:00:00,2022,10,domingo,18,EC Juventude,Atlético Goianiense,Alfredo Jaconi,Felipe Fernandes de Lima,1.489,1489,16 de outubro de 2022 18:00,1,1,draw,1,https://optaplayerstats.statsperform.com/pt_BR/soccer/brasileir%C3%A3o-s%C3%A9rie-a-2022/css9eoc46vca8gkmv5z7603ys/match/view/3r0w1dabpx7fnoh4b13qwq2ac,1,2,0,0,0,0,0,1,1,0,0,0,0,0,2,0,3,0,0,0,0,0.4,0.0,2.0,3.0,0.8,2.6,-1.8,1.8,0.0,0.13333333333333333,69,0.26666666666666666,1.4,2.0,1.0,2.0,1.6,1.6,0.0,3.6,0.0,0.4666666666666667,107,0.26666666666666666,1
1076,3rbast4gifbhdm12s9cxihams,2022,2022-10-16 19:00:00,2022,10,domingo,19,Avai FC,Fluminense FC,Ressacada,Anderson Daronco,79,79,16 de outubro de 2022 19:00,0,3,away_win,2,https://optaplayerstats.statsperform.com/pt_BR/soccer/brasileir%C3%A3o-s%C3%A9rie-a-2022/css9eoc46vca8gkmv5z7603ys/match/view/3rbast4gifbhdm12s9cxihams,0,2,0,0,0,0,0,3,0,0,0,0,0,0,3,-3,2,0,0,0,0,0.6,1.0,0.0,4.0,0.6,2.0,-1.4,2.8,0.0,0.2,31,0.26666666666666666,1.2,2.0,0.0,3.0,1.6,1.6,0.0,2.0,0.8,0.4,107,0.19999999999999998,1
1077,3reywd8i1plzqsjbw5esteplg,2022,2022-10-16 19:00:00,2022,10,domingo,19,Club Athletico Paranaense,Coritiba FBC,Arena da Baixada,Jean Pierre Goncalves Lima,28.954,28954,16 de outubro de 2022 19:00,1,0,home_win,0,https://optaplayerstats.statsperform.com/pt_BR/soccer/brasileir%C3%A3o-s%C3%A9rie-a-2022/css9eoc46vca8gkmv5z7603ys/match/view/3reywd8i1plzqsjbw5esteplg,1,3,0,0,0,0,0,0,2,0,0,0,0,0,1,1,5,0,0,0,0,1.0,1.0,2.0,2.0,1.2,1.4,-0.2,2.2,0.0,0.3333333333333333,107,0.6,1.8,3.0,0.0,2.0,1.0,1.4,-0.4,3.0,0.2,0.6,30,0.0,1
1078,3qqonvrd05xecwyb06w0regic,2022,2022-10-17 20:00:00,2022,10,segunda-feira,20,Red Bull Bragantino,Santos FC Sao Paulo,Nabizão,Paulo Cesar Zanovelli da Silva,6.705,6705,17 de outubro de 2022 20:00,0,2,away_win,2,https://optaplayerstats.statsperform.com/pt_BR/soccer/brasileir%C3%A3o-s%C3%A9rie-a-2022/css9eoc46vca8gkmv5z7603ys/match/view/3qqonvrd05xecwyb06w0regic,0,3,1,0,1,0,0,2,4,0,0,0,0,0,2,-2,7,1,1,0,0,1.0,1.0,2.0,2.0,1.0,1.6,-0.6,1.4,0.2,0.3333333333333333,107,0.6,1.2,2.0,0.0,3.0,1.4,1.0,0.4,3.0,0.2,0.4,107,0.06666666666666667,1
1079,3npjxkf0whpdwh0q6fqhxrqxg,2022,2022-10-20 20:00:00,2022,10,quinta-feira,20,São Paulo FC,Coritiba FBC,Morumbi,Braulio da Silva Machado,14.993,14993,20 de outubro de 2022 20:00,3,1,home_win,0,https://optaplayerstats.statsperform.com/pt_BR/soccer/brasileir%C3%A3o-s%C3%A9rie-a-2022/css9eoc46vca8gkmv5z7603ys/match/view/3npjxkf0whpdwh0q6fqhxrqxg,3,2,0,0,0,0,0,1,7,0,0,0,0,0,4,2,9,0,0,0,0,2.0,3.0,1.0,1.0,1.6,0.4,1.2,3.2,0.6,0.6666666666666666,107,0.4666666666666666,1.2,2.0,0.0,3.0,0.6,1.6,-1.0,2.2,0.2,0.4,31,0.0,1
1080,3royi6i3dk23uxcos91fxz95g,2022,2022-10-22 16:30:00,2022,10,sábado,16,Red Bull Bragantino,Club Athletico Paranaense,Nabizão,Caio Max Augusto Vieira,3.011,3011,22 de outubro de 2022 16:30,4,2,home_win,0,https://optaplayerstats.statsperform.com/pt_BR/soccer/brasileir%C3%A3o-s%C3%A9rie-a-2022/css9eoc46vca8gkmv5z7603ys/match/view/3royi6i3dk23uxcos91fxz95g,4,0,0,0,0,0,0,2,3,0,0,0,0,0,6,2,3,0,0,0,0,0.8,1.0,1.0,3.0,0.8,1.8,-1.0,2.0,0.4,0.26666666666666666,108,0.39999999999999997,1.4,2.0,1.0,2.0,1.0,1.0,0.0,2.2,0.0,0.4666666666666667,108,0.13333333333333333,1
1081,3rie2i444fdoeytquksxr8ahg,2022,2022-10-22 19:00:00,2022,10,sábado,19,América FC (Minas Gerais),CR Flamengo,Estádio Raimundo Sampaio,Jean Pierre Goncalves Lima,9.626,9626,22 de outubro de 2022 19:00,1,2,away_win,2,https://optaplayerstats.statsperform.com/pt_BR/soccer/brasileir%C3%A3o-s%C3%A9rie-a-2022/css9eoc46vca8gkmv5z7603ys/match/view/3rie2i444fdoeytquksxr8ahg,1,1,0,0,0,0,0,2,1,0,0,0,0,0,3,-1,2,0,0,0,0,1.2,2.0,0.0,3.0,1.4,1.4,0.0,3.4,0.0,0.4,70,0.4666666666666666,2.0,3.0,1.0,1.0,1.8,1.0,0.8,3.0,0.0,0.6666666666666666,108,0.5333333333333333,1
1082,3rxgrcsa1974hn0gtted6n8r8,2022,2022-10-22 19:00:00,2022,10,sábado,19,Santos FC Sao Paulo,SC Corinthians Paulista,Vila Belmiro,Flavio Rodrigues De Souza,12.872,12872,22 de outubro de 2022 19:00,0,1,away_win,2,https://optaplayerstats.statsperform.com/pt_BR/soccer/brasileir%C3%A3o-s%C3%A9rie-a-2022/css9eoc46vca8gkmv5z7603ys/match/view/3rxgrcsa1974hn0gtted6n8r8,0,2,0,1,1,0,0,1,4,0,1,1,0,0,1,-1,6,2,1,0,0,1.8,3.0,0.0,2.0,1.8,0.8,1.0,3.0,0.2,0.6,108,0.6,2.0,3.0,1.0,1.0,1.6,1.0,0.6,1.4,0.0,0.6666666666666666,107,0.19999999999999998,1
1083,3rsb6i70da83hj97mt10qz9qs,2022,2022-10-22 21:00:00,2022,10,sábado,21,SE Palmeiras,Avai FC,Allianz Parque,Bruno Arleu de Araújo,40.044,40044,22 de outubro de 2022 21:00,3,0,home_win,0,https://optaplayerstats.statsperform.com/pt_BR/soccer/brasileir%C3%A3o-s%C3%A9rie-a-2022/css9eoc46vca8gkmv5z7603ys/match/view/3rsb6i70da83hj97mt10qz9qs,3,2,0,0,0,1,0,0,2,0,0,0,0,0,3,3,4,0,0,1,0,2.2,3.0,2.0,0.0,1.8,0.4,1.4,2.6,0.2,0.7333333333333333,108,0.7333333333333334,0.0,0.0,0.0,5.0,0.4,2.6,-2.2,2.2,0.0,0.0,32,0.13333333333333333,1
1084,3rlnge1o2lcdzuxypjahfv09g,2022,2022-10-23 16:00:00,2022,10,domingo,16,Fluminense FC,Botafogo FR,Estádio Jornalista Mário Filho (Maracanã),Ramon Abatti,36.033,36033,23 de outubro de 2022 16:00,2,2,draw,1,https://optaplayerstats.statsperform.com/pt_BR/soccer/brasileir%C3%A3o-s%C3%A9rie-a-2022/css9eoc46vca8gkmv5z7603ys/match/view/3rlnge1o2lcdzuxypjahfv09g,2,3,0,0,0,1,0,2,2,0,0,0,0,0,4,0,5,0,0,1,0,1.2,2.0,0.0,3.0,1.8,1.4,0.4,1.0,0.2,0.4,108,0.6666666666666666,1.8,3.0,0.0,2.0,1.0,1.0,0.0,3.4,0.0,0.6,32,0.8666666666666667,1
1085,3s0qprehf2tra5gxu10rs6hhw,2022,2022-10-23 16:00:00,2022,10,domingo,16,EC Juventude,São Paulo FC,Alfredo Jaconi,Paulo Roberto Alves Júnior,3.204,3204,23 de outubro de 2022 16:00,1,2,away_win,2,https://optaplayerstats.statsperform.com/pt_BR/soccer/brasileir%C3%A3o-s%C3%A9rie-a-2022/css9eoc46vca8gkmv5z7603ys/match/view/3s0qprehf2tra5gxu10rs6hhw,1,3,0,0,0,0,0,2,2,0,0,0,0,0,3,-1,5,0,0,0,0,0.4,0.0,2.0,3.0,0.8,2.6,-1.8,1.8,0.0,0.13333333333333333,70,0.3333333333333333,2.0,3.0,1.0,1.0,1.8,0.6,1.2,3.2,0.6,0.6666666666666666,108,0.5333333333333333,1
1086,3s7h4411qozio3sqkgnlz9nh0,2022,2022-10-23 18:00:00,2022,10,domingo,18,Atlético Goianiense,Ceará SC,Estádio Antônio Accioly,Luiz Flávio de Oliveira,10.166,10166,23 de outubro de 2022 18:00,1,0,home_win,0,https://optaplayerstats.statsperform.com/pt_BR/soccer/brasileir%C3%A3o-s%C3%A9rie-a-2022/css9eoc46vca8gkmv5z7603ys/match/view/3s7h4411qozio3sqkgnlz9nh0,1,4,0,0,0,0,0,0,3,0,0,0,0,0,1,1,7,0,0,0,0,1.6,2.0,2.0,1.0,1.6,1.4,0.2,3.2,0.0,0.5333333333333333,108,0.3333333333333333,0.6,0.0,3.0,2.0,0.6,1.0,-0.4,4.0,0.2,0.2,108,0.26666666666666666,1
1087,3saw0bq64dan85pm6v6rdqxp0,2022,2022-10-23 18:00:00,2022,10,domingo,18,Cuiabá EC,Goiás EC,Arena Pantanal,Dyorgines José Padovani Andrade,8.871,8871,23 de outubro de 2022 18:00,1,2,away_win,2,https://optaplayerstats.statsperform.com/pt_BR/soccer/brasileir%C3%A3o-s%C3%A9rie-a-2022/css9eoc46vca8gkmv5z7603ys/match/view/3saw0bq64dan85pm6v6rdqxp0,1,3,0,0,0,0,0,2,4,0,0,0,0,0,3,-1,7,0,0,0,0,0.8,1.0,1.0,3.0,1.0,1.6,-0.6,2.6,0.2,0.26666666666666666,70,0.5333333333333333,0.4,0.0,2.0,3.0,0.8,1.6,-0.8,4.6,0.0,0.13333333333333333,31,0.5333333333333333,1
1088,3seetxcmxcpl6994ej0nbvf9w,2022,2022-10-23 18:00:00,2022,10,domingo,18,Coritiba FBC,SC Internacional,Couto Pereira,Wagner do Nascimento Magalhaes,17.262,17262,23 de outubro de 2022 18:00,1,1,draw,1,https://optaplayerstats.statsperform.com/pt_BR/soccer/brasileir%C3%A3o-s%C3%A9rie-a-2022/css9eoc46vca8gkmv5z7603ys/match/view/3seetxcmxcpl6994ej0nbvf9w,1,3,0,0,0,0,0,1,1,0,0,0,0,0,2,0,4,0,0,0,0,1.2,2.0,0.0,3.0,0.8,1.8,-1.0,2.8,0.2,0.4,32,0.7999999999999999,2.2,3.0,2.0,0.0,1.2,0.4,0.8,2.4,0.0,0.7333333333333333,108,0.7333333333333334,1
1089,3s406feke1lwioyppo0ageh3o,2022,2022-10-24 20:00:00,2022,10,segunda-feira,20,Fortaleza EC,Clube Atlético Mineiro,Castelão,Raphael Claus,43.660,43660,24 de outubro de 2022 20:00,0,0,draw,1,https://optaplayerstats.statsperform.com/pt_BR/soccer/brasileir%C3%A3o-s%C3%A9rie-a-2022/css9eoc46vca8gkmv5z7603ys/match/view/3s406feke1lwioyppo0ageh3o,0,4,0,0,0,0,0,0,1,0,0,0,0,0,0,0,5,0,0,0,0,2.6,4.0,1.0,0.0,1.8,0.8,1.0,2.2,0.2,0.8666666666666667,108,0.7999999999999999,1.4,2.0,1.0,2.0,0.8,0.6,0.2,2.4,0.0,0.4666666666666667,108,0.4666666666666666,1
1090,3slewp3xts5tz6mplhiw2lyxg,2022,2022-10-25 21:45:00,2022,10,terça-feira,21,CR Flamengo,Santos FC Sao Paulo,Estádio Jornalista Mário Filho (Maracanã),André Luiz de Freitas Castro,44.679,44679,25 de outubro de 2022 21:45,3,2,home_win,0,https://optaplayerstats.statsperform.com/pt_BR/soccer/brasileir%C3%A3o-s%C3%A9rie-a-2022/css9eoc46vca8gkmv5z7603ys/match/view/3slewp3xts5tz6mplhiw2lyxg,3,3,0,0,0,0,0,2,4,0,0,0,0,0,5,1,7,0,0,0,0,2.6,4.0,1.0,0.0,1.8,0.6,1.2,2.2,0.0,0.8666666666666667,109,0.5333333333333333,1.2,2.0,0.0,3.0,1.4,1.0,0.4,2.8,0.4,0.4,109,0.26666666666666666,1
1091,3td7awjllnojqj3fnbvaswems,2022,2022-10-25 21:45:00,2022,10,terça-feira,21,Club Athletico Paranaense,SE Palmeiras,Arena da Baixada,Braulio da Silva Machado,19.621,19621,25 de outubro de 2022 21:45,1,3,away_win,2,https://optaplayerstats.statsperform.com/pt_BR/soccer/brasileir%C3%A3o-s%C3%A9rie-a-2022/css9eoc46vca8gkmv5z7603ys/match/view/3td7awjllnojqj3fnbvaswems,1,4,1,0,1,0,0,3,5,0,0,0,0,0,4,-2,9,1,1,0,0,1.4,2.0,1.0,2.0,1.4,1.4,0.0,2.2,0.0,0.4666666666666667,109,0.7333333333333334,2.2,3.0,2.0,0.0,2.2,0.4,1.8,2.4,0.2,0.7333333333333333,109,0.6,1
1092,3svv8rh6pjjwv1pwnn2v1oges,2022,2022-10-26 19:30:00,2022,10,quarta-feira,19,Botafogo FR,Red Bull Bragantino,Estádio Nilton Santos,Dyorgines José Padovani Andrade,11.093,11093,26 de outubro de 2022 19:30,2,1,home_win,0,https://optaplayerstats.statsperform.com/pt_BR/soccer/brasileir%C3%A3o-s%C3%A9rie-a-2022/css9eoc46vca8gkmv5z7603ys/match/view/3svv8rh6pjjwv1pwnn2v1oges,2,1,0,0,0,0,0,1,4,0,0,0,0,0,3,1,5,0,0,0,0,1.4,2.0,1.0,2.0,1.2,1.4,-0.2,3.0,0.0,0.4666666666666667,33,0.26666666666666666,1.2,2.0,0.0,3.0,1.6,2.2,-0.6,1.6,0.4,0.4,109,0.13333333333333333,1
1093,3ssck35vlb8zv94h4zaf6wbv8,2022,2022-10-26 21:45:00,2022,10,quarta-feira,21,SC Corinthians Paulista,Fluminense FC,Neo Química Arena,Leandro Pedro Vuaden,37.617,37617,26 de outubro de 2022 21:45,0,2,away_win,2,https://optaplayerstats.statsperform.com/pt_BR/soccer/brasileir%C3%A3o-s%C3%A9rie-a-2022/css9eoc46vca8gkmv5z7603ys/match/view/3ssck35vlb8zv94h4zaf6wbv8,0,2,0,0,0,0,0,2,3,0,0,0,0,0,2,-2,5,0,0,0,0,2.6,4.0,1.0,0.0,1.8,0.8,1.0,1.6,0.2,0.8666666666666667,108,0.8666666666666667,0.8,1.0,1.0,3.0,1.4,1.8,-0.4,1.4,0.2,0.26666666666666666,109,0.39999999999999997,1
1094,3sz9xlbetkhuqyhebgl0g66fo,2022,2022-10-26 21:45:00,2022,10,quarta-feira,21,SC Internacional,Ceará SC,Beira-Rio,Ramon Abatti,11.988,11988,26 de outubro de 2022 21:45,2,1,home_win,0,https://optaplayerstats.statsperform.com/pt_BR/soccer/brasileir%C3%A3o-s%C3%A9rie-a-2022/css9eoc46vca8gkmv5z7603ys/match/view/3sz9xlbetkhuqyhebgl0g66fo,2,1,0,0,0,1,0,1,2,0,0,0,1,0,3,1,3,0,0,1,0,2.2,3.0,2.0,0.0,1.4,0.6,0.8,2.4,0.0,0.7333333333333333,109,0.8666666666666667,0.6,0.0,3.0,2.0,0.6,1.0,-0.4,3.8,0.2,0.2,109,0.19999999999999998,1
1095,3t6gbpx9xfwaprsl6dniw0lqs,2022,2022-10-26 21:45:00,2022,10,quarta-feira,21,Goiás EC,América FC (Minas Gerais),Estádio Hailé Pinheiro (Serrinha),Wagner do Nascimento Magalhaes,7.274,7274,26 de outubro de 2022 21:45,2,2,draw,1,https://optaplayerstats.statsperform.com/pt_BR/soccer/brasileir%C3%A3o-s%C3%A9rie-a-2022/css9eoc46vca8gkmv5z7603ys/match/view/3t6gbpx9xfwaprsl6dniw0lqs,2,2,0,0,0,0,0,2,3,0,0,0,1,0,4,0,5,0,0,1,0,0.8,1.0,1.0,3.0,1.0,1.6,-0.6,4.4,0.0,0.26666666666666666,32,0.3333333333333333,1.2,2.0,0.0,3.0,1.4,1.4,0.0,2.4,0.0,0.4,71,0.5333333333333333,1
1096,3sowa8x95jty6ppkcy9b9jo5w,2022,2022-10-27 19:00:00,2022,10,quinta-feira,19,São Paulo FC,Atlético Goianiense,Morumbi,Bruno Arleu de Araújo,17.598,17598,27 de outubro de 2022 19:00,2,1,home_win,0,https://optaplayerstats.statsperform.com/pt_BR/soccer/brasileir%C3%A3o-s%C3%A9rie-a-2022/css9eoc46vca8gkmv5z7603ys/match/view/3sowa8x95jty6ppkcy9b9jo5w,2,2,0,0,0,0,0,1,4,1,0,1,0,0,3,1,6,1,1,0,0,2.0,3.0,1.0,1.0,1.4,0.8,0.6,3.2,0.6,0.6666666666666666,109,0.4666666666666666,2.2,3.0,2.0,0.0,1.6,1.0,0.6,3.4,0.0,0.7333333333333333,109,0.26666666666666666,1
1097,3t2xw7h937v7lyf88ueetlc7o,2022,2022-10-27 19:00:00,2022,10,quinta-feira,19,Fortaleza EC,Coritiba FBC,Castelão,Flavio Rodrigues De Souza,22.341,22341,27 de outubro de 2022 19:00,3,1,home_win,0,https://optaplayerstats.statsperform.com/pt_BR/soccer/brasileir%C3%A3o-s%C3%A9rie-a-2022/css9eoc46vca8gkmv5z7603ys/match/view/3t2xw7h937v7lyf88ueetlc7o,3,1,0,0,0,0,0,1,1,1,0,1,0,0,4,2,2,1,1,0,0,2.2,3.0,2.0,0.0,1.2,0.4,0.8,2.4,0.2,0.7333333333333333,109,0.6666666666666666,0.8,1.0,1.0,3.0,0.8,2.0,-1.2,3.0,0.2,0.26666666666666666,33,0.0,1
1098,3shuhqpk5bao853qv6e9egm50,2022,2022-10-27 19:30:00,2022,10,quinta-feira,19,Clube Atlético Mineiro,EC Juventude,Mineirão,Sávio Pereira Sampaio,18.298,18298,27 de outubro de 2022 19:30,1,0,home_win,0,https://optaplayerstats.statsperform.com/pt_BR/soccer/brasileir%C3%A3o-s%C3%A9rie-a-2022/css9eoc46vca8gkmv5z7603ys/match/view/3shuhqpk5bao853qv6e9egm50,1,2,0,0,0,0,0,0,2,0,0,0,0,0,1,1,4,0,0,0,0,1.6,2.0,2.0,1.0,0.8,0.4,0.4,2.0,0.0,0.5333333333333333,109,0.3333333333333333,0.4,0.0,2.0,3.0,1.0,2.2,-1.2,2.2,0.0,0.13333333333333333,71,0.0,1
1099,3t9rtgce20qqd3gz9mc0owwt0,2022,2022-10-27 20:00:00,2022,10,quinta-feira,20,Cuiabá EC,Avai FC,Arena Pantanal,Luiz Flávio de Oliveira,4.680,4680,27 de outubro de 2022 20:00,1,0,home_win,0,https://optaplayerstats.statsperform.com/pt_BR/soccer/brasileir%C3%A3o-s%C3%A9rie-a-2022/css9eoc46vca8gkmv5z7603ys/match/view/3t9rtgce20qqd3gz9mc0owwt0,1,1,0,0,0,0,0,0,1,0,0,0,0,0,1,1,2,0,0,0,0,0.2,0.0,1.0,4.0,0.8,1.8,-1.0,2.8,0.2,0.06666666666666667,71,0.3333333333333333,0.0,0.0,0.0,5.0,0.4,2.4,-2.0,1.8,0.0,0.0,33,0.06666666666666667,1
1100,3r7yi5gm37q0utxtpjbwrb190,2022,2022-10-29 19:30:00,2022,10,sábado,19,Goiás EC,SC Corinthians Paulista,Estádio Hailé Pinheiro (Serrinha),Bruno Arleu de Araújo,9.497,9497,29 de outubro de 2022 19:30,0,0,draw,1,https://optaplayerstats.statsperform.com/pt_BR/soccer/brasileir%C3%A3o-s%C3%A9rie-a-2022/css9eoc46vca8gkmv5z7603ys/match/view/3r7yi5gm37q0utxtpjbwrb190,0,2,0,0,0,0,0,0,4,0,0,0,0,0,0,0,6,0,0,0,0,1.0,1.0,2.0,2.0,1.4,1.8,-0.4,4.0,0.0,0.3333333333333333,33,0.3333333333333333,2.0,3.0,1.0,1.0,1.4,1.0,0.4,2.0,0.2,0.6666666666666666,109,0.3333333333333333,1
1101,3u42ebgq0ammpzt9m51v2skr8,2022,2022-10-31 20:00:00,2022,10,segunda-feira,20,Ceará SC,Fluminense FC,Castelão,Raphael Claus,No data,,31 de outubro de 2022 20:00,0,1,away_win,2,https://optaplayerstats.statsperform.com/pt_BR/soccer/brasileir%C3%A3o-s%C3%A9rie-a-2022/css9eoc46vca8gkmv5z7603ys/match/view/3u42ebgq0ammpzt9m51v2skr8,0,2,0,1,1,0,0,1,2,0,0,0,0,0,1,-1,4,1,1,0,0,0.6,0.0,3.0,2.0,0.6,1.0,-0.4,3.6,0.2,0.2,110,0.3333333333333333,1.4,2.0,1.0,2.0,1.8,1.4,0.4,1.4,0.0,0.4666666666666667,110,0.6,1
1102,3tws06u2786s70mgoo06x8ob8,2022,2022-11-01 19:00:00,2022,11,terça-feira,19,Botafogo FR,Cuiabá EC,Estádio Nilton Santos,Jean Pierre Goncalves Lima,16.365,16365,1 de novembro de 2022 19:00,0,2,away_win,2,https://optaplayerstats.statsperform.com/pt_BR/soccer/brasileir%C3%A3o-s%C3%A9rie-a-2022/css9eoc46vca8gkmv5z7603ys/match/view/3tws06u2786s70mgoo06x8ob8,0,1,0,0,0,0,0,2,1,0,0,0,0,0,2,-2,2,0,0,0,0,2.0,3.0,1.0,1.0,1.4,1.0,0.4,2.4,0.0,0.6666666666666666,34,0.4666666666666666,0.8,1.0,1.0,3.0,1.0,1.4,-0.4,3.0,0.2,0.26666666666666666,72,0.13333333333333333,1
1103,3tpq02v9frz3f4vn8epiq5dlg,2022,2022-11-01 21:30:00,2022,11,terça-feira,21,São Paulo FC,Clube Atlético Mineiro,Morumbi,Braulio da Silva Machado,23.835,23835,1 de novembro de 2022 21:30,2,2,draw,1,https://optaplayerstats.statsperform.com/pt_BR/soccer/brasileir%C3%A3o-s%C3%A9rie-a-2022/css9eoc46vca8gkmv5z7603ys/match/view/3tpq02v9frz3f4vn8epiq5dlg,2,3,0,0,0,0,0,2,6,1,0,1,1,0,4,0,9,1,1,1,0,2.0,3.0,1.0,1.0,1.4,0.8,0.6,2.8,0.6,0.6666666666666666,110,0.6666666666666666,1.6,2.0,2.0,1.0,0.6,0.4,0.2,2.0,0.0,0.5333333333333333,110,0.4666666666666666,1
1104,3tgmd8850bpgq406drg45mx3o,2022,2022-11-02 16:00:00,2022,11,quarta-feira,16,América FC (Minas Gerais),SC Internacional,Estádio Raimundo Sampaio,Bruno Arleu de Araújo,3.474,3474,2 de novembro de 2022 16:00,1,0,home_win,0,https://optaplayerstats.statsperform.com/pt_BR/soccer/brasileir%C3%A3o-s%C3%A9rie-a-2022/css9eoc46vca8gkmv5z7603ys/match/view/3tgmd8850bpgq406drg45mx3o,1,0,0,0,0,0,0,0,0,0,0,0,0,0,1,1,0,0,0,0,0,0.8,1.0,1.0,3.0,1.4,1.6,-0.2,2.0,0.0,0.26666666666666666,72,0.39999999999999997,2.2,3.0,2.0,0.0,1.6,0.8,0.8,2.4,0.0,0.7333333333333333,110,0.6,1
1105,3uevbanz6qlmnaj6qbyojhnv8,2022,2022-11-02 16:00:00,2022,11,quarta-feira,16,Club Athletico Paranaense,Goiás EC,Arena da Baixada,Leandro Pedro Vuaden,12.864,12864,2 de novembro de 2022 16:00,3,2,home_win,0,https://optaplayerstats.statsperform.com/pt_BR/soccer/brasileir%C3%A3o-s%C3%A9rie-a-2022/css9eoc46vca8gkmv5z7603ys/match/view/3uevbanz6qlmnaj6qbyojhnv8,3,2,0,0,0,1,0,2,1,0,0,0,0,0,5,1,3,0,0,1,0,0.8,1.0,1.0,3.0,1.2,2.0,-0.8,2.4,0.2,0.26666666666666666,110,0.5333333333333333,1.2,1.0,3.0,1.0,1.4,1.6,-0.2,3.8,0.0,0.4,34,0.5333333333333333,1
1106,3u0gv8jykjas84sxjxo1l8ob8,2022,2022-11-02 19:00:00,2022,11,quarta-feira,19,EC Juventude,Coritiba FBC,Alfredo Jaconi,Marcelo de Lima Henrique,3.412,3412,2 de novembro de 2022 19:00,0,1,away_win,2,https://optaplayerstats.statsperform.com/pt_BR/soccer/brasileir%C3%A3o-s%C3%A9rie-a-2022/css9eoc46vca8gkmv5z7603ys/match/view/3u0gv8jykjas84sxjxo1l8ob8,0,3,0,0,0,0,0,1,4,0,0,0,0,0,1,-1,7,0,0,0,0,0.4,0.0,2.0,3.0,1.0,2.0,-1.0,1.6,0.0,0.13333333333333333,72,0.26666666666666666,0.8,1.0,1.0,3.0,1.0,1.8,-0.8,2.8,0.4,0.26666666666666666,34,0.0,1
1107,3u7i2vht2elbg570c6k427b4k,2022,2022-11-02 19:00:00,2022,11,quarta-feira,19,Atlético Goianiense,Santos FC Sao Paulo,Estádio Antônio Accioly,Anderson Daronco,9.090,9090,2 de novembro de 2022 19:00,2,3,away_win,2,https://optaplayerstats.statsperform.com/pt_BR/soccer/brasileir%C3%A3o-s%C3%A9rie-a-2022/css9eoc46vca8gkmv5z7603ys/match/view/3u7i2vht2elbg570c6k427b4k,2,3,0,0,0,0,0,3,2,0,0,0,0,0,5,-1,5,0,0,0,0,1.6,2.0,2.0,1.0,1.4,1.2,0.2,3.4,0.2,0.5333333333333333,110,0.4666666666666666,1.2,2.0,0.0,3.0,1.8,1.4,0.4,2.8,0.4,0.4,110,0.19999999999999998,1
1108,3ubcfbhb6bdg84cnis20lhh5g,2022,2022-11-02 19:00:00,2022,11,quarta-feira,19,Avai FC,Red Bull Bragantino,Ressacada,Wagner do Nascimento Magalhaes,3.022,3022,2 de novembro de 2022 19:00,1,2,away_win,2,https://optaplayerstats.statsperform.com/pt_BR/soccer/brasileir%C3%A3o-s%C3%A9rie-a-2022/css9eoc46vca8gkmv5z7603ys/match/view/3ubcfbhb6bdg84cnis20lhh5g,1,2,0,0,0,1,0,2,1,0,0,0,0,0,3,-1,3,0,0,1,0,0.0,0.0,0.0,5.0,0.2,2.2,-2.0,1.6,0.0,0.0,34,0.26666666666666666,1.2,2.0,0.0,3.0,1.6,1.8,-0.2,2.4,0.2,0.4,110,0.13333333333333333,1
1109,3tmegfyg8nk4ots5435j9qiok,2022,2022-11-02 21:30:00,2022,11,quarta-feira,21,CR Flamengo,SC Corinthians Paulista,Estádio Jornalista Mário Filho (Maracanã),Ramon Abatti,60.369,60369,2 de novembro de 2022 21:30,1,2,away_win,2,https://optaplayerstats.statsperform.com/pt_BR/soccer/brasileir%C3%A3o-s%C3%A9rie-a-2022/css9eoc46vca8gkmv5z7603ys/match/view/3tmegfyg8nk4ots5435j9qiok,1,0,0,0,0,0,0,2,1,0,0,0,0,0,3,-1,1,0,0,0,0,2.6,4.0,1.0,0.0,1.6,0.8,0.8,2.6,0.0,0.8666666666666667,110,0.6666666666666666,1.6,2.0,2.0,1.0,1.0,1.0,0.0,2.6,0.2,0.5333333333333333,110,0.39999999999999997,1
1110,3tt5wwc2psjve3d7wmv91me50,2022,2022-11-02 21:30:00,2022,11,quarta-feira,21,SE Palmeiras,Fortaleza EC,Allianz Parque,Wilton Pereira Sampaio,29.104,29104,2 de novembro de 2022 21:30,4,0,home_win,0,https://optaplayerstats.statsperform.com/pt_BR/soccer/brasileir%C3%A3o-s%C3%A9rie-a-2022/css9eoc46vca8gkmv5z7603ys/match/view/3tt5wwc2psjve3d7wmv91me50,4,3,0,0,0,0,0,0,1,0,0,0,0,0,4,4,4,0,0,0,0,2.2,3.0,2.0,0.0,2.2,0.4,1.8,2.8,0.0,0.7333333333333333,110,0.8666666666666667,2.2,3.0,2.0,0.0,1.6,0.6,1.0,2.2,0.2,0.7333333333333333,110,0.5333333333333333,1
1111,3ulvdft29a4qlun6qrkrofzmc,2022,2022-11-05 16:30:00,2022,11,sábado,16,Fluminense FC,São Paulo FC,Estádio Jornalista Mário Filho (Maracanã),Anderson Daronco,41.558,41558,5 de novembro de 2022 16:30,3,1,home_win,0,https://optaplayerstats.statsperform.com/pt_BR/soccer/brasileir%C3%A3o-s%C3%A9rie-a-2022/css9eoc46vca8gkmv5z7603ys/match/view/3ulvdft29a4qlun6qrkrofzmc,3,1,0,0,0,0,0,1,1,0,1,1,0,0,4,2,2,1,1,0,0,2.0,3.0,1.0,1.0,1.6,0.8,0.8,1.8,0.0,0.6666666666666666,111,0.5333333333333333,2.2,3.0,2.0,0.0,1.8,1.0,0.8,2.8,0.4,0.7333333333333333,111,0.7333333333333334,1
1112,3uwymd7t0he7zt77szj4hev4k,2022,2022-11-05 16:30:00,2022,11,sábado,16,Santos FC Sao Paulo,Avai FC,Arena Barueri,Caio Max Augusto Vieira,18.686,18686,5 de novembro de 2022 16:30,1,1,draw,1,https://optaplayerstats.statsperform.com/pt_BR/soccer/brasileir%C3%A3o-s%C3%A9rie-a-2022/css9eoc46vca8gkmv5z7603ys/match/view/3uwymd7t0he7zt77szj4hev4k,1,3,0,0,0,1,0,1,0,0,0,0,0,0,2,0,3,0,0,1,0,1.8,3.0,0.0,2.0,2.2,1.4,0.8,2.8,0.2,0.6,111,0.39999999999999997,0.0,0.0,0.0,5.0,0.2,2.2,-2.0,1.6,0.0,0.0,35,0.06666666666666667,1
1113,3upojv7ula32l9z8w22oawzkk,2022,2022-11-05 19:00:00,2022,11,sábado,19,Red Bull Bragantino,América FC (Minas Gerais),Nabizão,Marcelo de Lima Henrique,2.722,2722,5 de novembro de 2022 19:00,1,4,away_win,2,https://optaplayerstats.statsperform.com/pt_BR/soccer/brasileir%C3%A3o-s%C3%A9rie-a-2022/css9eoc46vca8gkmv5z7603ys/match/view/3upojv7ula32l9z8w22oawzkk,1,6,0,0,0,1,0,4,2,0,0,0,1,0,5,-3,8,0,0,1,0,1.2,2.0,0.0,3.0,1.6,1.8,-0.2,2.2,0.2,0.4,111,0.5333333333333333,1.4,2.0,1.0,2.0,1.4,1.2,0.2,1.6,0.0,0.4666666666666667,73,0.5333333333333333,1
1114,3v7gd1rbwulleq0f38g0mgro4,2022,2022-11-05 19:00:00,2022,11,sábado,19,Goiás EC,EC Juventude,Estádio Hailé Pinheiro (Serrinha),Edina Alves Batista,10.480,10480,5 de novembro de 2022 19:00,1,0,home_win,0,https://optaplayerstats.statsperform.com/pt_BR/soccer/brasileir%C3%A3o-s%C3%A9rie-a-2022/css9eoc46vca8gkmv5z7603ys/match/view/3v7gd1rbwulleq0f38g0mgro4,1,4,0,0,0,0,0,0,6,0,0,0,0,0,1,1,10,0,0,0,0,1.0,1.0,2.0,2.0,1.6,2.0,-0.4,3.2,0.0,0.3333333333333333,35,0.19999999999999998,0.2,0.0,1.0,4.0,0.6,1.8,-1.2,2.0,0.0,0.06666666666666667,73,0.0,1
1115,3utjainf76b8k240lhg6aznys,2022,2022-11-05 20:30:00,2022,11,sábado,20,SC Corinthians Paulista,Ceará SC,Neo Química Arena,Bruno Arleu de Araújo,41.172,41172,5 de novembro de 2022 20:30,1,0,home_win,0,https://optaplayerstats.statsperform.com/pt_BR/soccer/brasileir%C3%A3o-s%C3%A9rie-a-2022/css9eoc46vca8gkmv5z7603ys/match/view/3utjainf76b8k240lhg6aznys,1,4,0,0,0,0,0,0,4,0,0,0,0,0,1,1,8,0,0,0,0,2.0,3.0,1.0,1.0,1.0,0.8,0.2,2.4,0.2,0.6666666666666666,111,0.6666666666666666,0.4,0.0,2.0,3.0,0.4,1.0,-0.6,3.2,0.2,0.13333333333333333,111,0.13333333333333333,1
1116,3v0f9yweg515272ky7k8xgphw,2022,2022-11-05 21:00:00,2022,11,sábado,21,SC Internacional,Club Athletico Paranaense,Beira-Rio,Flavio Rodrigues De Souza,12.275,12275,5 de novembro de 2022 21:00,2,0,home_win,0,https://optaplayerstats.statsperform.com/pt_BR/soccer/brasileir%C3%A3o-s%C3%A9rie-a-2022/css9eoc46vca8gkmv5z7603ys/match/view/3v0f9yweg515272ky7k8xgphw,2,0,0,0,0,0,0,0,1,1,0,1,0,0,2,2,1,1,1,0,0,2.0,3.0,1.0,1.0,1.6,1.0,0.6,2.0,0.0,0.6666666666666666,111,0.8666666666666667,1.2,2.0,0.0,3.0,1.6,2.2,-0.6,2.4,0.2,0.4,111,0.13333333333333333,1
1117,3v3zpt3altqwwj3ftydp7qqz8,2022,2022-11-06 16:00:00,2022,11,domingo,16,Fortaleza EC,Atlético Goianiense,Castelão,Luiz Flávio de Oliveira,44.810,44810,6 de novembro de 2022 16:00,1,1,draw,1,https://optaplayerstats.statsperform.com/pt_BR/soccer/brasileir%C3%A3o-s%C3%A9rie-a-2022/css9eoc46vca8gkmv5z7603ys/match/view/3v3zpt3altqwwj3ftydp7qqz8,1,2,0,0,0,0,0,1,5,0,1,1,0,0,2,0,7,1,1,0,0,2.0,3.0,1.0,1.0,1.4,1.2,0.2,2.0,0.2,0.6666666666666666,111,0.6666666666666666,1.0,1.0,2.0,2.0,1.2,1.4,-0.2,3.2,0.2,0.3333333333333333,111,0.26666666666666666,1
1118,3vga1bjyzzztvlulnxddxsz6c,2022,2022-11-06 16:00:00,2022,11,domingo,16,Coritiba FBC,CR Flamengo,Couto Pereira,Raphael Claus,32.021,32021,6 de novembro de 2022 16:00,1,0,home_win,0,https://optaplayerstats.statsperform.com/pt_BR/soccer/brasileir%C3%A3o-s%C3%A9rie-a-2022/css9eoc46vca8gkmv5z7603ys/match/view/3vga1bjyzzztvlulnxddxsz6c,1,5,0,0,0,1,0,0,3,0,0,0,0,0,1,1,8,0,0,1,0,0.8,1.0,1.0,3.0,0.8,1.6,-0.8,3.4,0.2,0.26666666666666666,35,0.8666666666666667,2.4,4.0,0.0,1.0,1.8,1.2,0.6,2.0,0.0,0.8,111,0.6666666666666666,1
1119,3vcvhsw6t7czkp5d8e4us7aqc,2022,2022-11-06 18:30:00,2022,11,domingo,18,Cuiabá EC,SE Palmeiras,Arena Pantanal,Braulio da Silva Machado,22.448,22448,6 de novembro de 2022 18:30,1,1,draw,1,https://optaplayerstats.statsperform.com/pt_BR/soccer/brasileir%C3%A3o-s%C3%A9rie-a-2022/css9eoc46vca8gkmv5z7603ys/match/view/3vcvhsw6t7czkp5d8e4us7aqc,1,3,1,0,1,0,0,1,0,0,0,0,0,0,2,0,3,1,1,0,0,1.4,2.0,1.0,2.0,1.2,1.0,0.2,2.4,0.2,0.4666666666666667,73,0.4666666666666666,2.2,3.0,2.0,0.0,2.2,0.4,1.8,3.2,0.0,0.7333333333333333,111,0.7333333333333334,1
1120,3uicy8ggt1gield68npe4uvbo,2022,2022-11-07 20:00:00,2022,11,segunda-feira,20,Clube Atlético Mineiro,Botafogo FR,Mineirão,Leandro Pedro Vuaden,31.160,31160,7 de novembro de 2022 20:00,0,2,away_win,2,https://optaplayerstats.statsperform.com/pt_BR/soccer/brasileir%C3%A3o-s%C3%A9rie-a-2022/css9eoc46vca8gkmv5z7603ys/match/view/3uicy8ggt1gield68npe4uvbo,0,2,0,0,0,0,0,2,5,0,0,0,0,0,2,-2,7,0,0,0,0,1.2,1.0,3.0,1.0,0.6,0.6,0.0,2.4,0.2,0.4,111,0.5333333333333333,1.4,2.0,1.0,2.0,1.0,1.2,-0.2,1.8,0.0,0.4666666666666667,35,0.8666666666666667,1
1121,3vqoz6gy7h6ixmhrom1z0nl04,2022,2022-11-08 21:30:00,2022,11,terça-feira,21,São Paulo FC,SC Internacional,Morumbi,Wagner do Nascimento Magalhaes,19.692,19692,8 de novembro de 2022 21:30,0,1,away_win,2,https://optaplayerstats.statsperform.com/pt_BR/soccer/brasileir%C3%A3o-s%C3%A9rie-a-2022/css9eoc46vca8gkmv5z7603ys/match/view/3vqoz6gy7h6ixmhrom1z0nl04,0,4,0,0,0,0,0,1,5,0,0,0,0,0,1,-1,9,0,0,0,0,2.0,3.0,1.0,1.0,2.0,1.6,0.4,2.0,0.2,0.6666666666666666,112,0.6666666666666666,2.0,3.0,1.0,1.0,1.2,0.6,0.6,1.6,0.0,0.6666666666666666,112,0.5333333333333333,1
1122,3vmys78eezfbr3bo0khppe0b8,2022,2022-11-09 19:00:00,2022,11,quarta-feira,19,Fluminense FC,Goiás EC,Estádio Jornalista Mário Filho (Maracanã),Paulo Cesar Zanovelli da Silva,35.410,35410,9 de novembro de 2022 19:00,3,0,home_win,0,https://optaplayerstats.statsperform.com/pt_BR/soccer/brasileir%C3%A3o-s%C3%A9rie-a-2022/css9eoc46vca8gkmv5z7603ys/match/view/3vmys78eezfbr3bo0khppe0b8,3,4,0,0,0,0,0,0,2,1,1,2,0,0,3,3,6,2,1,0,0,2.6,4.0,1.0,0.0,2.2,0.6,1.6,1.8,0.0,0.8666666666666667,112,0.6666666666666666,1.6,2.0,2.0,1.0,1.4,1.2,0.2,2.6,0.0,0.5333333333333333,36,0.3333333333333333,1
1123,3wb90r2193qptuumopq8tzv9w,2022,2022-11-09 19:00:00,2022,11,quarta-feira,19,Avai FC,Ceará SC,Ressacada,Luiz Flávio de Oliveira,2.025,2025,9 de novembro de 2022 19:00,2,0,home_win,0,https://optaplayerstats.statsperform.com/pt_BR/soccer/brasileir%C3%A3o-s%C3%A9rie-a-2022/css9eoc46vca8gkmv5z7603ys/match/view/3wb90r2193qptuumopq8tzv9w,2,4,0,0,0,0,0,0,5,0,0,0,0,0,2,2,9,0,0,0,0,0.2,0.0,1.0,4.0,0.4,2.0,-1.6,1.4,0.0,0.06666666666666667,36,0.19999999999999998,0.2,0.0,1.0,4.0,0.4,1.2,-0.8,3.0,0.2,0.06666666666666667,112,0.06666666666666667,1
1124,3wemvnle220uehwdyww82znys,2022,2022-11-09 19:00:00,2022,11,quarta-feira,19,Coritiba FBC,SC Corinthians Paulista,Couto Pereira,Marcelo de Lima Henrique,28.819,28819,9 de novembro de 2022 19:00,2,2,draw,1,https://optaplayerstats.statsperform.com/pt_BR/soccer/brasileir%C3%A3o-s%C3%A9rie-a-2022/css9eoc46vca8gkmv5z7603ys/match/view/3wemvnle220uehwdyww82znys,2,4,0,0,0,1,0,2,6,2,0,2,0,0,4,0,10,2,1,1,0,1.4,2.0,1.0,2.0,1.0,1.4,-0.4,4.0,0.2,0.4666666666666667,36,0.8666666666666667,2.0,3.0,1.0,1.0,0.8,0.6,0.2,3.0,0.2,0.6666666666666666,112,0.5333333333333333,1
1125,3w4bty0d6zwtlnz0nxx36dpuc,2022,2022-11-09 20:30:00,2022,11,quarta-feira,20,Fortaleza EC,Red Bull Bragantino,Castelão,Ramon Abatti,38.268,38268,9 de novembro de 2022 20:30,6,0,home_win,0,https://optaplayerstats.statsperform.com/pt_BR/soccer/brasileir%C3%A3o-s%C3%A9rie-a-2022/css9eoc46vca8gkmv5z7603ys/match/view/3w4bty0d6zwtlnz0nxx36dpuc,6,1,0,0,0,1,0,0,4,0,0,0,0,0,6,6,5,0,0,1,0,1.6,2.0,2.0,1.0,1.2,1.4,-0.2,2.2,0.2,0.5333333333333333,112,0.7333333333333334,1.2,2.0,0.0,3.0,1.6,2.2,-0.6,2.8,0.2,0.4,112,0.26666666666666666,1
1126,3vu5vy8ig3ozem4nksorj493o,2022,2022-11-09 21:30:00,2022,11,quarta-feira,21,SE Palmeiras,América FC (Minas Gerais),Allianz Parque,Sávio Pereira Sampaio,28.721,28721,9 de novembro de 2022 21:30,2,1,home_win,0,https://optaplayerstats.statsperform.com/pt_BR/soccer/brasileir%C3%A3o-s%C3%A9rie-a-2022/css9eoc46vca8gkmv5z7603ys/match/view/3vu5vy8ig3ozem4nksorj493o,2,4,0,0,0,1,0,1,2,0,0,0,0,0,3,1,6,0,0,1,0,2.2,3.0,2.0,0.0,2.2,0.4,1.8,2.8,0.0,0.7333333333333333,112,0.8666666666666667,1.4,2.0,1.0,2.0,1.8,1.4,0.4,1.4,0.0,0.4666666666666667,74,0.6666666666666666,1
1127,3w1250cvh5wvlotyoa7qw1hck,2022,2022-11-09 21:30:00,2022,11,quarta-feira,21,EC Juventude,CR Flamengo,Alfredo Jaconi,Rodrigo José Pereira de Lima,5.231,5231,9 de novembro de 2022 21:30,2,2,draw,1,https://optaplayerstats.statsperform.com/pt_BR/soccer/brasileir%C3%A3o-s%C3%A9rie-a-2022/css9eoc46vca8gkmv5z7603ys/match/view/3w1250cvh5wvlotyoa7qw1hck,2,7,0,0,0,0,0,2,3,0,0,0,0,0,4,0,10,0,0,0,0,0.2,0.0,1.0,4.0,0.4,1.2,-0.8,3.2,0.0,0.06666666666666667,74,0.19999999999999998,1.8,3.0,0.0,2.0,1.4,1.2,0.2,2.2,0.0,0.6,112,0.4666666666666666,1
1128,3w7s3g35lyygsilc7d8r6meqc,2022,2022-11-09 21:30:00,2022,11,quarta-feira,21,Atlético Goianiense,Club Athletico Paranaense,Estádio Antônio Accioly,Jean Pierre Goncalves Lima,4.185,4185,9 de novembro de 2022 21:30,1,1,draw,1,https://optaplayerstats.statsperform.com/pt_BR/soccer/brasileir%C3%A3o-s%C3%A9rie-a-2022/css9eoc46vca8gkmv5z7603ys/match/view/3w7s3g35lyygsilc7d8r6meqc,1,1,0,0,0,0,0,1,0,0,0,0,0,0,2,0,1,0,0,0,0,1.0,1.0,2.0,2.0,1.2,1.4,-0.2,3.4,0.4,0.3333333333333333,112,0.4666666666666666,1.2,2.0,0.0,3.0,1.4,2.2,-0.8,2.6,0.4,0.4,112,0.06666666666666667,1
1129,3vjkgmp8j5g09t3gxygl2yi38,2022,2022-11-10 20:00:00,2022,11,quinta-feira,20,Clube Atlético Mineiro,Cuiabá EC,Mineirão,Bruno Arleu de Araújo,28.824,28824,10 de novembro de 2022 20:00,3,0,home_win,0,https://optaplayerstats.statsperform.com/pt_BR/soccer/brasileir%C3%A3o-s%C3%A9rie-a-2022/css9eoc46vca8gkmv5z7603ys/match/view/3vjkgmp8j5g09t3gxygl2yi38,3,1,0,0,0,0,0,0,4,0,0,0,0,0,3,3,5,0,0,0,0,1.0,1.0,2.0,2.0,0.6,1.0,-0.4,2.2,0.2,0.3333333333333333,112,0.4666666666666666,1.6,2.0,2.0,1.0,1.2,0.8,0.4,2.6,0.4,0.5333333333333333,74,0.3333333333333333,1
1130,3vxmvpjg564on61t5w3gt2y38,2022,2022-11-10 20:00:00,2022,11,quinta-feira,20,Botafogo FR,Santos FC Sao Paulo,Estádio Nilton Santos,Braulio da Silva Machado,28.130,28130,10 de novembro de 2022 20:00,3,0,home_win,0,https://optaplayerstats.statsperform.com/pt_BR/soccer/brasileir%C3%A3o-s%C3%A9rie-a-2022/css9eoc46vca8gkmv5z7603ys/match/view/3vxmvpjg564on61t5w3gt2y38,3,2,0,0,0,0,0,0,4,1,0,1,0,0,3,3,6,1,1,0,0,1.4,2.0,1.0,2.0,1.2,1.2,0.0,2.4,0.0,0.4666666666666667,36,0.39999999999999997,1.4,2.0,1.0,2.0,1.6,1.4,0.2,3.0,0.2,0.4666666666666667,112,0.39999999999999997,1
1131,3wm9ppm37fwhucdcn2lvua5uc,2022,2022-11-12 16:00:00,2022,11,sábado,16,CR Flamengo,Avai FC,Estádio Jornalista Mário Filho (Maracanã),Edina Alves Batista,63.077,63077,12 de novembro de 2022 16:00,1,2,away_win,2,https://optaplayerstats.statsperform.com/pt_BR/soccer/brasileir%C3%A3o-s%C3%A9rie-a-2022/css9eoc46vca8gkmv5z7603ys/match/view/3wm9ppm37fwhucdcn2lvua5uc,1,0,0,0,0,0,1,2,1,0,0,0,0,0,3,-1,1,0,0,0,1,1.4,2.0,1.0,2.0,1.6,1.6,0.0,2.0,0.0,0.4666666666666667,113,0.6666666666666666,0.8,1.0,1.0,3.0,0.8,1.4,-0.6,1.8,0.0,0.26666666666666666,37,0.06666666666666667,1
1132,3wiii5vxodhwcnv8w7t3acn4k,2022,2022-11-13 16:00:00,2022,11,domingo,16,América FC (Minas Gerais),Atlético Goianiense,Estádio Raimundo Sampaio,Leandro Pedro Vuaden,5.005,5005,13 de novembro de 2022 16:00,1,1,draw,1,https://optaplayerstats.statsperform.com/pt_BR/soccer/brasileir%C3%A3o-s%C3%A9rie-a-2022/css9eoc46vca8gkmv5z7603ys/match/view/3wiii5vxodhwcnv8w7t3acn4k,1,3,0,0,0,0,0,1,3,1,0,1,0,0,2,0,6,1,1,0,0,1.4,2.0,1.0,2.0,1.8,1.4,0.4,1.6,0.0,0.4666666666666667,75,0.39999999999999997,1.0,1.0,2.0,2.0,1.2,1.4,-0.2,3.4,0.4,0.3333333333333333,113,0.3333333333333333,1
1133,3wpyanjdjwuypxfd5fe6b8yz8,2022,2022-11-13 16:00:00,2022,11,domingo,16,Red Bull Bragantino,Fluminense FC,Nabizão,Jean Pierre Goncalves Lima,4.706,4706,13 de novembro de 2022 16:00,0,1,away_win,2,https://optaplayerstats.statsperform.com/pt_BR/soccer/brasileir%C3%A3o-s%C3%A9rie-a-2022/css9eoc46vca8gkmv5z7603ys/match/view/3wpyanjdjwuypxfd5fe6b8yz8,0,3,0,0,0,0,0,1,2,0,0,0,0,0,1,-1,5,0,0,0,0,1.2,2.0,0.0,3.0,1.6,3.0,-1.4,3.0,0.0,0.4,113,0.4666666666666666,2.6,4.0,1.0,0.0,2.2,0.6,1.6,2.6,0.0,0.8666666666666667,113,0.6,1
1134,3wtfztk17mgd0ne5lrl4x4ro4,2022,2022-11-13 16:00:00,2022,11,domingo,16,SC Corinthians Paulista,Clube Atlético Mineiro,Neo Química Arena,Braulio da Silva Machado,43.414,43414,13 de novembro de 2022 16:00,0,1,away_win,2,https://optaplayerstats.statsperform.com/pt_BR/soccer/brasileir%C3%A3o-s%C3%A9rie-a-2022/css9eoc46vca8gkmv5z7603ys/match/view/3wtfztk17mgd0ne5lrl4x4ro4,0,3,0,0,0,0,0,1,6,0,0,0,1,0,1,-1,9,0,0,1,0,1.6,2.0,2.0,1.0,1.0,1.0,0.0,3.4,0.4,0.5333333333333333,113,0.7999999999999999,1.6,2.0,2.0,1.0,1.2,0.8,0.4,2.4,0.2,0.5333333333333333,113,0.3333333333333333,1
1135,3wxhpazsa97cjddt053ywg1zo,2022,2022-11-13 16:00:00,2022,11,domingo,16,Santos FC Sao Paulo,Fortaleza EC,Vila Belmiro,Wagner do Nascimento Magalhaes,11.565,11565,13 de novembro de 2022 16:00,0,2,away_win,2,https://optaplayerstats.statsperform.com/pt_BR/soccer/brasileir%C3%A3o-s%C3%A9rie-a-2022/css9eoc46vca8gkmv5z7603ys/match/view/3wxhpazsa97cjddt053ywg1zo,0,1,0,0,0,0,0,2,3,0,0,0,0,0,2,-2,4,0,0,0,0,0.8,1.0,1.0,3.0,1.2,2.0,-0.8,3.0,0.4,0.26666666666666666,113,0.4666666666666666,1.6,2.0,2.0,1.0,2.0,1.2,0.8,1.8,0.0,0.5333333333333333,113,0.5333333333333333,1
1136,3x3aboz3e1u19kv4356tj29zo,2022,2022-11-13 16:00:00,2022,11,domingo,16,SC Internacional,SE Palmeiras,Beira-Rio,Bruno Arleu de Araújo,32.999,32999,13 de novembro de 2022 16:00,3,0,home_win,0,https://optaplayerstats.statsperform.com/pt_BR/soccer/brasileir%C3%A3o-s%C3%A9rie-a-2022/css9eoc46vca8gkmv5z7603ys/match/view/3x3aboz3e1u19kv4356tj29zo,3,2,0,0,0,0,0,0,3,0,0,0,0,0,3,3,5,0,0,0,0,2.0,3.0,1.0,1.0,1.2,0.6,0.6,1.4,0.0,0.6666666666666666,113,0.8666666666666667,2.6,4.0,1.0,0.0,2.6,0.6,2.0,2.8,0.0,0.8666666666666667,113,0.7333333333333334,1
1137,3x6ooge7530tqpojqmaiagm50,2022,2022-11-13 16:00:00,2022,11,domingo,16,Ceará SC,EC Juventude,Castelão,Paulo Henrique Schleinch Vollkopf,No data,,13 de novembro de 2022 16:00,4,1,home_win,0,https://optaplayerstats.statsperform.com/pt_BR/soccer/brasileir%C3%A3o-s%C3%A9rie-a-2022/css9eoc46vca8gkmv5z7603ys/match/view/3x6ooge7530tqpojqmaiagm50,4,4,0,0,0,1,1,1,4,0,0,0,0,0,5,3,8,0,0,1,1,0.0,0.0,0.0,5.0,0.2,1.4,-1.2,3.2,0.2,0.0,113,0.13333333333333333,0.2,0.0,1.0,4.0,0.6,1.4,-0.8,4.2,0.0,0.06666666666666667,75,0.0,1
1138,3xaaf7ek4mnvqrrtjhtp6md5g,2022,2022-11-13 16:00:00,2022,11,domingo,16,Goiás EC,São Paulo FC,Estádio Hailé Pinheiro (Serrinha),Marcelo de Lima Henrique,13.927,13927,13 de novembro de 2022 16:00,0,4,away_win,2,https://optaplayerstats.statsperform.com/pt_BR/soccer/brasileir%C3%A3o-s%C3%A9rie-a-2022/css9eoc46vca8gkmv5z7603ys/match/view/3xaaf7ek4mnvqrrtjhtp6md5g,0,2,0,0,0,0,0,4,1,0,0,0,0,0,4,-4,3,0,0,0,0,1.0,1.0,2.0,2.0,1.0,1.6,-0.6,2.2,0.4,0.3333333333333333,37,0.3333333333333333,1.4,2.0,1.0,2.0,1.4,1.6,-0.2,2.4,0.2,0.4666666666666667,113,0.6666666666666666,1
1139,3xdrhyo8c288s525564zs70gk,2022,2022-11-13 16:00:00,2022,11,domingo,16,Cuiabá EC,Coritiba FBC,Arena Pantanal,Flavio Rodrigues De Souza,18.254,18254,13 de novembro de 2022 16:00,2,1,home_win,0,https://optaplayerstats.statsperform.com/pt_BR/soccer/brasileir%C3%A3o-s%C3%A9rie-a-2022/css9eoc46vca8gkmv5z7603ys/match/view/3xdrhyo8c288s525564zs70gk,2,1,0,0,0,0,0,1,4,0,1,1,0,0,3,1,5,1,1,0,0,1.4,2.0,1.0,2.0,1.0,1.2,-0.2,2.4,0.2,0.4666666666666667,75,0.4666666666666666,1.6,2.0,2.0,1.0,1.2,1.2,0.0,3.4,0.2,0.5333333333333333,37,0.19999999999999998,1
1140,3xh8z47rw8jbkclygeessb11w,2022,2022-11-13 16:00:00,2022,11,domingo,16,Club Athletico Paranaense,Botafogo FR,Arena da Baixada,Anderson Daronco,19.336,19336,13 de novembro de 2022 16:00,3,0,home_win,0,https://optaplayerstats.statsperform.com/pt_BR/soccer/brasileir%C3%A3o-s%C3%A9rie-a-2022/css9eoc46vca8gkmv5z7603ys/match/view/3xh8z47rw8jbkclygeessb11w,3,1,0,0,0,0,1,0,1,0,0,0,0,0,3,3,2,0,0,0,1,0.8,1.0,1.0,3.0,1.4,2.4,-1.0,2.0,0.4,0.26666666666666666,113,0.6666666666666666,2.0,3.0,1.0,1.0,1.8,1.0,0.8,2.2,0.0,0.6666666666666666,37,0.8666666666666667,1
1141,bb07zmzymm35gqv4f0e5ca1hw,2023,2023-04-15 16:00:00,2023,4,sábado,16,SE Palmeiras,Cuiabá EC,Allianz Parque,Paulo Cesar Zanovelli da Silva,35.835,35835,15 de abril de 2023 16:00,2,1,home_win,0,https://optaplayerstats.statsperform.com/pt_BR/soccer/brasileir%C3%A3o-s%C3%A9rie-a-2023/czjx4rda7swlzql5d1cq90r8/match/view/bb07zmzymm35gqv4f0e5ca1hw,2,3,1,0,1,0,0,1,4,0,1,1,0,0,3,1,7,2,1,0,0,2.0,3.0,1.0,1.0,2.0,1.2,0.8,3.0,0.0,0.6666666666666666,114,0.8666666666666667,2.0,3.0,1.0,1.0,1.2,1.0,0.2,2.0,0.2,0.6666666666666666,76,0.26666666666666666,1
1142,bdbokds2lnxgly2udldkdggt0,2023,2023-04-15 16:00:00,2023,4,sábado,16,América FC (Minas Gerais),Fluminense FC,Estádio Raimundo Sampaio,Braulio da Silva Machado,6.653,6653,15 de abril de 2023 16:00,0,3,away_win,2,https://optaplayerstats.statsperform.com/pt_BR/soccer/brasileir%C3%A3o-s%C3%A9rie-a-2023/czjx4rda7swlzql5d1cq90r8/match/view/bdbokds2lnxgly2udldkdggt0,0,3,0,0,0,0,0,3,2,0,0,0,0,0,3,-3,5,0,0,0,0,1.6,2.0,2.0,1.0,1.8,1.2,0.6,2.0,0.0,0.5333333333333333,76,0.26666666666666666,3.0,5.0,0.0,0.0,2.0,0.2,1.8,2.4,0.0,1.0,114,0.7999999999999999,1
1143,baod0aganamzs2qqybr85l5w4,2023,2023-04-15 18:30:00,2023,4,sábado,18,Botafogo FR,São Paulo FC,Estádio Nilton Santos,Ramon Abatti,11.708,11708,15 de abril de 2023 18:30,2,1,home_win,0,https://optaplayerstats.statsperform.com/pt_BR/soccer/brasileir%C3%A3o-s%C3%A9rie-a-2023/czjx4rda7swlzql5d1cq90r8/match/view/baod0aganamzs2qqybr85l5w4,2,3,0,0,0,0,0,1,2,0,0,0,0,0,3,1,5,0,0,0,0,1.8,3.0,0.0,2.0,1.4,1.2,0.2,2.0,0.0,0.6,38,0.39999999999999997,1.4,2.0,1.0,2.0,1.8,1.4,0.4,2.2,0.2,0.4666666666666667,114,0.6666666666666666,1
1144,bbny1nsi2ha43c6q9w5ce9ses,2023,2023-04-15 18:30:00,2023,4,sábado,18,Red Bull Bragantino,EC Bahia,Nabizão,Maguielson Lima Barbosa,3.368,3368,15 de abril de 2023 18:30,2,1,home_win,0,https://optaplayerstats.statsperform.com/pt_BR/soccer/brasileir%C3%A3o-s%C3%A9rie-a-2023/czjx4rda7swlzql5d1cq90r8/match/view/bbny1nsi2ha43c6q9w5ce9ses,2,3,0,0,0,0,0,1,1,0,0,0,0,0,3,1,4,0,0,0,0,0.6,1.0,0.0,4.0,0.8,2.8,-2.0,3.6,0.0,0.2,114,0.39999999999999997,,,,,,,,,,,0,,0
1145,bcnwtkvtuqql4iiabcqh5wgt0,2023,2023-04-15 18:30:00,2023,4,sábado,18,Club Athletico Paranaense,Goiás EC,Arena da Baixada,Rafael Rodrigo Klein,15.329,15329,15 de abril de 2023 18:30,2,0,home_win,0,https://optaplayerstats.statsperform.com/pt_BR/soccer/brasileir%C3%A3o-s%C3%A9rie-a-2023/czjx4rda7swlzql5d1cq90r8/match/view/bcnwtkvtuqql4iiabcqh5wgt0,2,2,0,0,0,0,0,0,3,0,0,0,0,0,2,2,5,0,0,0,0,1.4,2.0,1.0,2.0,1.6,1.6,0.0,1.6,0.4,0.4666666666666667,114,0.6666666666666666,0.8,1.0,1.0,3.0,0.6,2.0,-1.4,2.2,0.4,0.26666666666666666,38,0.26666666666666666,1
1146,bczw9xlxmxaqrohavlx5cuhw4,2023,2023-04-15 18:30:00,2023,4,sábado,18,Fortaleza EC,SC Internacional,Castelão,Edina Alves Batista,30.191,30191,15 de abril de 2023 18:30,1,1,draw,1,https://optaplayerstats.statsperform.com/pt_BR/soccer/brasileir%C3%A3o-s%C3%A9rie-a-2023/czjx4rda7swlzql5d1cq90r8/match/view/bczw9xlxmxaqrohavlx5cuhw4,1,2,0,0,0,0,0,1,1,0,0,0,0,0,2,0,3,0,0,0,0,2.0,3.0,1.0,1.0,2.4,1.2,1.2,1.6,0.0,0.6666666666666666,114,0.7333333333333334,2.4,4.0,0.0,1.0,1.6,0.4,1.2,1.6,0.0,0.8,114,0.5333333333333333,1
1147,bbzz6rjwiwtn07pg8bw7ci904,2023,2023-04-15 21:00:00,2023,4,sábado,21,Clube Atlético Mineiro,CR Vasco da Gama,Mineirão,Raphael Claus,34.980,34980,15 de abril de 2023 21:00,1,2,away_win,2,https://optaplayerstats.statsperform.com/pt_BR/soccer/brasileir%C3%A3o-s%C3%A9rie-a-2023/czjx4rda7swlzql5d1cq90r8/match/view/bbzz6rjwiwtn07pg8bw7ci904,1,6,0,0,0,0,0,2,5,1,0,1,0,0,3,-1,11,1,1,0,0,2.0,3.0,1.0,1.0,1.4,0.8,0.6,3.4,0.2,0.6666666666666666,114,0.6666666666666666,,,,,,,,,,,0,,0
1148,ba9efi6ar1j7731m8jqy1b7ys,2023,2023-04-16 16:00:00,2023,4,domingo,16,CR Flamengo,Coritiba FBC,Estádio Jornalista Mário Filho (Maracanã),Rodrigo José Pereira de Lima,42.848,42848,16 de abril de 2023 16:00,3,0,home_win,0,https://optaplayerstats.statsperform.com/pt_BR/soccer/brasileir%C3%A3o-s%C3%A9rie-a-2023/czjx4rda7swlzql5d1cq90r8/match/view/ba9efi6ar1j7731m8jqy1b7ys,3,3,0,0,0,1,0,0,3,0,0,0,0,0,3,3,6,0,0,1,0,0.8,1.0,1.0,3.0,1.4,1.8,-0.4,1.8,0.0,0.26666666666666666,114,0.4666666666666666,1.4,2.0,1.0,2.0,1.2,1.4,-0.2,3.6,0.4,0.4666666666666667,38,0.19999999999999998,1
1149,bbc2n9ac9q5k8bu13yc1szi1g,2023,2023-04-16 16:00:00,2023,4,domingo,16,SC Corinthians Paulista,Cruzeiro EC,Neo Química Arena,Anderson Daronco,41.304,41304,16 de abril de 2023 16:00,2,1,home_win,0,https://optaplayerstats.statsperform.com/pt_BR/soccer/brasileir%C3%A3o-s%C3%A9rie-a-2023/czjx4rda7swlzql5d1cq90r8/match/view/bbc2n9ac9q5k8bu13yc1szi1g,2,4,0,0,0,0,0,1,2,0,0,0,0,0,3,1,6,0,0,0,0,1.6,2.0,2.0,1.0,1.0,0.8,0.2,3.6,0.4,0.5333333333333333,114,0.6,,,,,,,,,,,0,,0
1150,bcbuuauxyv7h62kz67x4bvkt0,2023,2023-04-16 18:30:00,2023,4,domingo,18,Grêmio FB Porto Alegrense,Santos FC Sao Paulo,Alfredo Jaconi,Wilton Pereira Sampaio,11.705,11705,16 de abril de 2023 18:30,1,0,home_win,0,https://optaplayerstats.statsperform.com/pt_BR/soccer/brasileir%C3%A3o-s%C3%A9rie-a-2023/czjx4rda7swlzql5d1cq90r8/match/view/bcbuuauxyv7h62kz67x4bvkt0,1,3,0,0,0,0,0,0,3,0,1,1,0,0,1,1,6,1,1,0,0,,,,,,,,,,,0,,0.8,1.0,1.0,3.0,1.2,2.2,-1.0,2.8,0.2,0.26666666666666666,114,0.39999999999999997,0
1151,bdkrlhcu1j3qh48od9z5xptec,2023,2023-04-22 16:00:00,2023,4,sábado,16,Fluminense FC,Club Athletico Paranaense,Estádio Jornalista Mário Filho (Maracanã),Paulo Cesar Zanovelli da Silva,38.598,38598,22 de abril de 2023 16:00,2,0,home_win,0,https://optaplayerstats.statsperform.com/pt_BR/soccer/brasileir%C3%A3o-s%C3%A9rie-a-2023/czjx4rda7swlzql5d1cq90r8/match/view/bdkrlhcu1j3qh48od9z5xptec,2,3,0,0,0,0,0,0,3,0,0,0,0,0,2,2,6,0,0,0,0,3.0,5.0,0.0,0.0,2.2,0.2,2.0,2.2,0.0,1.0,115,0.6666666666666666,2.0,3.0,1.0,1.0,1.8,1.0,0.8,1.2,0.2,0.6666666666666666,115,0.06666666666666667,1
1152,be2lrn6r6pr9nucukor2rm87o,2023,2023-04-22 18:30:00,2023,4,sábado,18,São Paulo FC,América FC (Minas Gerais),Morumbi,Wagner do Nascimento Magalhaes,41.006,41006,22 de abril de 2023 18:30,3,0,home_win,0,https://optaplayerstats.statsperform.com/pt_BR/soccer/brasileir%C3%A3o-s%C3%A9rie-a-2023/czjx4rda7swlzql5d1cq90r8/match/view/be2lrn6r6pr9nucukor2rm87o,3,6,0,0,0,0,0,0,3,0,0,0,0,0,3,3,9,0,0,0,0,0.8,1.0,1.0,3.0,1.6,1.6,0.0,2.2,0.2,0.26666666666666666,115,0.4666666666666666,1.4,2.0,1.0,2.0,1.4,1.4,0.0,2.0,0.0,0.4666666666666667,77,0.6666666666666666,1
1153,bfvaszaclepyn81n52vivwqok,2023,2023-04-22 18:30:00,2023,4,sábado,18,Cuiabá EC,Red Bull Bragantino,Arena Pantanal,Caio Max Augusto Vieira,9.267,9267,22 de abril de 2023 18:30,1,1,draw,1,https://optaplayerstats.statsperform.com/pt_BR/soccer/brasileir%C3%A3o-s%C3%A9rie-a-2023/czjx4rda7swlzql5d1cq90r8/match/view/bfvaszaclepyn81n52vivwqok,1,3,0,0,0,0,0,1,3,0,0,0,0,0,2,0,6,0,0,0,0,1.4,2.0,1.0,2.0,1.2,1.4,-0.2,2.6,0.4,0.4666666666666667,77,0.4666666666666666,1.2,2.0,0.0,3.0,1.0,2.6,-1.6,3.4,0.0,0.4,115,0.19999999999999998,1
1154,bev9e40n2su8zmxygoi3u5f6c,2023,2023-04-22 21:00:00,2023,4,sábado,21,Cruzeiro EC,Grêmio FB Porto Alegrense,Estádio Raimundo Sampaio,Flavio Rodrigues De Souza,21.605,21605,22 de abril de 2023 21:00,1,0,home_win,0,https://optaplayerstats.statsperform.com/pt_BR/soccer/brasileir%C3%A3o-s%C3%A9rie-a-2023/czjx4rda7swlzql5d1cq90r8/match/view/bev9e40n2su8zmxygoi3u5f6c,1,5,0,1,1,0,0,0,2,0,0,0,0,0,1,1,7,1,1,0,0,,,,,,,,,,,1,,,,,,,,,,,,1,,0
1155,bf47vav4mtf7dij5xkotjf3f8,2023,2023-04-23 11:00:00,2023,4,domingo,11,SC Internacional,CR Flamengo,Beira-Rio,Ramon Abatti,45.751,45751,23 de abril de 2023 11:00,2,1,home_win,0,https://optaplayerstats.statsperform.com/pt_BR/soccer/brasileir%C3%A3o-s%C3%A9rie-a-2023/czjx4rda7swlzql5d1cq90r8/match/view/bf47vav4mtf7dij5xkotjf3f8,2,4,0,0,0,0,0,1,1,0,0,0,0,0,3,1,5,0,0,0,0,2.0,3.0,1.0,1.0,1.4,0.4,1.0,1.6,0.0,0.6666666666666666,115,1.0,0.8,1.0,1.0,3.0,1.4,1.4,0.0,1.8,0.0,0.26666666666666666,115,0.4666666666666666,1
1156,bdtojpmniduu303ssx4xr07pw,2023,2023-04-23 16:00:00,2023,4,domingo,16,CR Vasco da Gama,SE Palmeiras,Estádio Jornalista Mário Filho (Maracanã),Rafael Rodrigo Klein,59.867,59867,23 de abril de 2023 16:00,2,2,draw,1,https://optaplayerstats.statsperform.com/pt_BR/soccer/brasileir%C3%A3o-s%C3%A9rie-a-2023/czjx4rda7swlzql5d1cq90r8/match/view/bdtojpmniduu303ssx4xr07pw,2,4,0,0,0,0,0,2,3,0,0,0,0,0,4,0,7,0,0,0,0,,,,,,,,,,,1,,2.0,3.0,1.0,1.0,1.8,1.2,0.6,2.6,0.2,0.6666666666666666,115,0.5333333333333333,0
1157,bebp0v2w7f2mcsnqmifyympsk,2023,2023-04-23 16:00:00,2023,4,domingo,16,Santos FC Sao Paulo,Clube Atlético Mineiro,Vila Belmiro,Braulio da Silva Machado,11.233,11233,23 de abril de 2023 16:00,0,0,draw,1,https://optaplayerstats.statsperform.com/pt_BR/soccer/brasileir%C3%A3o-s%C3%A9rie-a-2023/czjx4rda7swlzql5d1cq90r8/match/view/bebp0v2w7f2mcsnqmifyympsk,0,3,0,0,0,0,0,0,3,0,0,0,0,0,0,0,6,0,0,0,0,0.8,1.0,1.0,3.0,0.8,1.8,-1.0,2.6,0.4,0.26666666666666666,115,0.26666666666666666,1.4,2.0,1.0,2.0,1.4,1.2,0.2,4.2,0.2,0.4666666666666667,115,0.5333333333333333,1
1158,bfd8y094gkhv6a5utax9xm1hw,2023,2023-04-23 18:30:00,2023,4,domingo,18,Coritiba FBC,Fortaleza EC,Couto Pereira,Wilton Pereira Sampaio,24.423,24423,23 de abril de 2023 18:30,0,3,away_win,2,https://optaplayerstats.statsperform.com/pt_BR/soccer/brasileir%C3%A3o-s%C3%A9rie-a-2023/czjx4rda7swlzql5d1cq90r8/match/view/bfd8y094gkhv6a5utax9xm1hw,0,1,0,0,0,0,0,3,2,0,0,0,0,0,3,-3,3,0,0,0,0,1.4,2.0,1.0,2.0,1.0,1.4,-0.4,4.0,0.2,0.4666666666666667,39,0.7333333333333334,1.6,2.0,2.0,1.0,2.0,1.2,0.8,1.8,0.0,0.5333333333333333,115,0.6666666666666666,1
1159,bem9hq33vzcjdcoqvul1ljtp0,2023,2023-04-23 19:00:00,2023,4,domingo,19,Goiás EC,SC Corinthians Paulista,Estádio Hailé Pinheiro (Serrinha),Bruno Arleu de Araújo,8.508,8508,23 de abril de 2023 19:00,3,1,home_win,0,https://optaplayerstats.statsperform.com/pt_BR/soccer/brasileir%C3%A3o-s%C3%A9rie-a-2023/czjx4rda7swlzql5d1cq90r8/match/view/bem9hq33vzcjdcoqvul1ljtp0,3,5,0,0,0,0,0,1,2,0,0,0,0,0,4,2,7,0,0,0,0,0.6,1.0,0.0,4.0,0.6,2.4,-1.8,2.4,0.4,0.2,39,0.3333333333333333,2.0,3.0,1.0,1.0,1.4,1.0,0.4,3.6,0.4,0.6666666666666666,115,0.6,1
1160,bfm8wj7lsdogklg4wmbgzwrh0,2023,2023-04-24 20:00:00,2023,4,segunda-feira,20,EC Bahia,Botafogo FR,Arena Fonte Nova,Raphael Claus,27.822,27822,24 de abril de 2023 20:00,1,2,away_win,2,https://optaplayerstats.statsperform.com/pt_BR/soccer/brasileir%C3%A3o-s%C3%A9rie-a-2023/czjx4rda7swlzql5d1cq90r8/match/view/bfm8wj7lsdogklg4wmbgzwrh0,1,1,0,0,0,0,0,2,2,0,0,0,0,0,3,-1,3,0,0,0,0,,,,,,,,,,,1,,1.8,3.0,0.0,2.0,1.4,1.2,0.2,2.4,0.0,0.6,39,0.6666666666666666,0
1161,bhvbnezrfg4bq726l5b130fmc,2023,2023-04-29 16:30:00,2023,4,sábado,16,Coritiba FBC,São Paulo FC,Couto Pereira,Rafael Rodrigo Klein,25.210,25210,29 de abril de 2023 16:30,1,1,draw,1,https://optaplayerstats.statsperform.com/pt_BR/soccer/brasileir%C3%A3o-s%C3%A9rie-a-2023/czjx4rda7swlzql5d1cq90r8/match/view/bhvbnezrfg4bq726l5b130fmc,1,4,0,0,0,0,0,1,1,0,0,0,0,0,2,0,5,0,0,0,0,0.8,1.0,1.0,3.0,0.8,2.0,-1.2,3.4,0.2,0.26666666666666666,40,0.5333333333333333,1.2,2.0,0.0,3.0,1.8,1.2,0.6,2.8,0.2,0.4,116,0.4666666666666666,1
1162,bi4d1tcyfmyhcaln9lugiv0gk,2023,2023-04-29 16:30:00,2023,4,sábado,16,Fortaleza EC,Fluminense FC,Castelão,Raphael Claus,39.943,39943,29 de abril de 2023 16:30,4,2,home_win,0,https://optaplayerstats.statsperform.com/pt_BR/soccer/brasileir%C3%A3o-s%C3%A9rie-a-2023/czjx4rda7swlzql5d1cq90r8/match/view/bi4d1tcyfmyhcaln9lugiv0gk,4,0,0,0,0,0,0,2,3,0,0,0,0,0,6,2,3,0,0,0,0,2.2,3.0,2.0,0.0,2.6,0.4,2.2,2.0,0.0,0.7333333333333333,116,0.6,3.0,5.0,0.0,0.0,2.4,0.2,2.2,2.4,0.0,1.0,116,1.0,1
1163,bgm8i2aoyru6huumqfsp45990,2023,2023-04-29 18:30:00,2023,4,sábado,18,SE Palmeiras,SC Corinthians Paulista,Allianz Parque,Wilton Pereira Sampaio,41.457,41457,29 de abril de 2023 18:30,2,1,home_win,0,https://optaplayerstats.statsperform.com/pt_BR/soccer/brasileir%C3%A3o-s%C3%A9rie-a-2023/czjx4rda7swlzql5d1cq90r8/match/view/bgm8i2aoyru6huumqfsp45990,2,4,0,0,0,0,0,1,3,0,0,0,0,1,3,1,7,0,0,0,1,1.6,2.0,2.0,1.0,1.4,1.6,-0.2,2.6,0.2,0.5333333333333333,116,0.8666666666666667,1.4,2.0,1.0,2.0,1.2,1.4,-0.2,3.8,0.4,0.4666666666666667,116,0.5333333333333333,1
1164,bgvbbvfgkdalywi9cwer5ah3o,2023,2023-04-29 18:30:00,2023,4,sábado,18,Santos FC Sao Paulo,América FC (Minas Gerais),Vila Belmiro,Anderson Daronco,11.844,11844,29 de abril de 2023 18:30,3,2,home_win,0,https://optaplayerstats.statsperform.com/pt_BR/soccer/brasileir%C3%A3o-s%C3%A9rie-a-2023/czjx4rda7swlzql5d1cq90r8/match/view/bgvbbvfgkdalywi9cwer5ah3o,3,3,1,0,1,1,0,2,4,0,0,0,0,0,5,1,7,1,1,1,0,0.4,0.0,2.0,3.0,0.2,1.4,-1.2,2.8,0.4,0.13333333333333333,116,0.3333333333333333,0.8,1.0,1.0,3.0,1.2,2.0,-0.8,2.6,0.0,0.26666666666666666,78,0.4666666666666666,1
1165,bh4f1p6leca2e8l3ksbdx711w,2023,2023-04-29 18:30:00,2023,4,sábado,18,Red Bull Bragantino,Cruzeiro EC,Nabizão,Braulio da Silva Machado,4.829,4829,29 de abril de 2023 18:30,0,3,away_win,2,https://optaplayerstats.statsperform.com/pt_BR/soccer/brasileir%C3%A3o-s%C3%A9rie-a-2023/czjx4rda7swlzql5d1cq90r8/match/view/bh4f1p6leca2e8l3ksbdx711w,0,4,1,1,2,0,0,3,3,0,0,0,0,0,3,-3,7,2,1,0,0,0.8,1.0,1.0,3.0,0.8,2.6,-1.8,3.8,0.0,0.26666666666666666,116,0.39999999999999997,,,,,,,,,,,2,,0
1166,bhdg1wj2ygvlus8c233wgd0yc,2023,2023-04-29 21:00:00,2023,4,sábado,21,Clube Atlético Mineiro,Club Athletico Paranaense,Estádio Raimundo Sampaio,Ramon Abatti,15.037,15037,29 de abril de 2023 21:00,2,1,home_win,0,https://optaplayerstats.statsperform.com/pt_BR/soccer/brasileir%C3%A3o-s%C3%A9rie-a-2023/czjx4rda7swlzql5d1cq90r8/match/view/bhdg1wj2ygvlus8c233wgd0yc,2,3,0,0,0,0,0,1,4,1,0,1,0,0,3,1,7,1,1,0,0,1.4,2.0,1.0,2.0,1.0,0.8,0.2,3.6,0.0,0.4666666666666667,116,0.4666666666666666,1.4,2.0,1.0,2.0,1.2,1.0,0.2,1.4,0.2,0.4666666666666667,116,0.06666666666666667,1
1167,bg4ao59ja7znoj0dbvebl9ono,2023,2023-04-30 16:00:00,2023,4,domingo,16,CR Flamengo,Botafogo FR,Estádio Jornalista Mário Filho (Maracanã),Edina Alves Batista,53.138,53138,30 de abril de 2023 16:00,2,3,away_win,2,https://optaplayerstats.statsperform.com/pt_BR/soccer/brasileir%C3%A3o-s%C3%A9rie-a-2023/czjx4rda7swlzql5d1cq90r8/match/view/bg4ao59ja7znoj0dbvebl9ono,2,4,0,0,0,0,0,3,4,1,1,2,1,0,5,-1,8,2,1,1,0,0.8,1.0,1.0,3.0,1.4,1.4,0.0,2.0,0.0,0.26666666666666666,116,0.6,2.4,4.0,0.0,1.0,1.8,1.0,0.8,2.6,0.0,0.8,40,0.6666666666666666,1
1168,bhmd8m4u4sk0un6wftbrxqdxw,2023,2023-04-30 18:30:00,2023,4,domingo,18,SC Internacional,Goiás EC,Beira-Rio,Rodrigo José Pereira de Lima,25.010,25010,30 de abril de 2023 18:30,1,0,home_win,0,https://optaplayerstats.statsperform.com/pt_BR/soccer/brasileir%C3%A3o-s%C3%A9rie-a-2023/czjx4rda7swlzql5d1cq90r8/match/view/bhmd8m4u4sk0un6wftbrxqdxw,1,4,0,0,0,0,0,0,1,0,1,1,0,0,1,1,5,1,1,0,0,2.6,4.0,1.0,0.0,1.8,0.4,1.4,2.4,0.0,0.8666666666666667,116,1.0,1.2,2.0,0.0,3.0,0.8,2.0,-1.2,3.2,0.4,0.4,40,0.19999999999999998,1
1169,bidghuewmr59inndk099mkis4,2023,2023-04-30 18:30:00,2023,4,domingo,18,Cuiabá EC,Grêmio FB Porto Alegrense,Arena Pantanal,Bruno Arleu de Araújo,21.385,21385,30 de abril de 2023 18:30,1,2,away_win,2,https://optaplayerstats.statsperform.com/pt_BR/soccer/brasileir%C3%A3o-s%C3%A9rie-a-2023/czjx4rda7swlzql5d1cq90r8/match/view/bidghuewmr59inndk099mkis4,1,4,0,1,1,0,0,2,5,0,0,0,0,0,3,-1,9,1,1,0,0,1.0,1.0,2.0,2.0,1.0,1.6,-0.6,3.0,0.4,0.3333333333333333,78,0.5333333333333333,,,,,,,,,,,2,,0
1170,bgd8hdo7x35krmwxn4qcdzims,2023,2023-05-01 20:00:00,2023,5,segunda-feira,20,CR Vasco da Gama,EC Bahia,São Januário,Flavio Rodrigues De Souza,19.223,19223,1 de maio de 2023 20:00,0,1,away_win,2,https://optaplayerstats.statsperform.com/pt_BR/soccer/brasileir%C3%A3o-s%C3%A9rie-a-2023/czjx4rda7swlzql5d1cq90r8/match/view/bgd8hdo7x35krmwxn4qcdzims,0,2,0,0,0,0,0,1,4,0,0,0,0,0,1,-1,6,0,0,0,0,,,,,,,,,,,2,,,,,,,,,,,,2,,0
1171,bjx5rdaxgo5gb45joanz4dwk4,2023,2023-05-06 16:00:00,2023,5,sábado,16,Cruzeiro EC,Santos FC Sao Paulo,Estádio Raimundo Sampaio,Bruno Arleu de Araújo,21.191,21191,6 de maio de 2023 16:00,2,1,home_win,0,https://optaplayerstats.statsperform.com/pt_BR/soccer/brasileir%C3%A3o-s%C3%A9rie-a-2023/czjx4rda7swlzql5d1cq90r8/match/view/bjx5rdaxgo5gb45joanz4dwk4,2,6,0,0,0,0,0,1,3,0,0,0,0,0,3,1,9,0,0,0,0,,,,,,,,,,,3,,0.8,1.0,1.0,3.0,0.6,1.6,-1.0,2.8,0.6,0.26666666666666666,117,0.39999999999999997,0
1172,bimf1o7kki2n55nd5jdrm4bo4,2023,2023-05-06 21:00:00,2023,5,sábado,21,Fluminense FC,CR Vasco da Gama,Estádio Jornalista Mário Filho (Maracanã),Wilton Pereira Sampaio,39.850,39850,6 de maio de 2023 21:00,1,1,draw,1,https://optaplayerstats.statsperform.com/pt_BR/soccer/brasileir%C3%A3o-s%C3%A9rie-a-2023/czjx4rda7swlzql5d1cq90r8/match/view/bimf1o7kki2n55nd5jdrm4bo4,1,4,0,0,0,0,0,1,3,0,0,0,0,0,2,0,7,0,0,0,0,2.4,4.0,0.0,1.0,2.2,0.8,1.4,2.8,0.0,0.8,117,0.6666666666666666,,,,,,,,,,,3,,0
1173,bkx4yng6gcn6f6sruft7tg4yc,2023,2023-05-07 11:00:00,2023,5,domingo,11,América FC (Minas Gerais),Cuiabá EC,Estádio Raimundo Sampaio,Denis Ribeiro Serafim,5.228,5228,7 de maio de 2023 11:00,1,2,away_win,2,https://optaplayerstats.statsperform.com/pt_BR/soccer/brasileir%C3%A3o-s%C3%A9rie-a-2023/czjx4rda7swlzql5d1cq90r8/match/view/bkx4yng6gcn6f6sruft7tg4yc,1,3,1,0,1,0,0,2,4,0,0,0,0,1,3,-1,7,1,1,0,1,0.2,0.0,1.0,4.0,0.8,2.4,-1.6,3.0,0.0,0.06666666666666667,79,0.26666666666666666,0.8,1.0,1.0,3.0,1.0,1.8,-0.8,3.2,0.4,0.26666666666666666,79,0.26666666666666666,1
1174,bj67bypy0n0dpw3s92y0jts0k,2023,2023-05-07 16:00:00,2023,5,domingo,16,São Paulo FC,SC Internacional,Morumbi,Braulio da Silva Machado,46.093,46093,7 de maio de 2023 16:00,2,0,home_win,0,https://optaplayerstats.statsperform.com/pt_BR/soccer/brasileir%C3%A3o-s%C3%A9rie-a-2023/czjx4rda7swlzql5d1cq90r8/match/view/bj67bypy0n0dpw3s92y0jts0k,2,3,0,0,0,0,0,0,4,0,0,0,0,0,2,2,7,0,0,0,0,1.4,2.0,1.0,2.0,1.8,0.8,1.0,2.8,0.0,0.4666666666666667,117,0.6666666666666666,2.6,4.0,1.0,0.0,1.6,0.4,1.2,3.2,0.0,0.8666666666666667,117,0.5333333333333333,1
1175,bkf99nb7r87yszrhuhb6onqj8,2023,2023-05-07 16:00:00,2023,5,domingo,16,Club Athletico Paranaense,CR Flamengo,Arena da Baixada,Raphael Claus,32.015,32015,7 de maio de 2023 16:00,2,1,home_win,0,https://optaplayerstats.statsperform.com/pt_BR/soccer/brasileir%C3%A3o-s%C3%A9rie-a-2023/czjx4rda7swlzql5d1cq90r8/match/view/bkf99nb7r87yszrhuhb6onqj8,2,2,0,0,0,0,0,1,2,0,0,0,1,0,3,1,4,0,0,1,0,1.4,2.0,1.0,2.0,1.4,1.0,0.4,2.0,0.2,0.4666666666666667,117,0.7999999999999999,0.8,1.0,1.0,3.0,1.8,1.8,0.0,2.2,0.0,0.26666666666666666,117,0.4666666666666666,1
1176,bko7dfaxe25vbyrqigc0cg4d0,2023,2023-05-07 16:00:00,2023,5,domingo,16,EC Bahia,Coritiba FBC,Arena Fonte Nova,Bruno Mota Correia,37.621,37621,7 de maio de 2023 16:00,3,1,home_win,0,https://optaplayerstats.statsperform.com/pt_BR/soccer/brasileir%C3%A3o-s%C3%A9rie-a-2023/czjx4rda7swlzql5d1cq90r8/match/view/bko7dfaxe25vbyrqigc0cg4d0,3,2,0,0,0,0,1,1,7,0,0,0,0,0,4,2,9,0,0,0,1,,,,,,,,,,,3,,0.4,0.0,2.0,3.0,0.8,2.2,-1.4,3.2,0.2,0.13333333333333333,41,0.19999999999999998,0
1177,bix6lzv22htysngvp2gkcw6qc,2023,2023-05-07 18:30:00,2023,5,domingo,18,Botafogo FR,Clube Atlético Mineiro,Estádio Nilton Santos,Flavio Rodrigues De Souza,18.218,18218,7 de maio de 2023 18:30,2,0,home_win,0,https://optaplayerstats.statsperform.com/pt_BR/soccer/brasileir%C3%A3o-s%C3%A9rie-a-2023/czjx4rda7swlzql5d1cq90r8/match/view/bix6lzv22htysngvp2gkcw6qc,2,1,0,0,0,0,0,0,3,0,0,0,0,0,2,2,4,0,0,0,0,2.4,4.0,0.0,1.0,2.0,1.4,0.6,2.4,0.4,0.8,41,0.6,2.0,3.0,1.0,1.0,1.4,0.6,0.8,3.8,0.0,0.6666666666666666,117,0.39999999999999997,1
1178,bjo789r2b5e9bmls0hjfhjpqs,2023,2023-05-07 18:30:00,2023,5,domingo,18,Goiás EC,SE Palmeiras,Estádio Hailé Pinheiro (Serrinha),Wagner do Nascimento Magalhaes,13.789,13789,7 de maio de 2023 18:30,0,5,away_win,2,https://optaplayerstats.statsperform.com/pt_BR/soccer/brasileir%C3%A3o-s%C3%A9rie-a-2023/czjx4rda7swlzql5d1cq90r8/match/view/bjo789r2b5e9bmls0hjfhjpqs,0,2,1,0,1,0,0,5,6,0,0,0,0,1,5,-5,8,1,1,0,1,0.6,1.0,0.0,4.0,0.6,2.2,-1.6,2.6,0.6,0.2,41,0.5333333333333333,2.0,3.0,1.0,1.0,1.6,1.6,0.0,3.4,0.2,0.6666666666666666,117,0.39999999999999997,1
1179,bk66o83hfq1ifwk4kqpruq1w4,2023,2023-05-07 18:30:00,2023,5,domingo,18,Grêmio FB Porto Alegrense,Red Bull Bragantino,Arena do Grêmio,Paulo Cesar Zanovelli da Silva,21.862,21862,7 de maio de 2023 18:30,3,3,draw,1,https://optaplayerstats.statsperform.com/pt_BR/soccer/brasileir%C3%A3o-s%C3%A9rie-a-2023/czjx4rda7swlzql5d1cq90r8/match/view/bk66o83hfq1ifwk4kqpruq1w4,3,5,0,0,0,1,0,3,2,0,0,0,0,0,6,0,7,0,0,1,0,,,,,,,,,,,3,,0.8,1.0,1.0,3.0,0.6,2.4,-1.8,3.4,0.4,0.26666666666666666,117,0.26666666666666666,0
1180,bjf96xo1obwdym6i4lb4w8mxg,2023,2023-05-08 20:00:00,2023,5,segunda-feira,20,SC Corinthians Paulista,Fortaleza EC,Neo Química Arena,Ramon Abatti,36.264,36264,8 de maio de 2023 20:00,1,1,draw,1,https://optaplayerstats.statsperform.com/pt_BR/soccer/brasileir%C3%A3o-s%C3%A9rie-a-2023/czjx4rda7swlzql5d1cq90r8/match/view/bjf96xo1obwdym6i4lb4w8mxg,1,2,0,0,0,0,0,1,2,0,0,0,0,0,2,0,4,0,0,0,0,0.8,1.0,1.0,3.0,1.2,1.8,-0.6,3.6,0.4,0.26666666666666666,117,0.6,2.6,4.0,1.0,0.0,3.2,0.6,2.6,1.6,0.0,0.8666666666666667,117,0.6666666666666666,1
1181,blxd0qb1ksiq0wbyd2t35g07o,2023,2023-05-10 19:00:00,2023,5,quarta-feira,19,Santos FC Sao Paulo,EC Bahia,Vila Belmiro,Wagner do Nascimento Magalhaes,13.865,13865,10 de maio de 2023 19:00,3,0,home_win,0,https://optaplayerstats.statsperform.com/pt_BR/soccer/brasileir%C3%A3o-s%C3%A9rie-a-2023/czjx4rda7swlzql5d1cq90r8/match/view/blxd0qb1ksiq0wbyd2t35g07o,3,3,0,0,0,0,0,0,4,0,0,0,0,0,3,3,7,0,0,0,0,0.8,1.0,1.0,3.0,0.8,1.4,-0.6,2.6,0.4,0.26666666666666666,118,0.3333333333333333,,,,,,,,,,,4,,0
1182,bm6a9kq2d5aba5s53gfr6giz8,2023,2023-05-10 19:00:00,2023,5,quarta-feira,19,Red Bull Bragantino,América FC (Minas Gerais),Nabizão,Rafael Rodrigo Klein,2.909,2909,10 de maio de 2023 19:00,2,2,draw,1,https://optaplayerstats.statsperform.com/pt_BR/soccer/brasileir%C3%A3o-s%C3%A9rie-a-2023/czjx4rda7swlzql5d1cq90r8/match/view/bm6a9kq2d5aba5s53gfr6giz8,2,5,0,0,0,0,0,2,3,0,0,0,2,0,4,0,8,0,0,1,0,1.0,1.0,2.0,2.0,1.2,1.8,-0.6,3.0,0.4,0.3333333333333333,118,0.39999999999999997,0.2,0.0,1.0,4.0,0.8,2.4,-1.6,3.2,0.2,0.06666666666666667,80,0.26666666666666666,1
1183,bmo637afw02egq7litnu5t3x0,2023,2023-05-10 19:00:00,2023,5,quarta-feira,19,SC Internacional,Club Athletico Paranaense,Beira-Rio,Bruno Arleu de Araújo,13.537,13537,10 de maio de 2023 19:00,0,2,away_win,2,https://optaplayerstats.statsperform.com/pt_BR/soccer/brasileir%C3%A3o-s%C3%A9rie-a-2023/czjx4rda7swlzql5d1cq90r8/match/view/bmo637afw02egq7litnu5t3x0,0,2,0,0,0,0,0,2,4,0,0,0,0,0,2,-2,6,0,0,0,0,2.0,3.0,1.0,1.0,1.4,0.8,0.6,3.0,0.0,0.6666666666666666,118,1.0,1.8,3.0,0.0,2.0,1.6,1.0,0.6,2.4,0.2,0.6,118,0.06666666666666667,1
1184,bl69ozrsa8uni1ckomdbbiyhg,2023,2023-05-10 20:00:00,2023,5,quarta-feira,20,CR Flamengo,Goiás EC,Estádio Jornalista Mário Filho (Maracanã),Sávio Pereira Sampaio,44.948,44948,10 de maio de 2023 20:00,2,0,home_win,0,https://optaplayerstats.statsperform.com/pt_BR/soccer/brasileir%C3%A3o-s%C3%A9rie-a-2023/czjx4rda7swlzql5d1cq90r8/match/view/bl69ozrsa8uni1ckomdbbiyhg,2,0,0,0,0,1,0,0,1,0,0,0,0,0,2,2,1,0,0,1,0,0.6,1.0,0.0,4.0,1.6,1.8,-0.2,2.0,0.0,0.2,118,0.39999999999999997,0.6,1.0,0.0,4.0,0.6,2.6,-2.0,2.6,0.4,0.2,42,0.19999999999999998,1
1185,bngwxgxifx08lm689rz42fh1w,2023,2023-05-10 20:00:00,2023,5,quarta-feira,20,Cuiabá EC,Clube Atlético Mineiro,Arena Pantanal,Wilton Pereira Sampaio,12.029,12029,10 de maio de 2023 20:00,0,4,away_win,2,https://optaplayerstats.statsperform.com/pt_BR/soccer/brasileir%C3%A3o-s%C3%A9rie-a-2023/czjx4rda7swlzql5d1cq90r8/match/view/bngwxgxifx08lm689rz42fh1w,0,1,0,0,0,0,0,4,2,0,0,0,1,0,4,-4,3,0,0,1,0,1.4,2.0,1.0,2.0,1.4,1.4,0.0,3.2,0.4,0.4666666666666667,80,0.5333333333333333,1.4,2.0,1.0,2.0,0.8,1.0,-0.2,4.2,0.0,0.4666666666666667,118,0.39999999999999997,1
1186,blo9yt2kxbix8p2pub62rlm38,2023,2023-05-10 21:30:00,2023,5,quarta-feira,21,SE Palmeiras,Grêmio FB Porto Alegrense,Allianz Parque,Braulio da Silva Machado,37.532,37532,10 de maio de 2023 21:30,4,1,home_win,0,https://optaplayerstats.statsperform.com/pt_BR/soccer/brasileir%C3%A3o-s%C3%A9rie-a-2023/czjx4rda7swlzql5d1cq90r8/match/view/blo9yt2kxbix8p2pub62rlm38,4,2,0,0,0,1,0,1,4,0,0,0,0,0,5,3,6,0,0,1,0,2.0,3.0,1.0,1.0,2.2,1.4,0.8,3.8,0.2,0.6666666666666666,118,1.0,,,,,,,,,,,4,,0
1187,bmf94ggcliumudceziue1rtas,2023,2023-05-10 21:30:00,2023,5,quarta-feira,21,Cruzeiro EC,Fluminense FC,Mineirão,Flavio Rodrigues De Souza,51.846,51846,10 de maio de 2023 21:30,0,2,away_win,2,https://optaplayerstats.statsperform.com/pt_BR/soccer/brasileir%C3%A3o-s%C3%A9rie-a-2023/czjx4rda7swlzql5d1cq90r8/match/view/bmf94ggcliumudceziue1rtas,0,1,0,0,0,0,0,2,6,1,0,1,0,0,2,-2,7,1,1,0,0,,,,,,,,,,,4,,2.0,3.0,1.0,1.0,1.8,1.0,0.8,2.8,0.0,0.6666666666666666,118,0.7999999999999999,0
1188,bmx30ix0rsk1wtf15ovf8qyok,2023,2023-05-11 19:00:00,2023,5,quinta-feira,19,Coritiba FBC,CR Vasco da Gama,Couto Pereira,Ramon Abatti,19.111,19111,11 de maio de 2023 19:00,1,1,draw,1,https://optaplayerstats.statsperform.com/pt_BR/soccer/brasileir%C3%A3o-s%C3%A9rie-a-2023/czjx4rda7swlzql5d1cq90r8/match/view/bmx30ix0rsk1wtf15ovf8qyok,1,2,0,0,0,0,0,1,1,0,0,0,0,0,2,0,3,0,0,0,0,0.2,0.0,1.0,4.0,0.6,2.4,-1.8,3.8,0.2,0.06666666666666667,42,0.39999999999999997,,,,,,,,,,,4,,0
1189,blf7no9kyg6z2jqpydgsse0ic,2023,2023-05-11 19:30:00,2023,5,quinta-feira,19,Botafogo FR,SC Corinthians Paulista,Estádio Nilton Santos,Anderson Daronco,22.388,22388,11 de maio de 2023 19:30,3,0,home_win,0,https://optaplayerstats.statsperform.com/pt_BR/soccer/brasileir%C3%A3o-s%C3%A9rie-a-2023/czjx4rda7swlzql5d1cq90r8/match/view/blf7no9kyg6z2jqpydgsse0ic,3,1,0,0,0,1,0,0,2,0,0,0,0,0,3,3,3,0,0,1,0,2.4,4.0,0.0,1.0,1.8,1.4,0.4,2.2,0.4,0.8,42,0.7999999999999999,0.8,1.0,1.0,3.0,1.0,1.6,-0.6,2.8,0.0,0.26666666666666666,118,0.3333333333333333,1
1190,bn7waazvmf23ej2ods8zzb0gk,2023,2023-05-11 20:00:00,2023,5,quinta-feira,20,Fortaleza EC,São Paulo FC,Castelão,Paulo Cesar Zanovelli da Silva,37.775,37775,11 de maio de 2023 20:00,0,0,draw,1,https://optaplayerstats.statsperform.com/pt_BR/soccer/brasileir%C3%A3o-s%C3%A9rie-a-2023/czjx4rda7swlzql5d1cq90r8/match/view/bn7waazvmf23ej2ods8zzb0gk,0,2,0,1,1,0,0,0,4,0,1,1,0,0,0,0,6,2,1,0,0,2.2,3.0,2.0,0.0,2.2,0.8,1.4,1.8,0.0,0.7333333333333333,118,0.7333333333333334,2.0,3.0,1.0,1.0,2.2,0.6,1.6,2.6,0.0,0.6666666666666666,118,0.4666666666666666,1
1191,bpq9mucxiv9v7yptsqbl7vxg4,2023,2023-05-13 16:00:00,2023,5,sábado,16,EC Bahia,CR Flamengo,Arena Fonte Nova,Paulo Cesar Zanovelli da Silva,47.655,47655,13 de maio de 2023 16:00,2,3,away_win,2,https://optaplayerstats.statsperform.com/pt_BR/soccer/brasileir%C3%A3o-s%C3%A9rie-a-2023/czjx4rda7swlzql5d1cq90r8/match/view/bpq9mucxiv9v7yptsqbl7vxg4,2,6,0,2,2,0,0,3,5,0,0,0,1,0,5,-1,11,2,1,1,0,1.2,2.0,0.0,3.0,1.2,1.6,-0.4,2.4,0.0,0.4,5,,1.2,2.0,0.0,3.0,1.8,1.4,0.4,2.0,0.0,0.4,119,0.26666666666666666,1
1192,bnpwb7lomte0i4t1x9b3nd9uc,2023,2023-05-13 18:30:00,2023,5,sábado,18,Fluminense FC,Cuiabá EC,Estádio Jornalista Mário Filho (Maracanã),Edina Alves Batista,39.040,39040,13 de maio de 2023 18:30,2,0,home_win,0,https://optaplayerstats.statsperform.com/pt_BR/soccer/brasileir%C3%A3o-s%C3%A9rie-a-2023/czjx4rda7swlzql5d1cq90r8/match/view/bnpwb7lomte0i4t1x9b3nd9uc,2,3,0,0,0,0,0,0,4,0,0,0,0,0,2,2,7,0,0,0,0,2.0,3.0,1.0,1.0,2.0,1.0,1.0,3.6,0.2,0.6666666666666666,119,0.7333333333333334,0.8,1.0,1.0,3.0,1.0,2.0,-1.0,3.2,0.4,0.26666666666666666,81,0.4666666666666666,1
1193,bo7xlsuxg3thnurwtzmc40mj8,2023,2023-05-13 18:30:00,2023,5,sábado,18,SE Palmeiras,Red Bull Bragantino,Allianz Parque,Sávio Pereira Sampaio,39.488,39488,13 de maio de 2023 18:30,1,1,draw,1,https://optaplayerstats.statsperform.com/pt_BR/soccer/brasileir%C3%A3o-s%C3%A9rie-a-2023/czjx4rda7swlzql5d1cq90r8/match/view/bo7xlsuxg3thnurwtzmc40mj8,1,2,0,0,0,0,0,1,4,0,0,0,0,0,2,0,6,0,0,0,0,2.6,4.0,1.0,0.0,3.0,1.0,2.0,3.6,0.2,0.8666666666666667,119,1.0,1.2,1.0,3.0,1.0,1.6,2.0,-0.4,3.4,0.4,0.4,119,0.3333333333333333,1
1194,boyu1wlwoyli0vmuch0ys5t04,2023,2023-05-13 21:00:00,2023,5,sábado,21,Clube Atlético Mineiro,SC Internacional,Mineirão,Raphael Claus,36.080,36080,13 de maio de 2023 21:00,2,0,home_win,0,https://optaplayerstats.statsperform.com/pt_BR/soccer/brasileir%C3%A3o-s%C3%A9rie-a-2023/czjx4rda7swlzql5d1cq90r8/match/view/boyu1wlwoyli0vmuch0ys5t04,2,2,0,0,0,0,0,0,3,0,0,0,0,0,2,2,5,0,0,0,0,1.4,2.0,1.0,2.0,1.4,1.0,0.4,3.4,0.0,0.4666666666666667,119,0.6,1.4,2.0,1.0,2.0,0.8,1.2,-0.4,3.0,0.0,0.4666666666666667,119,0.3333333333333333,1
1195,bnyuv8nih8thpx6b16n74rv2s,2023,2023-05-14 16:00:00,2023,5,domingo,16,CR Vasco da Gama,Santos FC Sao Paulo,São Januário,Rodrigo José Pereira de Lima,19.108,19108,14 de maio de 2023 16:00,0,1,away_win,2,https://optaplayerstats.statsperform.com/pt_BR/soccer/brasileir%C3%A3o-s%C3%A9rie-a-2023/czjx4rda7swlzql5d1cq90r8/match/view/bnyuv8nih8thpx6b16n74rv2s,0,4,0,0,0,0,0,1,2,0,0,0,0,0,1,-1,6,0,0,0,0,1.2,1.0,3.0,1.0,1.2,1.2,0.0,3.0,0.2,0.4,5,,1.4,2.0,1.0,2.0,1.4,1.0,0.4,3.0,0.4,0.4666666666666667,119,0.19999999999999998,1
1196,boguox5tfy2d4acezmficbllg,2023,2023-05-14 16:00:00,2023,5,domingo,16,SC Corinthians Paulista,São Paulo FC,Neo Química Arena,Bruno Arleu de Araújo,41.118,41118,14 de maio de 2023 16:00,1,1,draw,1,https://optaplayerstats.statsperform.com/pt_BR/soccer/brasileir%C3%A3o-s%C3%A9rie-a-2023/czjx4rda7swlzql5d1cq90r8/match/view/boguox5tfy2d4acezmficbllg,1,2,0,0,0,1,0,1,4,0,0,0,0,0,2,0,6,0,0,1,0,0.8,1.0,1.0,3.0,1.0,2.0,-1.0,2.6,0.0,0.26666666666666666,119,0.4666666666666666,1.6,2.0,2.0,1.0,1.4,0.6,0.8,3.2,0.2,0.5333333333333333,119,0.3333333333333333,1
1197,bp7wj2esbd7bdsef2qv4sv4t0,2023,2023-05-14 16:00:00,2023,5,domingo,16,Grêmio FB Porto Alegrense,Fortaleza EC,Arena do Grêmio,Bruno Mota Correia,17.396,17396,14 de maio de 2023 16:00,0,0,draw,1,https://optaplayerstats.statsperform.com/pt_BR/soccer/brasileir%C3%A3o-s%C3%A9rie-a-2023/czjx4rda7swlzql5d1cq90r8/match/view/bp7wj2esbd7bdsef2qv4sv4t0,0,3,0,0,0,0,0,0,4,0,0,0,0,0,0,0,7,0,0,0,0,1.4,2.0,1.0,2.0,1.4,1.8,-0.4,3.8,0.0,0.4666666666666667,5,,1.8,2.0,3.0,0.0,1.8,0.8,1.0,1.6,0.2,0.6,119,0.6666666666666666,1
1198,boputnaxp60dpiqamhuhjp0k4,2023,2023-05-14 18:30:00,2023,5,domingo,18,Goiás EC,Botafogo FR,Estádio Hailé Pinheiro (Serrinha),Rafael Rodrigo Klein,9.092,9092,14 de maio de 2023 18:30,2,1,home_win,0,https://optaplayerstats.statsperform.com/pt_BR/soccer/brasileir%C3%A3o-s%C3%A9rie-a-2023/czjx4rda7swlzql5d1cq90r8/match/view/boputnaxp60dpiqamhuhjp0k4,2,6,0,0,0,0,0,1,3,0,0,0,1,0,3,1,9,0,0,1,0,0.6,1.0,0.0,4.0,0.6,2.2,-1.6,2.4,0.4,0.2,43,0.4666666666666666,3.0,5.0,0.0,0.0,2.4,0.8,1.6,2.2,0.4,1.0,43,0.6666666666666666,1
1199,bph6w4lsv0lftr2js7nkz83dg,2023,2023-05-14 18:30:00,2023,5,domingo,18,Club Athletico Paranaense,Coritiba FBC,Arena da Baixada,Flavio Rodrigues De Souza,30.330,30330,14 de maio de 2023 18:30,3,2,home_win,0,https://optaplayerstats.statsperform.com/pt_BR/soccer/brasileir%C3%A3o-s%C3%A9rie-a-2023/czjx4rda7swlzql5d1cq90r8/match/view/bph6w4lsv0lftr2js7nkz83dg,3,3,0,0,0,0,0,2,3,0,0,0,0,0,5,1,6,0,0,0,0,1.8,3.0,0.0,2.0,1.4,1.0,0.4,3.0,0.2,0.6,119,0.7999999999999999,0.4,0.0,2.0,3.0,0.6,2.2,-1.6,3.4,0.0,0.13333333333333333,43,0.19999999999999998,1
1200,bpz7kbr3swt09zzabsa69q6tw,2023,2023-05-14 18:30:00,2023,5,domingo,18,América FC (Minas Gerais),Cruzeiro EC,Estádio Raimundo Sampaio,Wilton Pereira Sampaio,4.295,4295,14 de maio de 2023 18:30,0,4,away_win,2,https://optaplayerstats.statsperform.com/pt_BR/soccer/brasileir%C3%A3o-s%C3%A9rie-a-2023/czjx4rda7swlzql5d1cq90r8/match/view/bpz7kbr3swt09zzabsa69q6tw,0,2,0,0,0,0,0,4,0,0,0,0,0,0,4,-4,2,0,0,0,0,0.2,0.0,1.0,4.0,1.0,2.6,-1.6,3.2,0.2,0.06666666666666667,81,0.26666666666666666,1.8,3.0,0.0,2.0,1.4,1.0,0.4,3.4,0.2,0.6,5,,1
1201,bsaehmlw3qusdjaakn4gu9clw,2023,2023-05-20 16:00:00,2023,5,sábado,16,EC Bahia,Goiás EC,Arena Fonte Nova,Denis Ribeiro Serafim,32.519,32519,20 de maio de 2023 16:00,1,1,draw,1,https://optaplayerstats.statsperform.com/pt_BR/soccer/brasileir%C3%A3o-s%C3%A9rie-a-2023/czjx4rda7swlzql5d1cq90r8/match/view/bsaehmlw3qusdjaakn4gu9clw,1,1,0,0,0,0,0,1,4,0,0,0,0,0,2,0,5,0,0,0,0,1.2,2.0,0.0,3.0,1.4,1.8,-0.4,3.4,0.4,0.4,6,0.3333333333333333,1.2,2.0,0.0,3.0,1.0,2.0,-1.0,3.0,0.4,0.4,44,0.0,1
1202,bqhawcfxwg30ep35c296wdono,2023,2023-05-20 18:30:00,2023,5,sábado,18,Botafogo FR,Fluminense FC,Estádio Nilton Santos,Braulio da Silva Machado,24.732,24732,20 de maio de 2023 18:30,1,0,home_win,0,https://optaplayerstats.statsperform.com/pt_BR/soccer/brasileir%C3%A3o-s%C3%A9rie-a-2023/czjx4rda7swlzql5d1cq90r8/match/view/bqhawcfxwg30ep35c296wdono,1,5,0,0,0,0,0,0,2,1,0,1,0,0,1,1,7,1,1,0,0,2.4,4.0,0.0,1.0,2.2,1.0,1.2,2.2,0.4,0.8,44,0.7999999999999999,2.0,3.0,1.0,1.0,1.8,1.0,0.8,3.8,0.2,0.6666666666666666,120,0.7999999999999999,1
1203,bqqegzhxvdf946g5q79dajg2c,2023,2023-05-20 18:30:00,2023,5,sábado,18,São Paulo FC,CR Vasco da Gama,Morumbi,Leandro Pedro Vuaden,57.399,57399,20 de maio de 2023 18:30,4,2,home_win,0,https://optaplayerstats.statsperform.com/pt_BR/soccer/brasileir%C3%A3o-s%C3%A9rie-a-2023/czjx4rda7swlzql5d1cq90r8/match/view/bqqegzhxvdf946g5q79dajg2c,4,0,0,0,0,0,0,2,4,0,0,0,0,0,6,2,4,0,0,0,0,1.8,2.0,3.0,0.0,1.4,0.4,1.0,3.6,0.2,0.6,120,0.6666666666666666,0.6,0.0,3.0,2.0,0.8,1.2,-0.4,2.8,0.0,0.2,6,0.5555555555555556,1
1204,br8kl1ne4x4db4eslsvo46y38,2023,2023-05-20 18:30:00,2023,5,sábado,18,Red Bull Bragantino,Club Athletico Paranaense,Nabizão,Felipe Fernandes de Lima,3.769,3769,20 de maio de 2023 18:30,2,0,home_win,0,https://optaplayerstats.statsperform.com/pt_BR/soccer/brasileir%C3%A3o-s%C3%A9rie-a-2023/czjx4rda7swlzql5d1cq90r8/match/view/br8kl1ne4x4db4eslsvo46y38,2,3,0,0,0,0,0,0,3,0,0,0,0,0,2,2,6,0,0,0,0,0.8,0.0,4.0,1.0,1.4,2.0,-0.6,3.6,0.4,0.26666666666666666,120,0.26666666666666666,1.8,3.0,0.0,2.0,1.6,1.4,0.2,3.2,0.2,0.6,120,0.26666666666666666,1
1205,bs1bjt0vxf5hmlvq7shhq69zo,2023,2023-05-20 18:30:00,2023,5,sábado,18,Coritiba FBC,Clube Atlético Mineiro,Couto Pereira,Rodrigo José Pereira de Lima,18.275,18275,20 de maio de 2023 18:30,1,2,away_win,2,https://optaplayerstats.statsperform.com/pt_BR/soccer/brasileir%C3%A3o-s%C3%A9rie-a-2023/czjx4rda7swlzql5d1cq90r8/match/view/bs1bjt0vxf5hmlvq7shhq69zo,1,4,0,1,1,1,0,2,7,0,1,1,1,0,3,-1,11,2,1,1,0,0.4,0.0,2.0,3.0,1.0,2.2,-1.2,3.4,0.0,0.13333333333333333,44,0.39999999999999997,2.0,3.0,1.0,1.0,1.6,0.6,1.0,2.6,0.0,0.6666666666666666,120,0.5333333333333333,1
1206,bsjj33yu1gl16ytyi0cvblez8,2023,2023-05-20 18:30:00,2023,5,sábado,18,América FC (Minas Gerais),Fortaleza EC,Estádio Raimundo Sampaio,Luiz Flávio de Oliveira,2.488,2488,20 de maio de 2023 18:30,2,1,home_win,0,https://optaplayerstats.statsperform.com/pt_BR/soccer/brasileir%C3%A3o-s%C3%A9rie-a-2023/czjx4rda7swlzql5d1cq90r8/match/view/bsjj33yu1gl16ytyi0cvblez8,2,4,0,0,0,0,0,1,2,0,0,0,0,0,3,1,6,0,0,0,0,0.2,0.0,1.0,4.0,1.0,2.8,-1.8,3.0,0.2,0.06666666666666667,82,0.26666666666666666,1.8,2.0,3.0,0.0,1.6,0.6,1.0,2.0,0.2,0.6,120,0.5333333333333333,1
1207,bqzjew2vrr36dycte0sp68r9w,2023,2023-05-20 21:00:00,2023,5,sábado,21,Santos FC Sao Paulo,SE Palmeiras,Vila Belmiro,Raphael Claus,12.641,12641,20 de maio de 2023 21:00,0,0,draw,1,https://optaplayerstats.statsperform.com/pt_BR/soccer/brasileir%C3%A3o-s%C3%A9rie-a-2023/czjx4rda7swlzql5d1cq90r8/match/view/bqzjew2vrr36dycte0sp68r9w,0,3,0,0,0,0,0,0,1,0,0,0,0,0,0,0,4,0,0,0,0,2.0,3.0,1.0,1.0,1.6,0.8,0.8,2.8,0.2,0.6666666666666666,120,0.5333333333333333,2.2,3.0,2.0,0.0,2.8,1.0,1.8,3.4,0.0,0.7333333333333333,120,0.5333333333333333,1
1208,bq87hxfayrx0ymzj4tj5rih3o,2023,2023-05-21 16:00:00,2023,5,domingo,16,CR Flamengo,SC Corinthians Paulista,Estádio Jornalista Mário Filho (Maracanã),Rafael Rodrigo Klein,64.871,64871,21 de maio de 2023 16:00,1,0,home_win,0,https://optaplayerstats.statsperform.com/pt_BR/soccer/brasileir%C3%A3o-s%C3%A9rie-a-2023/czjx4rda7swlzql5d1cq90r8/match/view/bq87hxfayrx0ymzj4tj5rih3o,1,0,0,0,0,0,0,0,2,0,0,0,0,0,1,1,2,0,0,0,0,1.2,2.0,0.0,3.0,1.8,1.8,0.0,2.4,0.0,0.4,120,0.39999999999999997,0.4,0.0,2.0,3.0,0.8,2.0,-1.2,2.2,0.0,0.13333333333333333,120,0.26666666666666666,1
1209,brs9eurhb2ru3i0zdwlz1vh90,2023,2023-05-21 18:30:00,2023,5,domingo,18,Grêmio FB Porto Alegrense,SC Internacional,Arena do Grêmio,Flavio Rodrigues De Souza,36.701,36701,21 de maio de 2023 18:30,3,1,home_win,0,https://optaplayerstats.statsperform.com/pt_BR/soccer/brasileir%C3%A3o-s%C3%A9rie-a-2023/czjx4rda7swlzql5d1cq90r8/match/view/brs9eurhb2ru3i0zdwlz1vh90,3,1,0,1,1,0,0,1,1,0,0,0,0,0,4,2,2,1,1,0,0,1.0,1.0,2.0,2.0,1.2,1.8,-0.6,3.8,0.0,0.3333333333333333,6,0.5555555555555556,1.2,2.0,0.0,3.0,0.6,1.4,-0.8,3.4,0.0,0.4,120,0.26666666666666666,1
1210,brj9yd36q6l64gpuix3pvm87o,2023,2023-05-22 20:00:00,2023,5,segunda-feira,20,Cruzeiro EC,Cuiabá EC,Arena do Jacaré,Sávio Pereira Sampaio,15.722,15722,22 de maio de 2023 20:00,0,1,away_win,2,https://optaplayerstats.statsperform.com/pt_BR/soccer/brasileir%C3%A3o-s%C3%A9rie-a-2023/czjx4rda7swlzql5d1cq90r8/match/view/brj9yd36q6l64gpuix3pvm87o,0,1,0,0,0,0,0,1,3,0,0,0,0,0,1,-1,4,0,0,0,0,2.4,4.0,0.0,1.0,2.0,0.6,1.4,3.0,0.2,0.8,6,0.6666666666666666,0.8,1.0,1.0,3.0,0.8,2.0,-1.2,3.2,0.2,0.26666666666666666,82,0.39999999999999997,1
1211,buktrbgou2jvf53r8w3vexlp0,2023,2023-05-27 16:00:00,2023,5,sábado,16,Club Athletico Paranaense,Grêmio FB Porto Alegrense,Arena da Baixada,Sávio Pereira Sampaio,25.966,25966,27 de maio de 2023 16:00,1,2,away_win,2,https://optaplayerstats.statsperform.com/pt_BR/soccer/brasileir%C3%A3o-s%C3%A9rie-a-2023/czjx4rda7swlzql5d1cq90r8/match/view/buktrbgou2jvf53r8w3vexlp0,1,2,0,0,0,0,0,2,4,0,0,0,0,0,3,-1,6,0,0,0,0,1.8,3.0,0.0,2.0,1.6,1.4,0.2,3.2,0.2,0.6,121,1.0,1.6,2.0,2.0,1.0,1.8,1.8,0.0,3.6,0.2,0.5333333333333333,7,0.3333333333333333,1
1212,buty8fcu2f90ehy3jxcjrzzmc,2023,2023-05-27 16:00:00,2023,5,sábado,16,Fortaleza EC,CR Vasco da Gama,Castelão,Edina Alves Batista,37.625,37625,27 de maio de 2023 16:00,2,0,home_win,0,https://optaplayerstats.statsperform.com/pt_BR/soccer/brasileir%C3%A3o-s%C3%A9rie-a-2023/czjx4rda7swlzql5d1cq90r8/match/view/buty8fcu2f90ehy3jxcjrzzmc,2,3,0,0,0,0,0,0,1,0,0,0,0,0,2,2,4,0,0,0,0,1.2,1.0,3.0,1.0,1.2,1.0,0.2,2.0,0.2,0.4,121,0.6,0.4,0.0,2.0,3.0,0.8,1.6,-0.8,2.8,0.0,0.13333333333333333,7,0.4166666666666667,1
1213,bssp4nznk8gxth02iwy3oc4k4,2023,2023-05-27 18:30:00,2023,5,sábado,18,CR Flamengo,Cruzeiro EC,Estádio Jornalista Mário Filho (Maracanã),Luiz Flávio de Oliveira,65.270,65270,27 de maio de 2023 18:30,1,1,draw,1,https://optaplayerstats.statsperform.com/pt_BR/soccer/brasileir%C3%A3o-s%C3%A9rie-a-2023/czjx4rda7swlzql5d1cq90r8/match/view/bssp4nznk8gxth02iwy3oc4k4,1,4,0,0,0,0,0,1,5,0,0,0,0,0,2,0,9,0,0,0,0,1.8,3.0,0.0,2.0,1.8,1.4,0.4,2.2,0.0,0.6,121,0.6,1.8,3.0,0.0,2.0,1.8,0.8,1.0,2.2,0.0,0.6,7,0.6666666666666666,1
1214,bv363r50dkvnj1969dkvg8x78,2023,2023-05-27 18:30:00,2023,5,sábado,18,Cuiabá EC,Coritiba FBC,Arena Pantanal,Denis Ribeiro Serafim,8.660,8660,27 de maio de 2023 18:30,1,1,draw,1,https://optaplayerstats.statsperform.com/pt_BR/soccer/brasileir%C3%A3o-s%C3%A9rie-a-2023/czjx4rda7swlzql5d1cq90r8/match/view/bv363r50dkvnj1969dkvg8x78,1,4,0,0,0,0,0,1,5,0,0,0,0,0,2,0,9,0,0,0,0,1.2,2.0,0.0,3.0,0.8,1.8,-1.0,3.2,0.2,0.4,83,0.3333333333333333,0.4,0.0,2.0,3.0,1.2,2.0,-0.8,4.0,0.2,0.13333333333333333,45,0.19999999999999998,1
1215,btav6pds80jckwqm4qe39dses,2023,2023-05-27 21:00:00,2023,5,sábado,21,São Paulo FC,Goiás EC,Morumbi,Rafael Rodrigo Klein,45.429,45429,27 de maio de 2023 21:00,2,1,home_win,0,https://optaplayerstats.statsperform.com/pt_BR/soccer/brasileir%C3%A3o-s%C3%A9rie-a-2023/czjx4rda7swlzql5d1cq90r8/match/view/btav6pds80jckwqm4qe39dses,2,3,0,0,0,0,0,1,4,0,0,0,0,0,3,1,7,0,0,0,0,1.8,2.0,3.0,0.0,1.6,0.8,0.8,2.4,0.2,0.6,121,0.6666666666666666,0.8,1.0,1.0,3.0,0.6,2.0,-1.4,2.8,0.4,0.26666666666666666,45,0.06666666666666667,1
1216,btjy0qu4d3if8dgr2rjg6nm6s,2023,2023-05-28 16:00:00,2023,5,domingo,16,SC Corinthians Paulista,Fluminense FC,Neo Química Arena,Leandro Pedro Vuaden,34.318,34318,28 de maio de 2023 16:00,2,0,home_win,0,https://optaplayerstats.statsperform.com/pt_BR/soccer/brasileir%C3%A3o-s%C3%A9rie-a-2023/czjx4rda7swlzql5d1cq90r8/match/view/btjy0qu4d3if8dgr2rjg6nm6s,2,4,0,0,0,0,0,0,2,0,0,0,0,0,2,2,6,0,0,0,0,0.4,0.0,2.0,3.0,0.6,1.6,-1.0,2.2,0.0,0.13333333333333333,121,0.5333333333333333,1.4,2.0,1.0,2.0,1.4,1.2,0.2,3.6,0.4,0.4666666666666667,121,0.6,1
1217,bubkkc6vuwmcgm75cx167zf2s,2023,2023-05-28 16:00:00,2023,5,domingo,16,SC Internacional,EC Bahia,Beira-Rio,Wagner do Nascimento Magalhaes,19.659,19659,28 de maio de 2023 16:00,2,0,home_win,0,https://optaplayerstats.statsperform.com/pt_BR/soccer/brasileir%C3%A3o-s%C3%A9rie-a-2023/czjx4rda7swlzql5d1cq90r8/match/view/bubkkc6vuwmcgm75cx167zf2s,2,1,0,0,0,0,0,0,2,0,0,0,0,0,2,2,3,0,0,0,0,0.6,1.0,0.0,4.0,0.4,1.8,-1.4,2.8,0.0,0.2,121,0.7999999999999999,1.4,2.0,1.0,2.0,1.4,1.6,-0.2,3.4,0.4,0.4666666666666667,7,0.3333333333333333,1
1218,btt81oovt3q0lxbsbdcd7fifo,2023,2023-05-28 18:30:00,2023,5,domingo,18,Red Bull Bragantino,Santos FC Sao Paulo,Nabizão,Anderson Daronco,5.988,5988,28 de maio de 2023 18:30,2,0,home_win,0,https://optaplayerstats.statsperform.com/pt_BR/soccer/brasileir%C3%A3o-s%C3%A9rie-a-2023/czjx4rda7swlzql5d1cq90r8/match/view/btt81oovt3q0lxbsbdcd7fifo,2,2,0,0,0,0,0,0,1,0,0,0,0,0,2,2,3,0,0,0,0,1.2,1.0,3.0,1.0,1.6,1.8,-0.2,3.6,0.4,0.4,121,0.4666666666666666,2.0,3.0,1.0,1.0,1.6,0.8,0.8,2.8,0.2,0.6666666666666666,121,0.39999999999999997,1
1219,bu2i08cegsb8yixg2kvhe5tec,2023,2023-05-28 18:30:00,2023,5,domingo,18,Clube Atlético Mineiro,SE Palmeiras,Mineirão,Braulio da Silva Machado,53.236,53236,28 de maio de 2023 18:30,1,1,draw,1,https://optaplayerstats.statsperform.com/pt_BR/soccer/brasileir%C3%A3o-s%C3%A9rie-a-2023/czjx4rda7swlzql5d1cq90r8/match/view/bu2i08cegsb8yixg2kvhe5tec,1,4,0,0,0,0,0,1,3,0,0,0,0,0,2,0,7,0,0,0,0,2.4,4.0,0.0,1.0,2.0,0.8,1.2,3.4,0.2,0.8,121,0.6,2.2,3.0,2.0,0.0,2.4,0.6,1.8,3.0,0.0,0.7333333333333333,121,0.39999999999999997,1
1220,bt1qw59gzs6gbevcxj0bilzpw,2023,2023-05-28 19:00:00,2023,5,domingo,19,Botafogo FR,América FC (Minas Gerais),Estádio Nilton Santos,Raphael Claus,23.708,23708,28 de maio de 2023 19:00,2,0,home_win,0,https://optaplayerstats.statsperform.com/pt_BR/soccer/brasileir%C3%A3o-s%C3%A9rie-a-2023/czjx4rda7swlzql5d1cq90r8/match/view/bt1qw59gzs6gbevcxj0bilzpw,2,2,0,0,0,0,0,0,3,0,0,0,0,0,2,2,5,0,0,0,0,2.4,4.0,0.0,1.0,2.0,0.8,1.2,2.8,0.4,0.8,45,1.0,0.8,1.0,1.0,3.0,1.4,2.4,-1.0,3.2,0.2,0.26666666666666666,83,0.26666666666666666,1
1221,bxfb7x9ijn26j04rt1j00hbtg,2023,2023-06-03 16:00:00,2023,6,sábado,16,Fortaleza EC,EC Bahia,Castelão,João Vitor Gobi,38.338,38338,3 de junho de 2023 16:00,0,0,draw,1,https://optaplayerstats.statsperform.com/pt_BR/soccer/brasileir%C3%A3o-s%C3%A9rie-a-2023/czjx4rda7swlzql5d1cq90r8/match/view/bxfb7x9ijn26j04rt1j00hbtg,0,2,0,0,0,0,0,0,3,0,0,0,0,0,0,0,5,0,0,0,0,1.2,1.0,3.0,1.0,0.8,0.6,0.2,2.6,0.2,0.4,122,0.7333333333333334,0.8,1.0,1.0,3.0,1.2,2.0,-0.8,3.0,0.4,0.26666666666666666,8,0.25,1
1222,bwnyy6sqpadj4ej0944eq5wk4,2023,2023-06-03 18:30:00,2023,6,sábado,18,Cruzeiro EC,Clube Atlético Mineiro,Estádio Municipal João Havelange,Sávio Pereira Sampaio,34.310,34310,3 de junho de 2023 18:30,0,1,away_win,2,https://optaplayerstats.statsperform.com/pt_BR/soccer/brasileir%C3%A3o-s%C3%A9rie-a-2023/czjx4rda7swlzql5d1cq90r8/match/view/bwnyy6sqpadj4ej0944eq5wk4,0,6,0,0,0,0,0,1,6,0,0,0,0,0,1,-1,12,0,0,0,0,1.4,2.0,1.0,2.0,1.4,1.0,0.4,2.6,0.0,0.4666666666666667,8,0.5,2.0,3.0,1.0,1.0,1.8,0.8,1.0,3.6,0.2,0.6666666666666666,122,0.6666666666666666,1
1223,bx64hf64571v7621k18442qdw,2023,2023-06-03 18:30:00,2023,6,sábado,18,Club Athletico Paranaense,Botafogo FR,Arena da Baixada,Vinicius Gonçalves Dias Araujo,18.684,18684,3 de junho de 2023 18:30,1,0,home_win,0,https://optaplayerstats.statsperform.com/pt_BR/soccer/brasileir%C3%A3o-s%C3%A9rie-a-2023/czjx4rda7swlzql5d1cq90r8/match/view/bx64hf64571v7621k18442qdw,1,3,0,0,0,0,0,0,2,0,0,0,0,0,1,1,5,0,0,0,0,1.8,3.0,0.0,2.0,1.6,1.4,0.2,2.8,0.0,0.6,122,0.7999999999999999,2.4,4.0,0.0,1.0,1.8,0.4,1.4,2.4,0.0,0.8,46,0.6,1
1224,bxombug63fcnsj7j3d19y4nis,2023,2023-06-03 18:30:00,2023,6,sábado,18,América FC (Minas Gerais),SC Corinthians Paulista,Estádio Raimundo Sampaio,Anderson Daronco,6.701,6701,3 de junho de 2023 18:30,2,0,home_win,0,https://optaplayerstats.statsperform.com/pt_BR/soccer/brasileir%C3%A3o-s%C3%A9rie-a-2023/czjx4rda7swlzql5d1cq90r8/match/view/bxombug63fcnsj7j3d19y4nis,2,1,0,0,0,1,0,0,0,0,0,0,0,0,2,2,1,0,0,1,0,0.8,1.0,1.0,3.0,1.0,2.2,-1.2,3.0,0.2,0.26666666666666666,84,0.26666666666666666,1.0,1.0,2.0,2.0,0.8,1.2,-0.4,2.4,0.0,0.3333333333333333,122,0.06666666666666667,1
1225,bw5jzq8bldp33rvhvz0bz8dn8,2023,2023-06-03 21:00:00,2023,6,sábado,21,Santos FC Sao Paulo,SC Internacional,Vila Belmiro,Paulo Cesar Zanovelli da Silva,9.600,9600,3 de junho de 2023 21:00,1,1,draw,1,https://optaplayerstats.statsperform.com/pt_BR/soccer/brasileir%C3%A3o-s%C3%A9rie-a-2023/czjx4rda7swlzql5d1cq90r8/match/view/bw5jzq8bldp33rvhvz0bz8dn8,1,2,0,0,0,0,0,1,4,0,0,0,0,0,2,0,6,0,0,0,0,1.4,2.0,1.0,2.0,1.0,0.8,0.2,2.4,0.0,0.4666666666666667,122,0.5333333333333333,0.6,1.0,0.0,4.0,0.6,1.8,-1.2,2.2,0.0,0.2,122,0.26666666666666666,1
1226,bvcasw5baco8ks4u70xq98zdg,2023,2023-06-04 16:00:00,2023,6,domingo,16,Fluminense FC,Red Bull Bragantino,Estádio Jornalista Mário Filho (Maracanã),Rodrigo José Pereira de Lima,27.228,27228,4 de junho de 2023 16:00,2,1,home_win,0,https://optaplayerstats.statsperform.com/pt_BR/soccer/brasileir%C3%A3o-s%C3%A9rie-a-2023/czjx4rda7swlzql5d1cq90r8/match/view/bvcasw5baco8ks4u70xq98zdg,2,5,0,0,0,0,0,1,2,0,0,0,0,0,3,1,7,0,0,0,0,1.4,2.0,1.0,2.0,1.0,0.8,0.2,3.4,0.4,0.4666666666666667,122,0.8666666666666667,1.8,2.0,3.0,0.0,2.0,1.2,0.8,3.2,0.0,0.6,122,0.39999999999999997,1
1227,bwwz7vbfa2g492k7e5wjf5i50,2023,2023-06-04 16:00:00,2023,6,domingo,16,Grêmio FB Porto Alegrense,São Paulo FC,Arena do Grêmio,Wilton Pereira Sampaio,40.018,40018,4 de junho de 2023 16:00,2,1,home_win,0,https://optaplayerstats.statsperform.com/pt_BR/soccer/brasileir%C3%A3o-s%C3%A9rie-a-2023/czjx4rda7swlzql5d1cq90r8/match/view/bwwz7vbfa2g492k7e5wjf5i50,2,2,0,0,0,1,0,1,1,0,0,0,0,0,3,1,3,0,0,1,0,1.6,2.0,2.0,1.0,1.8,1.8,0.0,3.4,0.2,0.5333333333333333,8,0.6666666666666666,2.2,3.0,2.0,0.0,1.8,0.8,1.0,2.8,0.2,0.7333333333333333,122,0.39999999999999997,1
1228,bvweowi5hlfxx284vjpf8ktg4,2023,2023-06-04 18:30:00,2023,6,domingo,18,SE Palmeiras,Coritiba FBC,Allianz Parque,Felipe Fernandes de Lima,32.570,32570,4 de junho de 2023 18:30,3,1,home_win,0,https://optaplayerstats.statsperform.com/pt_BR/soccer/brasileir%C3%A3o-s%C3%A9rie-a-2023/czjx4rda7swlzql5d1cq90r8/match/view/bvweowi5hlfxx284vjpf8ktg4,3,4,0,0,0,0,0,1,5,0,0,0,0,0,4,2,9,0,0,0,0,1.8,2.0,3.0,0.0,2.2,0.6,1.6,2.8,0.0,0.6,122,0.8666666666666667,0.4,0.0,2.0,3.0,1.2,2.0,-0.8,4.2,0.2,0.13333333333333333,46,0.06666666666666667,1
1229,bwetgz24tc2a6qhoiepswosgk,2023,2023-06-04 18:30:00,2023,6,domingo,18,Goiás EC,Cuiabá EC,Estádio Hailé Pinheiro (Serrinha),Marcelo de Lima Henrique,6.987,6987,4 de junho de 2023 18:30,0,1,away_win,2,https://optaplayerstats.statsperform.com/pt_BR/soccer/brasileir%C3%A3o-s%C3%A9rie-a-2023/czjx4rda7swlzql5d1cq90r8/match/view/bwetgz24tc2a6qhoiepswosgk,0,2,0,0,0,0,0,1,3,0,0,0,0,0,1,-1,5,0,0,0,0,0.8,1.0,1.0,3.0,0.8,2.2,-1.4,3.4,0.2,0.26666666666666666,46,0.6,1.4,2.0,1.0,2.0,0.8,1.6,-0.8,3.2,0.0,0.4666666666666667,84,0.39999999999999997,1
1230,bvlkg8j6hdjt20nzltk6kup04,2023,2023-06-05 20:00:00,2023,6,segunda-feira,20,CR Vasco da Gama,CR Flamengo,Estádio Jornalista Mário Filho (Maracanã),Braulio da Silva Machado,46.423,46423,5 de junho de 2023 20:00,1,4,away_win,2,https://optaplayerstats.statsperform.com/pt_BR/soccer/brasileir%C3%A3o-s%C3%A9rie-a-2023/czjx4rda7swlzql5d1cq90r8/match/view/bvlkg8j6hdjt20nzltk6kup04,1,2,0,0,0,1,0,4,0,0,0,0,0,0,5,-3,2,0,0,1,0,0.4,0.0,2.0,3.0,0.8,1.8,-1.0,2.6,0.0,0.13333333333333333,8,0.1111111111111111,2.0,3.0,1.0,1.0,1.6,1.0,0.6,2.2,0.0,0.6666666666666666,122,0.26666666666666666,1
1231,bzq7qeuqvgk49gntthx0cdxck,2023,2023-06-10 16:00:00,2023,6,sábado,16,Coritiba FBC,Santos FC Sao Paulo,Couto Pereira,Bruno Mota Correia,25.512,25512,10 de junho de 2023 16:00,0,0,draw,1,https://optaplayerstats.statsperform.com/pt_BR/soccer/brasileir%C3%A3o-s%C3%A9rie-a-2023/czjx4rda7swlzql5d1cq90r8/match/view/bzq7qeuqvgk49gntthx0cdxck,0,3,0,0,0,0,0,0,1,0,1,1,0,0,0,0,4,1,1,0,0,0.4,0.0,2.0,3.0,1.2,2.0,-0.8,3.8,0.2,0.13333333333333333,47,0.19999999999999998,1.6,2.0,2.0,1.0,1.0,0.6,0.4,2.2,0.0,0.5333333333333333,123,0.19999999999999998,1
1232,bypl10iv9hr6a17ueh689r76c,2023,2023-06-10 18:30:00,2023,6,sábado,18,SC Corinthians Paulista,Cuiabá EC,Neo Química Arena,André Luiz Skettino Policarpo Bento,40.271,40271,10 de junho de 2023 18:30,1,1,draw,1,https://optaplayerstats.statsperform.com/pt_BR/soccer/brasileir%C3%A3o-s%C3%A9rie-a-2023/czjx4rda7swlzql5d1cq90r8/match/view/bypl10iv9hr6a17ueh689r76c,1,2,0,0,0,0,0,1,4,0,0,0,0,0,2,0,6,0,0,0,0,0.8,1.0,1.0,3.0,0.6,1.4,-0.8,2.0,0.0,0.26666666666666666,123,0.5333333333333333,1.4,2.0,1.0,2.0,0.6,1.4,-0.8,3.0,0.0,0.4666666666666667,85,0.6,1
1233,bz7y12wirac089c7nnx5umbkk,2023,2023-06-10 18:30:00,2023,6,sábado,18,Clube Atlético Mineiro,Red Bull Bragantino,Mineirão,Rafael Rodrigo Klein,28.786,28786,10 de junho de 2023 18:30,1,1,draw,1,https://optaplayerstats.statsperform.com/pt_BR/soccer/brasileir%C3%A3o-s%C3%A9rie-a-2023/czjx4rda7swlzql5d1cq90r8/match/view/bz7y12wirac089c7nnx5umbkk,1,2,0,0,0,0,0,1,3,0,0,0,0,0,2,0,5,0,0,0,0,2.6,4.0,1.0,0.0,2.0,0.4,1.6,4.2,0.2,0.8666666666666667,123,0.6666666666666666,1.6,2.0,2.0,1.0,1.6,1.0,0.6,3.2,0.0,0.5333333333333333,123,0.19999999999999998,1
1234,bzz9kpwjjhwqk289jgzxeos2c,2023,2023-06-10 18:30:00,2023,6,sábado,18,EC Bahia,Cruzeiro EC,Arena Fonte Nova,Rodrigo José Pereira de Lima,33.679,33679,10 de junho de 2023 18:30,2,2,draw,1,https://optaplayerstats.statsperform.com/pt_BR/soccer/brasileir%C3%A3o-s%C3%A9rie-a-2023/czjx4rda7swlzql5d1cq90r8/match/view/bzz9kpwjjhwqk289jgzxeos2c,2,5,0,0,0,0,0,2,1,0,0,0,0,0,4,0,6,0,0,0,0,0.4,0.0,2.0,3.0,0.6,1.8,-1.2,3.2,0.4,0.13333333333333333,9,0.3333333333333333,0.8,1.0,1.0,3.0,1.0,1.0,0.0,2.6,0.0,0.26666666666666666,9,0.5833333333333334,1
1235,by72xf5uiakua2au46redagb8,2023,2023-06-10 21:00:00,2023,6,sábado,21,Botafogo FR,Fortaleza EC,Estádio Nilton Santos,Wilton Pereira Sampaio,19.291,19291,10 de junho de 2023 21:00,2,0,home_win,0,https://optaplayerstats.statsperform.com/pt_BR/soccer/brasileir%C3%A3o-s%C3%A9rie-a-2023/czjx4rda7swlzql5d1cq90r8/match/view/by72xf5uiakua2au46redagb8,2,4,0,0,0,0,0,0,3,0,0,0,0,0,2,2,7,0,0,0,0,1.8,3.0,0.0,2.0,1.4,0.6,0.8,2.6,0.0,0.6,47,1.0,1.2,1.0,3.0,1.0,0.6,0.4,0.2,2.6,0.2,0.4,123,0.5333333333333333,1
1236,c0a6jc8bbdyhcyh5mjwdy7gno,2023,2023-06-11 11:00:00,2023,6,domingo,11,América FC (Minas Gerais),Club Athletico Paranaense,Mineirão,João Vitor Gobi,5.902,5902,11 de junho de 2023 11:00,2,2,draw,1,https://optaplayerstats.statsperform.com/pt_BR/soccer/brasileir%C3%A3o-s%C3%A9rie-a-2023/czjx4rda7swlzql5d1cq90r8/match/view/c0a6jc8bbdyhcyh5mjwdy7gno,2,2,0,0,0,0,0,2,4,0,0,0,0,0,4,0,6,0,0,0,0,1.4,2.0,1.0,2.0,1.2,1.8,-0.6,2.6,0.0,0.4666666666666667,85,0.39999999999999997,1.8,3.0,0.0,2.0,1.4,1.2,0.2,3.0,0.0,0.6,123,0.26666666666666666,1
1237,byg7usbsh7d9gv1n10dou10d0,2023,2023-06-11 16:00:00,2023,6,domingo,16,São Paulo FC,SE Palmeiras,Morumbi,Raphael Claus,56.871,56871,11 de junho de 2023 16:00,0,2,away_win,2,https://optaplayerstats.statsperform.com/pt_BR/soccer/brasileir%C3%A3o-s%C3%A9rie-a-2023/czjx4rda7swlzql5d1cq90r8/match/view/byg7usbsh7d9gv1n10dou10d0,0,3,0,1,1,0,0,2,2,0,0,0,0,0,2,-2,5,1,1,0,0,1.6,2.0,2.0,1.0,1.6,1.2,0.4,2.4,0.2,0.5333333333333333,123,0.7999999999999999,1.8,2.0,3.0,0.0,1.8,0.8,1.0,2.4,0.0,0.6,123,0.39999999999999997,1
1238,bzgyfafpqf44na4emrdvxao7o,2023,2023-06-11 16:00:00,2023,6,domingo,16,SC Internacional,CR Vasco da Gama,Beira-Rio,Edina Alves Batista,18.803,18803,11 de junho de 2023 16:00,2,1,home_win,0,https://optaplayerstats.statsperform.com/pt_BR/soccer/brasileir%C3%A3o-s%C3%A9rie-a-2023/czjx4rda7swlzql5d1cq90r8/match/view/bzgyfafpqf44na4emrdvxao7o,2,2,0,0,0,0,0,1,3,0,0,0,0,0,3,1,5,0,0,0,0,0.8,1.0,1.0,3.0,0.8,1.6,-0.8,2.2,0.0,0.26666666666666666,123,0.7999999999999999,0.2,0.0,1.0,4.0,0.8,2.4,-1.6,2.4,0.0,0.06666666666666667,9,0.3333333333333333,1
1239,bxxrvl30cujv4xe3vu56qukno,2023,2023-06-11 18:30:00,2023,6,domingo,18,CR Flamengo,Grêmio FB Porto Alegrense,Estádio Jornalista Mário Filho (Maracanã),Sávio Pereira Sampaio,62.967,62967,11 de junho de 2023 18:30,3,0,home_win,0,https://optaplayerstats.statsperform.com/pt_BR/soccer/brasileir%C3%A3o-s%C3%A9rie-a-2023/czjx4rda7swlzql5d1cq90r8/match/view/bxxrvl30cujv4xe3vu56qukno,3,0,0,0,0,0,0,0,3,0,0,0,0,0,3,3,3,0,0,0,0,2.6,4.0,1.0,0.0,2.2,0.8,1.4,1.8,0.0,0.8666666666666667,123,0.6666666666666666,2.0,3.0,1.0,1.0,1.6,1.4,0.2,2.8,0.2,0.6666666666666666,9,0.5,1
1240,byyosuea4ck7kzwfen25g3p5g,2023,2023-06-11 18:30:00,2023,6,domingo,18,Goiás EC,Fluminense FC,Estádio Hailé Pinheiro (Serrinha),Leandro Pedro Vuaden,10.260,10260,11 de junho de 2023 18:30,2,2,draw,1,https://optaplayerstats.statsperform.com/pt_BR/soccer/brasileir%C3%A3o-s%C3%A9rie-a-2023/czjx4rda7swlzql5d1cq90r8/match/view/byyosuea4ck7kzwfen25g3p5g,2,3,0,0,0,1,0,2,3,0,0,0,0,0,4,0,6,0,0,1,0,0.8,1.0,1.0,3.0,0.8,1.4,-0.6,3.4,0.0,0.26666666666666666,47,0.39999999999999997,1.8,3.0,0.0,2.0,1.2,0.8,0.4,3.6,0.4,0.6,123,0.39999999999999997,1
1241,c11qd99asp93yrwwplox8b11w,2023,2023-06-21 19:00:00,2023,6,quarta-feira,19,São Paulo FC,Club Athletico Paranaense,Morumbi,Sávio Pereira Sampaio,22.882,22882,21 de junho de 2023 19:00,2,1,home_win,0,https://optaplayerstats.statsperform.com/pt_BR/soccer/brasileir%C3%A3o-s%C3%A9rie-a-2023/czjx4rda7swlzql5d1cq90r8/match/view/c11qd99asp93yrwwplox8b11w,2,3,0,0,0,0,0,1,2,0,0,0,0,0,3,1,5,0,0,0,0,1.4,2.0,1.0,2.0,1.6,1.6,0.0,2.2,0.2,0.4666666666666667,124,0.7999999999999999,1.4,2.0,1.0,2.0,1.4,1.6,-0.2,3.0,0.0,0.4666666666666667,124,0.26666666666666666,1
1242,c1t5etxiwduruc06mgj77ro5w,2023,2023-06-21 19:00:00,2023,6,quarta-feira,19,Cruzeiro EC,Fortaleza EC,Mineirão,Bruno Arleu de Araújo,28.494,28494,21 de junho de 2023 19:00,0,1,away_win,2,https://optaplayerstats.statsperform.com/pt_BR/soccer/brasileir%C3%A3o-s%C3%A9rie-a-2023/czjx4rda7swlzql5d1cq90r8/match/view/c1t5etxiwduruc06mgj77ro5w,0,5,0,0,0,0,0,1,4,0,0,0,0,0,1,-1,9,0,0,0,0,1.0,1.0,2.0,2.0,1.4,1.0,0.4,2.6,0.0,0.3333333333333333,10,0.39999999999999997,1.0,1.0,2.0,2.0,0.6,0.8,-0.2,2.8,0.0,0.3333333333333333,124,0.3333333333333333,1
1243,c1au4c16rhh4k7zh4pbixq238,2023,2023-06-21 20:00:00,2023,6,quarta-feira,20,Santos FC Sao Paulo,SC Corinthians Paulista,Vila Belmiro,Leandro Pedro Vuaden,12.499,12499,21 de junho de 2023 20:00,0,2,away_win,2,https://optaplayerstats.statsperform.com/pt_BR/soccer/brasileir%C3%A3o-s%C3%A9rie-a-2023/czjx4rda7swlzql5d1cq90r8/match/view/c1au4c16rhh4k7zh4pbixq238,0,2,0,0,0,0,0,2,4,0,0,0,0,0,2,-2,6,0,0,0,0,1.2,1.0,3.0,1.0,0.4,0.6,-0.2,1.8,0.2,0.4,124,0.6,1.0,1.0,2.0,2.0,0.8,1.0,-0.2,2.0,0.0,0.3333333333333333,124,0.0,1
1244,c0j7tsx4lcdzfbaioh9bxtq1g,2023,2023-06-21 21:30:00,2023,6,quarta-feira,21,Fluminense FC,Clube Atlético Mineiro,Estádio Municipal General Raulino de Oliveira,Ramon Abatti,7.788,7788,21 de junho de 2023 21:30,1,1,draw,1,https://optaplayerstats.statsperform.com/pt_BR/soccer/brasileir%C3%A3o-s%C3%A9rie-a-2023/czjx4rda7swlzql5d1cq90r8/match/view/c0j7tsx4lcdzfbaioh9bxtq1g,1,3,1,0,1,0,0,1,5,0,0,0,0,1,2,0,8,1,1,0,1,1.4,2.0,1.0,2.0,1.2,1.2,0.0,3.0,0.2,0.4666666666666667,124,0.8666666666666667,2.2,3.0,2.0,0.0,1.4,0.6,0.8,4.2,0.2,0.7333333333333333,124,0.6666666666666666,1
1245,c2kf52m42rof9jsk1c2d1rnro,2023,2023-06-21 21:30:00,2023,6,quarta-feira,21,EC Bahia,SE Palmeiras,Arena Fonte Nova,Wilton Pereira Sampaio,31.013,31013,21 de junho de 2023 21:30,1,0,home_win,0,https://optaplayerstats.statsperform.com/pt_BR/soccer/brasileir%C3%A3o-s%C3%A9rie-a-2023/czjx4rda7swlzql5d1cq90r8/match/view/c2kf52m42rof9jsk1c2d1rnro,1,4,0,0,0,0,0,0,3,0,0,0,0,0,1,1,7,0,0,0,0,0.6,0.0,3.0,2.0,1.0,1.6,-0.6,3.4,0.4,0.2,10,0.3333333333333333,1.8,2.0,3.0,0.0,1.4,0.6,0.8,2.4,0.0,0.6,124,0.6,1
1246,c227k3xehleetvkmd9zh92iac,2023,2023-06-22 19:00:00,2023,6,quinta-feira,19,Grêmio FB Porto Alegrense,América FC (Minas Gerais),Arena do Grêmio,Edina Alves Batista,14.246,14246,22 de junho de 2023 19:00,3,1,home_win,0,https://optaplayerstats.statsperform.com/pt_BR/soccer/brasileir%C3%A3o-s%C3%A9rie-a-2023/czjx4rda7swlzql5d1cq90r8/match/view/c227k3xehleetvkmd9zh92iac,3,0,0,0,0,0,1,1,2,0,1,1,0,0,4,2,2,1,1,0,1,2.0,3.0,1.0,1.0,1.4,1.2,0.2,2.6,0.2,0.6666666666666666,10,0.7333333333333334,1.4,2.0,1.0,2.0,1.2,1.8,-0.6,2.4,0.0,0.4666666666666667,86,0.06666666666666667,1
1247,c0sely48w1fn2l0lttkp7cftg,2023,2023-06-22 20:00:00,2023,6,quinta-feira,20,CR Vasco da Gama,Goiás EC,São Januário,Jean Pierre Goncalves Lima,17.647,17647,22 de junho de 2023 20:00,0,1,away_win,2,https://optaplayerstats.statsperform.com/pt_BR/soccer/brasileir%C3%A3o-s%C3%A9rie-a-2023/czjx4rda7swlzql5d1cq90r8/match/view/c0sely48w1fn2l0lttkp7cftg,0,2,0,0,0,0,0,1,3,0,0,0,0,0,1,-1,5,0,0,0,0,0.0,0.0,0.0,5.0,0.8,2.6,-1.8,2.8,0.0,0.0,10,0.08333333333333333,1.0,1.0,2.0,2.0,1.2,1.4,-0.2,3.8,0.0,0.3333333333333333,48,0.06666666666666667,1
1248,c2bbmc1t6dwpn1uno9xob4g7o,2023,2023-06-22 20:00:00,2023,6,quinta-feira,20,Coritiba FBC,SC Internacional,Couto Pereira,André Luiz Skettino Policarpo Bento,24.241,24241,22 de junho de 2023 20:00,0,1,away_win,2,https://optaplayerstats.statsperform.com/pt_BR/soccer/brasileir%C3%A3o-s%C3%A9rie-a-2023/czjx4rda7swlzql5d1cq90r8/match/view/c2bbmc1t6dwpn1uno9xob4g7o,0,2,0,0,0,0,0,1,4,0,0,0,1,0,1,-1,6,0,0,1,0,0.4,0.0,2.0,3.0,1.0,1.8,-0.8,4.0,0.2,0.13333333333333333,48,0.19999999999999998,1.4,2.0,1.0,2.0,1.2,1.4,-0.2,2.2,0.0,0.4666666666666667,124,0.13333333333333333,1
1249,c2thd0mkoil12uh0pys4rmg44,2023,2023-06-22 20:00:00,2023,6,quinta-feira,20,Cuiabá EC,Botafogo FR,Arena Pantanal,Flavio Rodrigues De Souza,13.981,13981,22 de junho de 2023 20:00,0,1,away_win,2,https://optaplayerstats.statsperform.com/pt_BR/soccer/brasileir%C3%A3o-s%C3%A9rie-a-2023/czjx4rda7swlzql5d1cq90r8/match/view/c2thd0mkoil12uh0pys4rmg44,0,2,0,0,0,0,0,1,2,0,0,0,1,0,1,-1,4,0,0,1,0,1.6,2.0,2.0,1.0,0.8,0.8,0.0,3.6,0.0,0.5333333333333333,86,0.3333333333333333,1.8,3.0,0.0,2.0,1.2,0.6,0.6,3.2,0.0,0.6,48,0.39999999999999997,1
1250,c1k0md0bzf5u0pi7lgmng3nkk,2023,2023-06-22 21:30:00,2023,6,quinta-feira,21,Red Bull Bragantino,CR Flamengo,Nabizão,Anderson Daronco,10.103,10103,22 de junho de 2023 21:30,4,0,home_win,0,https://optaplayerstats.statsperform.com/pt_BR/soccer/brasileir%C3%A3o-s%C3%A9rie-a-2023/czjx4rda7swlzql5d1cq90r8/match/view/c1k0md0bzf5u0pi7lgmng3nkk,4,0,0,0,0,0,0,0,0,0,0,0,0,0,4,4,0,0,0,0,0,1.6,2.0,2.0,1.0,1.4,0.8,0.6,2.8,0.0,0.5333333333333333,124,0.6666666666666666,2.6,4.0,1.0,0.0,2.4,0.8,1.6,1.8,0.0,0.8666666666666667,124,0.4666666666666666,1
1251,c4waxcvtmxym4s8vxsohrr95g,2023,2023-06-24 16:00:00,2023,6,sábado,16,Club Athletico Paranaense,SC Corinthians Paulista,Arena da Baixada,Wagner do Nascimento Magalhaes,30.144,30144,24 de junho de 2023 16:00,1,0,home_win,0,https://optaplayerstats.statsperform.com/pt_BR/soccer/brasileir%C3%A3o-s%C3%A9rie-a-2023/czjx4rda7swlzql5d1cq90r8/match/view/c4waxcvtmxym4s8vxsohrr95g,1,5,0,0,0,0,0,0,2,0,0,0,0,0,1,1,7,0,0,0,0,0.8,1.0,1.0,3.0,1.0,1.6,-0.6,2.8,0.0,0.26666666666666666,125,0.7999999999999999,1.4,2.0,1.0,2.0,1.0,0.8,0.2,2.4,0.0,0.4666666666666667,125,0.19999999999999998,1
1252,c32ntoydtas4kkte8b9hlk6c4,2023,2023-06-24 18:30:00,2023,6,sábado,18,Fluminense FC,EC Bahia,Estádio Jornalista Mário Filho (Maracanã),Sávio Pereira Sampaio,24.507,24507,24 de junho de 2023 18:30,2,1,home_win,0,https://optaplayerstats.statsperform.com/pt_BR/soccer/brasileir%C3%A3o-s%C3%A9rie-a-2023/czjx4rda7swlzql5d1cq90r8/match/view/c32ntoydtas4kkte8b9hlk6c4,2,1,1,0,1,0,0,1,0,0,0,0,0,0,3,1,1,1,1,0,0,1.0,1.0,2.0,2.0,1.0,1.4,-0.4,3.0,0.4,0.3333333333333333,125,0.7333333333333334,1.2,1.0,3.0,1.0,0.8,1.0,-0.2,3.0,0.0,0.4,11,0.26666666666666666,1
1253,c55eibgm1rv4s2s531738v384,2023,2023-06-24 18:30:00,2023,6,sábado,18,Fortaleza EC,Clube Atlético Mineiro,Castelão,Leandro Pedro Vuaden,27.109,27109,24 de junho de 2023 18:30,2,1,home_win,0,https://optaplayerstats.statsperform.com/pt_BR/soccer/brasileir%C3%A3o-s%C3%A9rie-a-2023/czjx4rda7swlzql5d1cq90r8/match/view/c55eibgm1rv4s2s531738v384,2,1,0,0,0,0,0,1,1,1,0,1,0,0,3,1,2,1,1,0,0,1.4,2.0,1.0,2.0,0.8,0.8,0.0,2.8,0.0,0.4666666666666667,125,0.6,1.8,2.0,3.0,0.0,1.2,0.8,0.4,4.8,0.2,0.6,125,0.6666666666666666,1
1254,c4chnwnzszw6dx1bc7cw2dd78,2023,2023-06-24 21:00:00,2023,6,sábado,21,Cruzeiro EC,São Paulo FC,Estádio Raimundo Sampaio,Ramon Abatti,17.478,17478,24 de junho de 2023 21:00,1,0,home_win,0,https://optaplayerstats.statsperform.com/pt_BR/soccer/brasileir%C3%A3o-s%C3%A9rie-a-2023/czjx4rda7swlzql5d1cq90r8/match/view/c4chnwnzszw6dx1bc7cw2dd78,1,1,0,0,0,0,1,0,3,0,0,0,0,0,1,1,4,0,0,0,1,0.4,0.0,2.0,3.0,0.6,1.2,-0.6,3.6,0.0,0.13333333333333333,11,0.19999999999999998,1.8,3.0,0.0,2.0,1.8,1.6,0.2,2.0,0.2,0.6,125,0.19999999999999998,1
1255,c3l0oeg56686ssjwyj82p3jf8,2023,2023-06-25 16:00:00,2023,6,domingo,16,SE Palmeiras,Botafogo FR,Allianz Parque,Anderson Daronco,38.877,38877,25 de junho de 2023 16:00,0,1,away_win,2,https://optaplayerstats.statsperform.com/pt_BR/soccer/brasileir%C3%A3o-s%C3%A9rie-a-2023/czjx4rda7swlzql5d1cq90r8/match/view/c3l0oeg56686ssjwyj82p3jf8,0,1,0,0,0,0,0,1,3,0,0,0,0,0,1,-1,4,0,0,0,0,1.6,2.0,2.0,1.0,1.2,0.6,0.6,2.6,0.0,0.5333333333333333,125,0.8666666666666667,2.4,4.0,0.0,1.0,1.2,0.2,1.0,3.0,0.0,0.8,49,0.6,1
1256,c4n82dpu9zpjqe5tdt98pv28k,2023,2023-06-25 16:00:00,2023,6,domingo,16,Grêmio FB Porto Alegrense,Coritiba FBC,Arena do Grêmio,João Vitor Gobi,37.048,37048,25 de junho de 2023 16:00,5,1,home_win,0,https://optaplayerstats.statsperform.com/pt_BR/soccer/brasileir%C3%A3o-s%C3%A9rie-a-2023/czjx4rda7swlzql5d1cq90r8/match/view/c4n82dpu9zpjqe5tdt98pv28k,5,2,0,0,0,1,0,1,4,1,0,1,0,0,6,4,6,1,1,1,0,2.4,4.0,0.0,1.0,2.0,1.4,0.6,2.0,0.2,0.8,11,0.7333333333333334,0.4,0.0,2.0,3.0,0.6,1.4,-0.8,3.8,0.2,0.13333333333333333,49,0.06666666666666667,1
1257,c3u83gyiqrrjpvyj272s9oavo,2023,2023-06-25 18:30:00,2023,6,domingo,18,Santos FC Sao Paulo,CR Flamengo,Vila Belmiro,Wilton Pereira Sampaio,No data,,25 de junho de 2023 18:30,2,3,away_win,2,https://optaplayerstats.statsperform.com/pt_BR/soccer/brasileir%C3%A3o-s%C3%A9rie-a-2023/czjx4rda7swlzql5d1cq90r8/match/view/c3u83gyiqrrjpvyj272s9oavo,2,2,0,0,0,0,0,3,1,0,0,0,0,0,5,-1,3,0,0,0,0,0.6,0.0,3.0,2.0,0.2,1.0,-0.8,1.8,0.2,0.2,125,0.5333333333333333,2.0,3.0,1.0,1.0,1.8,1.2,0.6,0.8,0.0,0.6666666666666666,125,0.39999999999999997,1
1258,c43b5jydm71hgzsvyih06zqc4,2023,2023-06-25 18:30:00,2023,6,domingo,18,Red Bull Bragantino,Goiás EC,Nabizão,Bruno Mota Correia,3.798,3798,25 de junho de 2023 18:30,2,0,home_win,0,https://optaplayerstats.statsperform.com/pt_BR/soccer/brasileir%C3%A3o-s%C3%A9rie-a-2023/czjx4rda7swlzql5d1cq90r8/match/view/c43b5jydm71hgzsvyih06zqc4,2,2,0,0,0,0,0,0,2,0,0,0,0,0,2,2,4,0,0,0,0,2.0,3.0,1.0,1.0,2.0,0.6,1.4,2.0,0.0,0.6666666666666666,125,0.6666666666666666,1.0,1.0,2.0,2.0,1.0,1.2,-0.2,3.2,0.0,0.3333333333333333,49,0.26666666666666666,1
1259,c5ekn2pbzldssooomwwif2jh0,2023,2023-06-25 18:30:00,2023,6,domingo,18,América FC (Minas Gerais),SC Internacional,Estádio Raimundo Sampaio,Flavio Rodrigues De Souza,2.249,2249,25 de junho de 2023 18:30,1,2,away_win,2,https://optaplayerstats.statsperform.com/pt_BR/soccer/brasileir%C3%A3o-s%C3%A9rie-a-2023/czjx4rda7swlzql5d1cq90r8/match/view/c5ekn2pbzldssooomwwif2jh0,1,2,0,0,0,0,0,2,1,0,0,0,0,0,3,-1,3,0,0,0,0,1.4,2.0,1.0,2.0,1.4,1.6,-0.2,2.4,0.2,0.4666666666666667,87,0.4666666666666666,2.0,3.0,1.0,1.0,1.4,1.0,0.4,2.4,0.0,0.6666666666666666,125,0.26666666666666666,1
1260,c3bu3taof019ttn8gztlj5clw,2023,2023-06-26 21:00:00,2023,6,segunda-feira,21,CR Vasco da Gama,Cuiabá EC,Estádio Luso-Brasileiro,Rafael Rodrigo Klein,No data,,26 de junho de 2023 21:00,1,0,home_win,0,https://optaplayerstats.statsperform.com/pt_BR/soccer/brasileir%C3%A3o-s%C3%A9rie-a-2023/czjx4rda7swlzql5d1cq90r8/match/view/c3bu3taof019ttn8gztlj5clw,1,6,0,0,0,1,0,0,4,0,1,1,0,0,1,1,10,1,1,1,0,0.0,0.0,0.0,5.0,0.8,2.6,-1.8,2.4,0.0,0.0,11,0.06666666666666667,1.6,2.0,2.0,1.0,0.8,0.6,0.2,3.2,0.0,0.5333333333333333,87,0.6666666666666666,1
1261,c666gm343zlrkihidsisoj4lw,2023,2023-07-01 16:00:00,2023,7,sábado,16,São Paulo FC,Fluminense FC,Morumbi,Anderson Daronco,49.153,49153,1 de julho de 2023 16:00,1,0,home_win,0,https://optaplayerstats.statsperform.com/pt_BR/soccer/brasileir%C3%A3o-s%C3%A9rie-a-2023/czjx4rda7swlzql5d1cq90r8/match/view/c666gm343zlrkihidsisoj4lw,1,2,0,0,0,0,0,0,2,1,0,1,0,0,1,1,4,1,1,0,0,1.2,2.0,0.0,3.0,1.0,1.4,-0.4,2.6,0.2,0.4,126,0.7999999999999999,1.6,2.0,2.0,1.0,1.4,1.4,0.0,2.8,0.4,0.5333333333333333,126,0.26666666666666666,1
1262,c5nqzl8vdm9b2vrwczqf6pb10,2023,2023-07-01 18:30:00,2023,7,sábado,18,CR Flamengo,Fortaleza EC,Estádio Jornalista Mário Filho (Maracanã),Sávio Pereira Sampaio,64.583,64583,1 de julho de 2023 18:30,2,0,home_win,0,https://optaplayerstats.statsperform.com/pt_BR/soccer/brasileir%C3%A3o-s%C3%A9rie-a-2023/czjx4rda7swlzql5d1cq90r8/match/view/c5nqzl8vdm9b2vrwczqf6pb10,2,2,0,0,0,0,0,0,0,0,0,0,0,0,2,2,2,0,0,0,0,2.0,3.0,1.0,1.0,2.2,1.6,0.6,1.0,0.0,0.6666666666666666,126,0.6666666666666666,2.0,3.0,1.0,1.0,1.0,0.6,0.4,2.6,0.0,0.6666666666666666,126,0.3333333333333333,1
1263,c7pdedrjch51un85ri2wmglck,2023,2023-07-01 18:30:00,2023,7,sábado,18,EC Bahia,Grêmio FB Porto Alegrense,Arena Fonte Nova,Marcelo de Lima Henrique,33.662,33662,1 de julho de 2023 18:30,1,2,away_win,2,https://optaplayerstats.statsperform.com/pt_BR/soccer/brasileir%C3%A3o-s%C3%A9rie-a-2023/czjx4rda7swlzql5d1cq90r8/match/view/c7pdedrjch51un85ri2wmglck,1,3,0,0,0,0,0,2,3,0,0,0,0,0,3,-1,6,0,0,0,0,1.0,1.0,2.0,2.0,0.8,1.2,-0.4,2.8,0.0,0.3333333333333333,12,0.5333333333333333,2.4,4.0,0.0,1.0,2.4,1.4,1.0,2.2,0.0,0.8,12,0.39999999999999997,1
1264,c76worj7q2ngi3oo7405q347o,2023,2023-07-01 21:00:00,2023,7,sábado,21,SC Internacional,Cruzeiro EC,Beira-Rio,Wagner do Nascimento Magalhaes,24.672,24672,1 de julho de 2023 21:00,0,0,draw,1,https://optaplayerstats.statsperform.com/pt_BR/soccer/brasileir%C3%A3o-s%C3%A9rie-a-2023/czjx4rda7swlzql5d1cq90r8/match/view/c76worj7q2ngi3oo7405q347o,0,7,0,0,0,0,0,0,3,0,1,1,0,0,0,0,10,1,1,0,0,2.6,4.0,1.0,0.0,1.6,0.6,1.0,2.4,0.0,0.8666666666666667,126,0.7999999999999999,1.0,1.0,2.0,2.0,0.8,1.0,-0.2,3.6,0.0,0.3333333333333333,12,0.5333333333333333,1
1265,c6fbmjkj5trfe1w1ie3yq45ck,2023,2023-07-02 11:00:00,2023,7,domingo,11,SC Corinthians Paulista,Red Bull Bragantino,Neo Química Arena,Edina Alves Batista,42.159,42159,2 de julho de 2023 11:00,0,1,away_win,2,https://optaplayerstats.statsperform.com/pt_BR/soccer/brasileir%C3%A3o-s%C3%A9rie-a-2023/czjx4rda7swlzql5d1cq90r8/match/view/c6fbmjkj5trfe1w1ie3yq45ck,0,3,0,0,0,0,0,1,2,0,0,0,0,0,1,-1,5,0,0,0,0,1.4,2.0,1.0,2.0,1.0,0.8,0.2,2.4,0.0,0.4666666666666667,126,0.6,2.0,3.0,1.0,1.0,2.0,0.6,1.4,1.8,0.0,0.6666666666666666,126,0.26666666666666666,1
1266,c5wyb5va740gqkfmtx7vz340k,2023,2023-07-02 16:00:00,2023,7,domingo,16,Botafogo FR,CR Vasco da Gama,Estádio Nilton Santos,Raphael Claus,38.798,38798,2 de julho de 2023 16:00,2,0,home_win,0,https://optaplayerstats.statsperform.com/pt_BR/soccer/brasileir%C3%A3o-s%C3%A9rie-a-2023/czjx4rda7swlzql5d1cq90r8/match/view/c5wyb5va740gqkfmtx7vz340k,2,2,0,0,0,0,0,0,5,0,0,0,0,0,2,2,7,0,0,0,0,2.4,4.0,0.0,1.0,1.2,0.2,1.0,2.6,0.0,0.8,50,1.0,0.6,1.0,0.0,4.0,0.6,1.8,-1.2,2.8,0.0,0.2,12,0.13333333333333333,1
1267,c6xoneyuaccnpfhgt5paaef4k,2023,2023-07-02 16:00:00,2023,7,domingo,16,Clube Atlético Mineiro,América FC (Minas Gerais),Mineirão,Wilton Pereira Sampaio,34.507,34507,2 de julho de 2023 16:00,2,2,draw,1,https://optaplayerstats.statsperform.com/pt_BR/soccer/brasileir%C3%A3o-s%C3%A9rie-a-2023/czjx4rda7swlzql5d1cq90r8/match/view/c6xoneyuaccnpfhgt5paaef4k,2,3,1,1,2,0,0,2,2,0,0,0,0,0,4,0,5,2,1,0,0,1.2,1.0,3.0,1.0,1.0,1.0,0.0,3.6,0.2,0.4,126,0.5333333333333333,0.8,1.0,1.0,3.0,1.2,1.8,-0.6,2.0,0.2,0.26666666666666666,88,0.06666666666666667,1
1268,c7g6w2joueibk3rvinnepgphw,2023,2023-07-02 16:00:00,2023,7,domingo,16,Club Athletico Paranaense,SE Palmeiras,Arena da Baixada,Jean Pierre Goncalves Lima,32.055,32055,2 de julho de 2023 16:00,2,2,draw,1,https://optaplayerstats.statsperform.com/pt_BR/soccer/brasileir%C3%A3o-s%C3%A9rie-a-2023/czjx4rda7swlzql5d1cq90r8/match/view/c7g6w2joueibk3rvinnepgphw,2,4,0,0,0,1,0,2,1,0,1,1,0,0,4,0,5,1,1,1,0,1.4,2.0,1.0,2.0,1.2,1.2,0.0,3.2,0.0,0.4666666666666667,126,0.7999999999999999,1.4,2.0,1.0,2.0,1.2,0.8,0.4,2.6,0.0,0.4666666666666667,126,0.5333333333333333,1
1269,c7ykeuj74otvwzgkhdp60l8gk,2023,2023-07-02 18:30:00,2023,7,domingo,18,Cuiabá EC,Santos FC Sao Paulo,Arena Pantanal,Bruno Mota Correia,13.477,13477,2 de julho de 2023 18:30,3,0,home_win,0,https://optaplayerstats.statsperform.com/pt_BR/soccer/brasileir%C3%A3o-s%C3%A9rie-a-2023/czjx4rda7swlzql5d1cq90r8/match/view/c7ykeuj74otvwzgkhdp60l8gk,3,0,0,0,0,0,0,0,2,0,0,0,0,0,3,3,2,0,0,0,0,1.0,1.0,2.0,2.0,0.6,0.8,-0.2,3.4,0.2,0.3333333333333333,88,0.13333333333333333,0.4,0.0,2.0,3.0,0.6,1.6,-1.0,1.6,0.2,0.13333333333333333,126,0.26666666666666666,1
1270,c6ogkmc8c2wwnzgpvfj6pefbo,2023,2023-07-03 20:00:00,2023,7,segunda-feira,20,Goiás EC,Coritiba FBC,Estádio Hailé Pinheiro (Serrinha),Denis Ribeiro Serafim,10.394,10394,3 de julho de 2023 20:00,1,2,away_win,2,https://optaplayerstats.statsperform.com/pt_BR/soccer/brasileir%C3%A3o-s%C3%A9rie-a-2023/czjx4rda7swlzql5d1cq90r8/match/view/c6ogkmc8c2wwnzgpvfj6pefbo,1,5,0,0,0,0,0,2,9,0,0,0,0,0,3,-1,14,0,0,0,0,0.8,1.0,1.0,3.0,0.8,1.4,-0.6,2.8,0.0,0.26666666666666666,50,0.4666666666666666,0.4,0.0,2.0,3.0,0.6,2.0,-1.4,3.8,0.2,0.13333333333333333,50,0.06666666666666667,1
1271,c8gwyyisqy2l1p8deddvqkd90,2023,2023-07-08 16:00:00,2023,7,sábado,16,CR Vasco da Gama,Cruzeiro EC,São Januário,Sávio Pereira Sampaio,No data,,8 de julho de 2023 16:00,0,1,away_win,2,https://optaplayerstats.statsperform.com/pt_BR/soccer/brasileir%C3%A3o-s%C3%A9rie-a-2023/czjx4rda7swlzql5d1cq90r8/match/view/c8gwyyisqy2l1p8deddvqkd90,0,2,0,0,0,0,0,1,3,0,0,0,0,0,1,-1,5,0,0,0,0,0.6,1.0,0.0,4.0,0.6,1.8,-1.2,3.6,0.0,0.2,13,0.19999999999999998,1.0,1.0,2.0,2.0,0.6,0.8,-0.2,3.2,0.2,0.3333333333333333,13,0.6,1
1272,cajfq3vnyhyqjll55r2gxp4wk,2023,2023-07-08 16:00:00,2023,7,sábado,16,Cuiabá EC,EC Bahia,Arena Pantanal,Wagner do Nascimento Magalhaes,10.149,10149,8 de julho de 2023 16:00,1,1,draw,1,https://optaplayerstats.statsperform.com/pt_BR/soccer/brasileir%C3%A3o-s%C3%A9rie-a-2023/czjx4rda7swlzql5d1cq90r8/match/view/cajfq3vnyhyqjll55r2gxp4wk,1,2,0,0,0,1,0,1,3,0,0,0,0,1,2,0,5,0,0,1,1,1.4,2.0,1.0,2.0,1.0,0.6,0.4,2.6,0.2,0.4666666666666667,89,0.26666666666666666,1.0,1.0,2.0,2.0,1.0,1.2,-0.2,3.0,0.0,0.3333333333333333,13,0.26666666666666666,1
1273,c9iroco3053k5o979tqq3vehg,2023,2023-07-08 18:30:00,2023,7,sábado,18,Clube Atlético Mineiro,SC Corinthians Paulista,Mineirão,Rodrigo José Pereira de Lima,21.086,21086,8 de julho de 2023 18:30,0,1,away_win,2,https://optaplayerstats.statsperform.com/pt_BR/soccer/brasileir%C3%A3o-s%C3%A9rie-a-2023/czjx4rda7swlzql5d1cq90r8/match/view/c9iroco3053k5o979tqq3vehg,0,3,0,0,0,0,0,1,2,0,0,0,0,0,1,-1,5,0,0,0,0,1.2,1.0,3.0,1.0,1.2,1.2,0.0,3.4,0.6,0.4,127,0.6,0.8,1.0,1.0,3.0,0.6,1.0,-0.4,2.2,0.0,0.26666666666666666,127,0.19999999999999998,1
1274,ca15jwgsbsxmhu6dj9xjal2j8,2023,2023-07-08 18:30:00,2023,7,sábado,18,Coritiba FBC,América FC (Minas Gerais),Couto Pereira,Rafael Rodrigo Klein,24.653,24653,8 de julho de 2023 18:30,3,1,home_win,0,https://optaplayerstats.statsperform.com/pt_BR/soccer/brasileir%C3%A3o-s%C3%A9rie-a-2023/czjx4rda7swlzql5d1cq90r8/match/view/ca15jwgsbsxmhu6dj9xjal2j8,3,5,0,0,0,1,0,1,3,0,0,0,0,0,4,2,8,0,0,1,0,0.8,1.0,1.0,3.0,0.8,2.0,-1.2,4.6,0.2,0.26666666666666666,51,0.19999999999999998,1.0,1.0,2.0,2.0,1.6,1.8,-0.2,1.8,0.2,0.3333333333333333,89,0.13333333333333333,1
1275,c8pzta7u65zoj7w24hnm2ghec,2023,2023-07-08 21:00:00,2023,7,sábado,21,SE Palmeiras,CR Flamengo,Allianz Parque,Ramon Abatti,40.229,40229,8 de julho de 2023 21:00,1,1,draw,1,https://optaplayerstats.statsperform.com/pt_BR/soccer/brasileir%C3%A3o-s%C3%A9rie-a-2023/czjx4rda7swlzql5d1cq90r8/match/view/c8pzta7u65zoj7w24hnm2ghec,1,2,0,0,0,0,0,1,3,0,0,0,0,0,2,0,5,0,0,0,0,1.4,2.0,1.0,2.0,1.4,1.0,0.4,2.2,0.2,0.4666666666666667,127,0.6666666666666666,2.4,4.0,0.0,1.0,2.4,1.4,1.0,0.6,0.0,0.8,127,0.6,1
1276,c90qpg6cubtvannnzzo4etpuc,2023,2023-07-09 11:00:00,2023,7,domingo,11,Santos FC Sao Paulo,Goiás EC,Vila Belmiro,Bruno Arleu de Araújo,No data,,9 de julho de 2023 11:00,4,3,home_win,0,https://optaplayerstats.statsperform.com/pt_BR/soccer/brasileir%C3%A3o-s%C3%A9rie-a-2023/czjx4rda7swlzql5d1cq90r8/match/view/c90qpg6cubtvannnzzo4etpuc,4,6,2,0,2,1,0,3,2,1,0,1,1,0,7,1,8,3,1,1,0,0.4,0.0,2.0,3.0,0.6,1.8,-1.2,1.8,0.2,0.13333333333333333,127,0.3333333333333333,0.8,1.0,1.0,3.0,0.8,1.4,-0.6,3.0,0.0,0.26666666666666666,51,0.26666666666666666,1
1277,c87oqqvhe5gz3zfabbs0voyz8,2023,2023-07-09 16:00:00,2023,7,domingo,16,Fluminense FC,SC Internacional,Estádio Jornalista Mário Filho (Maracanã),Luiz Flávio de Oliveira,34.166,34166,9 de julho de 2023 16:00,2,0,home_win,0,https://optaplayerstats.statsperform.com/pt_BR/soccer/brasileir%C3%A3o-s%C3%A9rie-a-2023/czjx4rda7swlzql5d1cq90r8/match/view/c87oqqvhe5gz3zfabbs0voyz8,2,2,0,0,0,0,0,0,3,0,0,0,0,0,2,2,5,0,0,0,0,1.6,2.0,2.0,1.0,1.4,1.2,0.2,2.8,0.6,0.5333333333333333,127,0.7333333333333334,2.2,3.0,2.0,0.0,1.2,0.6,0.6,3.6,0.0,0.7333333333333333,127,0.4666666666666666,1
1278,c99rq1lt5w86wiyj6er5dld04,2023,2023-07-09 16:00:00,2023,7,domingo,16,Red Bull Bragantino,São Paulo FC,Nabizão,Raphael Claus,9.411,9411,9 de julho de 2023 16:00,0,0,draw,1,https://optaplayerstats.statsperform.com/pt_BR/soccer/brasileir%C3%A3o-s%C3%A9rie-a-2023/czjx4rda7swlzql5d1cq90r8/match/view/c99rq1lt5w86wiyj6er5dld04,0,2,0,0,0,0,0,0,2,0,0,0,0,0,0,0,4,0,0,0,0,2.0,3.0,1.0,1.0,1.8,0.6,1.2,1.8,0.0,0.6666666666666666,127,0.8666666666666667,1.2,2.0,0.0,3.0,0.8,1.2,-0.4,2.4,0.2,0.4,127,0.19999999999999998,1
1279,c9rwt868avx1vrhtjrr6fqrro,2023,2023-07-09 18:30:00,2023,7,domingo,18,Grêmio FB Porto Alegrense,Botafogo FR,Arena do Grêmio,Flavio Rodrigues De Souza,44.741,44741,9 de julho de 2023 18:30,0,2,away_win,2,https://optaplayerstats.statsperform.com/pt_BR/soccer/brasileir%C3%A3o-s%C3%A9rie-a-2023/czjx4rda7swlzql5d1cq90r8/match/view/c9rwt868avx1vrhtjrr6fqrro,0,2,0,0,0,0,0,2,5,0,0,0,0,0,2,-2,7,0,0,0,0,2.4,4.0,0.0,1.0,2.4,1.4,1.0,2.0,0.0,0.8,13,0.8666666666666667,2.4,4.0,0.0,1.0,1.2,0.2,1.0,2.6,0.0,0.8,51,0.6,1
1280,caaboocjui9f2bp9kntzayexg,2023,2023-07-09 18:30:00,2023,7,domingo,18,Fortaleza EC,Club Athletico Paranaense,Castelão,André Luiz Skettino Policarpo Bento,36.399,36399,9 de julho de 2023 18:30,1,0,home_win,0,https://optaplayerstats.statsperform.com/pt_BR/soccer/brasileir%C3%A3o-s%C3%A9rie-a-2023/czjx4rda7swlzql5d1cq90r8/match/view/caaboocjui9f2bp9kntzayexg,1,3,0,0,0,0,0,0,3,0,0,0,0,0,1,1,6,0,0,0,0,1.4,2.0,1.0,2.0,0.6,1.0,-0.4,2.0,0.0,0.4666666666666667,127,0.7333333333333334,1.6,2.0,2.0,1.0,1.4,1.2,0.2,3.6,0.0,0.5333333333333333,127,0.26666666666666666,1
1281,cb1sskvxajdck11s807vwps0k,2023,2023-07-15 21:00:00,2023,7,sábado,21,Botafogo FR,Red Bull Bragantino,Estádio Nilton Santos,Anderson Daronco,37.036,37036,15 de julho de 2023 21:00,2,0,home_win,0,https://optaplayerstats.statsperform.com/pt_BR/soccer/brasileir%C3%A3o-s%C3%A9rie-a-2023/czjx4rda7swlzql5d1cq90r8/match/view/cb1sskvxajdck11s807vwps0k,2,1,0,0,0,0,0,0,1,0,0,0,0,0,2,2,2,0,0,0,0,3.0,5.0,0.0,0.0,1.6,0.0,1.6,3.2,0.0,1.0,52,1.0,2.2,3.0,2.0,0.0,1.6,0.2,1.4,1.8,0.0,0.7333333333333333,128,0.39999999999999997,1
1282,cc2kiivh8fg9c9jl51wzti2hg,2023,2023-07-16 11:00:00,2023,7,domingo,11,Cruzeiro EC,Coritiba FBC,Estádio Raimundo Sampaio,Leandro Pedro Vuaden,22.123,22123,16 de julho de 2023 11:00,0,0,draw,1,https://optaplayerstats.statsperform.com/pt_BR/soccer/brasileir%C3%A3o-s%C3%A9rie-a-2023/czjx4rda7swlzql5d1cq90r8/match/view/cc2kiivh8fg9c9jl51wzti2hg,0,1,0,0,0,0,0,0,4,0,0,0,0,0,0,0,5,0,0,0,0,1.6,2.0,2.0,1.0,0.8,0.6,0.2,2.6,0.2,0.5333333333333333,14,0.19999999999999998,1.4,2.0,1.0,2.0,1.2,1.6,-0.4,4.6,0.2,0.4666666666666667,52,0.26666666666666666,1
1283,casm1lanp9wwsuo8oil13u3v8,2023,2023-07-16 16:00:00,2023,7,domingo,16,Fluminense FC,CR Flamengo,Estádio Jornalista Mário Filho (Maracanã),Sávio Pereira Sampaio,62.354,62354,16 de julho de 2023 16:00,0,0,draw,1,https://optaplayerstats.statsperform.com/pt_BR/soccer/brasileir%C3%A3o-s%C3%A9rie-a-2023/czjx4rda7swlzql5d1cq90r8/match/view/casm1lanp9wwsuo8oil13u3v8,0,8,0,0,0,0,0,0,6,1,0,1,0,0,0,0,14,1,1,0,0,1.6,2.0,2.0,1.0,1.4,1.0,0.4,2.2,0.6,0.5333333333333333,128,0.8666666666666667,2.0,3.0,1.0,1.0,1.8,1.4,0.4,1.2,0.0,0.6666666666666666,128,0.6666666666666666,1
1284,cbb1lpxwfb8sekh3mxg4y98no,2023,2023-07-16 16:00:00,2023,7,domingo,16,São Paulo FC,Santos FC Sao Paulo,Morumbi,Braulio da Silva Machado,58.127,58127,16 de julho de 2023 16:00,4,1,home_win,0,https://optaplayerstats.statsperform.com/pt_BR/soccer/brasileir%C3%A3o-s%C3%A9rie-a-2023/czjx4rda7swlzql5d1cq90r8/match/view/cbb1lpxwfb8sekh3mxg4y98no,4,3,0,0,0,1,0,1,5,0,0,0,1,0,5,3,8,0,0,1,0,1.4,2.0,1.0,2.0,0.6,0.8,-0.2,2.6,0.2,0.4666666666666667,128,0.7999999999999999,0.8,1.0,1.0,3.0,1.2,2.2,-1.0,2.6,0.6,0.26666666666666666,128,0.26666666666666666,1
1285,ccu0rjjm1o7jp9nn5hfh0xa8k,2023,2023-07-16 16:00:00,2023,7,domingo,16,Fortaleza EC,Cuiabá EC,Castelão,Yuri Elino Ferreira da Cruz,43.048,43048,16 de julho de 2023 16:00,0,1,away_win,2,https://optaplayerstats.statsperform.com/pt_BR/soccer/brasileir%C3%A3o-s%C3%A9rie-a-2023/czjx4rda7swlzql5d1cq90r8/match/view/ccu0rjjm1o7jp9nn5hfh0xa8k,0,5,0,0,0,0,0,1,5,0,0,0,0,0,1,-1,10,0,0,0,0,1.8,3.0,0.0,2.0,0.8,1.0,-0.2,2.2,0.0,0.6,128,0.7333333333333334,1.0,1.0,2.0,2.0,1.0,0.8,0.2,2.4,0.2,0.3333333333333333,90,0.4666666666666666,1
1286,ccbnh646mcz3081k0zldr66ms,2023,2023-07-16 18:30:00,2023,7,domingo,18,SC Internacional,SE Palmeiras,Beira-Rio,Rodrigo José Pereira de Lima,43.686,43686,16 de julho de 2023 18:30,0,0,draw,1,https://optaplayerstats.statsperform.com/pt_BR/soccer/brasileir%C3%A3o-s%C3%A9rie-a-2023/czjx4rda7swlzql5d1cq90r8/match/view/ccbnh646mcz3081k0zldr66ms,0,2,0,0,0,0,0,0,3,0,0,0,0,0,0,0,5,0,0,0,0,2.0,3.0,1.0,1.0,1.0,0.8,0.2,3.4,0.0,0.6666666666666666,128,0.6666666666666666,1.0,1.0,2.0,2.0,1.0,1.0,0.0,1.8,0.2,0.3333333333333333,128,0.39999999999999997,1
1287,ccktsgpdidmkpfuad110zkaok,2023,2023-07-16 18:30:00,2023,7,domingo,18,Club Athletico Paranaense,EC Bahia,Arena da Baixada,Rafael Rodrigo Klein,16.142,16142,16 de julho de 2023 18:30,2,0,home_win,0,https://optaplayerstats.statsperform.com/pt_BR/soccer/brasileir%C3%A3o-s%C3%A9rie-a-2023/czjx4rda7swlzql5d1cq90r8/match/view/ccktsgpdidmkpfuad110zkaok,2,2,0,0,0,0,0,0,1,0,0,0,0,0,2,2,3,0,0,0,0,1.0,1.0,2.0,2.0,1.2,1.4,-0.2,3.6,0.0,0.3333333333333333,128,0.6666666666666666,1.0,1.0,2.0,2.0,1.2,1.4,-0.2,3.0,0.0,0.3333333333333333,14,0.13333333333333333,1
1288,cbte1vee7hnzx1d0a1p03s74k,2023,2023-07-17 20:00:00,2023,7,segunda-feira,20,Goiás EC,Clube Atlético Mineiro,Estádio Hailé Pinheiro (Serrinha),Raphael Claus,12.303,12303,17 de julho de 2023 20:00,0,0,draw,1,https://optaplayerstats.statsperform.com/pt_BR/soccer/brasileir%C3%A3o-s%C3%A9rie-a-2023/czjx4rda7swlzql5d1cq90r8/match/view/cbte1vee7hnzx1d0a1p03s74k,0,5,0,0,0,0,0,0,4,1,0,1,0,0,0,0,9,1,1,0,0,0.8,1.0,1.0,3.0,1.4,2.0,-0.6,3.0,0.2,0.26666666666666666,52,0.26666666666666666,0.6,0.0,3.0,2.0,1.0,1.4,-0.4,2.8,0.6,0.2,128,0.6666666666666666,1
1289,cdelcgcrpofluiuf1naq6b6z8,2023,2023-07-22 16:00:00,2023,7,sábado,16,CR Flamengo,América FC (Minas Gerais),Estádio Jornalista Mário Filho (Maracanã),Rodrigo José Pereira de Lima,65.402,65402,22 de julho de 2023 16:00,1,1,draw,1,https://optaplayerstats.statsperform.com/pt_BR/soccer/brasileir%C3%A3o-s%C3%A9rie-a-2023/czjx4rda7swlzql5d1cq90r8/match/view/cdelcgcrpofluiuf1naq6b6z8,1,2,0,0,0,0,0,1,4,0,0,0,0,0,2,0,6,0,0,0,0,1.6,2.0,2.0,1.0,1.2,1.4,-0.2,2.4,0.2,0.5333333333333333,129,0.8666666666666667,0.4,0.0,2.0,3.0,1.4,2.4,-1.0,2.2,0.2,0.13333333333333333,90,0.13333333333333333,1
1290,cdwsl9ui3d495a3gli4pp7f9w,2023,2023-07-22 16:00:00,2023,7,sábado,16,SE Palmeiras,Fortaleza EC,Allianz Parque,Rafael Rodrigo Klein,39.699,39699,22 de julho de 2023 16:00,3,1,home_win,0,https://optaplayerstats.statsperform.com/pt_BR/soccer/brasileir%C3%A3o-s%C3%A9rie-a-2023/czjx4rda7swlzql5d1cq90r8/match/view/cdwsl9ui3d495a3gli4pp7f9w,3,3,0,0,0,0,0,1,7,0,0,0,1,0,4,2,10,0,0,1,0,0.6,0.0,3.0,2.0,0.6,1.0,-0.4,2.0,0.2,0.2,129,0.5333333333333333,1.8,3.0,0.0,2.0,0.8,0.8,0.0,2.6,0.0,0.6,129,0.26666666666666666,1
1291,cffwjdvucpclilrftqh8k0pp0,2023,2023-07-22 18:30:00,2023,7,sábado,18,EC Bahia,SC Corinthians Paulista,Arena Fonte Nova,André Luiz Skettino Policarpo Bento,42.920,42920,22 de julho de 2023 18:30,0,0,draw,1,https://optaplayerstats.statsperform.com/pt_BR/soccer/brasileir%C3%A3o-s%C3%A9rie-a-2023/czjx4rda7swlzql5d1cq90r8/match/view/cffwjdvucpclilrftqh8k0pp0,0,3,0,0,0,0,0,0,2,0,0,0,0,0,0,0,5,0,0,0,0,0.8,1.0,1.0,3.0,0.8,1.4,-0.6,2.2,0.0,0.26666666666666666,15,0.3333333333333333,1.4,2.0,1.0,2.0,0.8,0.6,0.2,2.6,0.0,0.4666666666666667,128,0.39999999999999997,1
1292,cfoziqaxw2128g0du7tvg4mc4,2023,2023-07-22 18:30:00,2023,7,sábado,18,Cuiabá EC,São Paulo FC,Arena Pantanal,Bruno Mota Correia,34.072,34072,22 de julho de 2023 18:30,2,1,home_win,0,https://optaplayerstats.statsperform.com/pt_BR/soccer/brasileir%C3%A3o-s%C3%A9rie-a-2023/czjx4rda7swlzql5d1cq90r8/match/view/cfoziqaxw2128g0du7tvg4mc4,2,2,0,0,0,1,0,1,5,1,0,1,0,0,3,1,7,1,1,1,0,1.4,2.0,1.0,2.0,1.0,0.6,0.4,2.6,0.2,0.4666666666666667,91,0.3333333333333333,2.0,3.0,1.0,1.0,1.4,0.6,0.8,2.6,0.0,0.6666666666666666,129,0.19999999999999998,1
1293,cexkemqhewjfy5ruvlaahf66s,2023,2023-07-22 21:00:00,2023,7,sábado,21,Grêmio FB Porto Alegrense,Clube Atlético Mineiro,Arena do Grêmio,Luiz Flávio de Oliveira,35.073,35073,22 de julho de 2023 21:00,1,0,home_win,0,https://optaplayerstats.statsperform.com/pt_BR/soccer/brasileir%C3%A3o-s%C3%A9rie-a-2023/czjx4rda7swlzql5d1cq90r8/match/view/cexkemqhewjfy5ruvlaahf66s,1,3,0,0,0,0,0,0,4,0,0,0,0,0,1,1,7,0,0,0,0,1.8,3.0,0.0,2.0,2.0,1.6,0.4,2.0,0.0,0.6,14,0.7999999999999999,0.6,0.0,3.0,2.0,0.8,1.2,-0.4,3.2,0.8,0.2,129,0.5333333333333333,1
1294,ce5xl81hpctpx2e06g3pxqfis,2023,2023-07-23 16:00:00,2023,7,domingo,16,Santos FC Sao Paulo,Botafogo FR,Vila Belmiro,Ramon Abatti,No data,,23 de julho de 2023 16:00,2,2,draw,1,https://optaplayerstats.statsperform.com/pt_BR/soccer/brasileir%C3%A3o-s%C3%A9rie-a-2023/czjx4rda7swlzql5d1cq90r8/match/view/ce5xl81hpctpx2e06g3pxqfis,2,3,0,0,0,0,0,2,3,0,0,0,0,0,4,0,6,0,0,0,0,0.6,1.0,0.0,4.0,1.4,3.0,-1.6,3.4,0.4,0.2,129,0.3333333333333333,3.0,5.0,0.0,0.0,1.6,0.0,1.6,2.6,0.0,1.0,53,0.6,1
1295,cef2vg0633kkbwxknoru6tmok,2023,2023-07-23 16:00:00,2023,7,domingo,16,Red Bull Bragantino,SC Internacional,Nabizão,Maguielson Lima Barbosa,6.446,6446,23 de julho de 2023 16:00,0,0,draw,1,https://optaplayerstats.statsperform.com/pt_BR/soccer/brasileir%C3%A3o-s%C3%A9rie-a-2023/czjx4rda7swlzql5d1cq90r8/match/view/cef2vg0633kkbwxknoru6tmok,0,3,0,0,0,0,0,0,2,0,0,0,0,0,0,0,5,0,0,0,0,2.0,3.0,1.0,1.0,1.4,0.4,1.0,1.4,0.0,0.6666666666666666,129,0.8666666666666667,1.6,2.0,2.0,1.0,0.6,0.6,0.0,3.4,0.0,0.5333333333333333,129,0.4666666666666666,1
1296,ceoehewdfq2e1z2di0aqkmcr8,2023,2023-07-23 16:00:00,2023,7,domingo,16,Cruzeiro EC,Goiás EC,Estádio Raimundo Sampaio,Caio Max Augusto Vieira,21.688,21688,23 de julho de 2023 16:00,0,1,away_win,2,https://optaplayerstats.statsperform.com/pt_BR/soccer/brasileir%C3%A3o-s%C3%A9rie-a-2023/czjx4rda7swlzql5d1cq90r8/match/view/ceoehewdfq2e1z2di0aqkmcr8,0,4,0,0,0,0,0,1,6,0,0,0,0,0,1,-1,10,0,0,0,0,1.6,2.0,2.0,1.0,0.4,0.2,0.2,2.6,0.2,0.5333333333333333,15,0.26666666666666666,0.8,1.0,1.0,3.0,1.0,1.6,-0.6,3.4,0.2,0.26666666666666666,53,0.26666666666666666,1
1297,cdnl3qsdxvbqichj89ag7zgno,2023,2023-07-23 18:30:00,2023,7,domingo,18,CR Vasco da Gama,Club Athletico Paranaense,São Januário,Paulo Cesar Zanovelli da Silva,No data,,23 de julho de 2023 18:30,0,2,away_win,2,https://optaplayerstats.statsperform.com/pt_BR/soccer/brasileir%C3%A3o-s%C3%A9rie-a-2023/czjx4rda7swlzql5d1cq90r8/match/view/cdnl3qsdxvbqichj89ag7zgno,0,2,0,0,0,0,0,2,4,1,0,1,1,0,2,-2,6,1,1,1,0,0.6,1.0,0.0,4.0,0.4,1.2,-0.8,3.6,0.0,0.2,14,0.19999999999999998,1.4,2.0,1.0,2.0,1.2,1.0,0.2,3.2,0.0,0.4666666666666667,129,0.26666666666666666,1
1298,cf6rj6xx5ax2j5bhlju8v9638,2023,2023-07-24 19:00:00,2023,7,segunda-feira,19,Coritiba FBC,Fluminense FC,Couto Pereira,Flavio Rodrigues De Souza,30.481,30481,24 de julho de 2023 19:00,2,0,home_win,0,https://optaplayerstats.statsperform.com/pt_BR/soccer/brasileir%C3%A3o-s%C3%A9rie-a-2023/czjx4rda7swlzql5d1cq90r8/match/view/cf6rj6xx5ax2j5bhlju8v9638,2,2,0,0,0,1,0,0,1,0,0,0,0,0,2,2,3,0,0,1,0,1.4,2.0,1.0,2.0,1.2,1.6,-0.4,4.8,0.2,0.4666666666666667,53,0.3333333333333333,1.6,2.0,2.0,1.0,1.0,0.6,0.4,3.2,0.6,0.5333333333333333,129,0.26666666666666666,1
1299,cfyb1qxuy07wap3lymywqr3tg,2023,2023-07-29 16:00:00,2023,7,sábado,16,Fluminense FC,Santos FC Sao Paulo,Estádio Jornalista Mário Filho (Maracanã),Rodrigo José Pereira de Lima,34.211,34211,29 de julho de 2023 16:00,1,0,home_win,0,https://optaplayerstats.statsperform.com/pt_BR/soccer/brasileir%C3%A3o-s%C3%A9rie-a-2023/czjx4rda7swlzql5d1cq90r8/match/view/cfyb1qxuy07wap3lymywqr3tg,1,6,0,0,0,0,0,0,6,0,0,0,0,0,1,1,12,0,0,0,0,1.4,2.0,1.0,2.0,0.8,0.8,0.0,2.8,0.4,0.4666666666666667,130,0.7333333333333334,0.8,1.0,1.0,3.0,1.8,3.0,-1.2,3.6,0.4,0.26666666666666666,130,0.26666666666666666,1
1300,chh9v3efv1tlhf24a828wk844,2023,2023-07-29 16:00:00,2023,7,sábado,16,SC Internacional,Cuiabá EC,Beira-Rio,Matheus Delgado Candançan,32.897,32897,29 de julho de 2023 16:00,1,2,away_win,2,https://optaplayerstats.statsperform.com/pt_BR/soccer/brasileir%C3%A3o-s%C3%A9rie-a-2023/czjx4rda7swlzql5d1cq90r8/match/view/chh9v3efv1tlhf24a828wk844,1,4,0,1,1,0,0,2,2,0,0,0,0,0,3,-1,6,1,1,0,0,1.2,1.0,3.0,1.0,0.4,0.6,-0.2,3.0,0.0,0.4,130,0.5333333333333333,2.0,3.0,1.0,1.0,1.4,0.6,0.8,2.6,0.2,0.6666666666666666,92,0.6666666666666666,1
1301,chrykn0juykc1efg2lg6f4k5w,2023,2023-07-29 16:00:00,2023,7,sábado,16,Club Athletico Paranaense,Cruzeiro EC,Arena da Baixada,Yuri Elino Ferreira da Cruz,22.730,22730,29 de julho de 2023 16:00,3,3,draw,1,https://optaplayerstats.statsperform.com/pt_BR/soccer/brasileir%C3%A3o-s%C3%A9rie-a-2023/czjx4rda7swlzql5d1cq90r8/match/view/chrykn0juykc1efg2lg6f4k5w,3,1,0,0,0,1,0,3,5,1,0,1,0,0,6,0,6,1,1,1,0,2.0,3.0,1.0,1.0,1.4,0.6,0.8,3.6,0.2,0.6666666666666666,130,0.6666666666666666,1.6,2.0,2.0,1.0,0.4,0.2,0.2,2.4,0.2,0.5333333333333333,16,0.6,1
1302,cgpw0r1libo1grjgmvjw33fv8,2023,2023-07-29 18:30:00,2023,7,sábado,18,SC Corinthians Paulista,CR Vasco da Gama,Neo Química Arena,Leandro Pedro Vuaden,No data,,29 de julho de 2023 18:30,3,1,home_win,0,https://optaplayerstats.statsperform.com/pt_BR/soccer/brasileir%C3%A3o-s%C3%A9rie-a-2023/czjx4rda7swlzql5d1cq90r8/match/view/cgpw0r1libo1grjgmvjw33fv8,3,2,0,0,0,1,0,1,0,0,0,0,0,0,4,2,2,0,0,1,0,1.4,2.0,1.0,2.0,0.6,0.4,0.2,2.6,0.0,0.4666666666666667,129,0.39999999999999997,0.6,1.0,0.0,4.0,0.2,1.2,-1.0,3.4,0.0,0.2,15,0.06666666666666667,1
1303,ci105eytle96d79z5nymdorh0,2023,2023-07-29 18:30:00,2023,7,sábado,18,Fortaleza EC,Red Bull Bragantino,Castelão,André Luiz Skettino Policarpo Bento,26.124,26124,29 de julho de 2023 18:30,0,3,away_win,2,https://optaplayerstats.statsperform.com/pt_BR/soccer/brasileir%C3%A3o-s%C3%A9rie-a-2023/czjx4rda7swlzql5d1cq90r8/match/view/ci105eytle96d79z5nymdorh0,0,2,0,0,0,0,0,3,3,0,0,0,0,0,3,-3,5,0,0,0,0,1.2,2.0,0.0,3.0,0.8,1.4,-0.6,3.2,0.0,0.4,130,0.6666666666666666,1.6,2.0,2.0,1.0,0.6,0.4,0.2,2.0,0.0,0.5333333333333333,130,0.3333333333333333,1
1304,ch87c30zwr2mp5qgzdxnqu0wk,2023,2023-07-29 21:00:00,2023,7,sábado,21,Clube Atlético Mineiro,CR Flamengo,Estádio Raimundo Sampaio,Flavio Rodrigues De Souza,22.441,22441,29 de julho de 2023 21:00,1,2,away_win,2,https://optaplayerstats.statsperform.com/pt_BR/soccer/brasileir%C3%A3o-s%C3%A9rie-a-2023/czjx4rda7swlzql5d1cq90r8/match/view/ch87c30zwr2mp5qgzdxnqu0wk,1,3,0,0,0,0,0,2,5,0,0,0,0,0,3,-1,8,0,0,0,0,0.4,0.0,2.0,3.0,0.6,1.2,-0.6,3.0,0.8,0.13333333333333333,130,0.39999999999999997,1.8,2.0,3.0,0.0,1.4,0.8,0.6,2.8,0.2,0.6,130,0.5333333333333333,1
1305,cggoto5lxf05zoe10zcz02ln8,2023,2023-07-30 11:00:00,2023,7,domingo,11,São Paulo FC,EC Bahia,Morumbi,Ramon Abatti,56.078,56078,30 de julho de 2023 11:00,0,0,draw,1,https://optaplayerstats.statsperform.com/pt_BR/soccer/brasileir%C3%A3o-s%C3%A9rie-a-2023/czjx4rda7swlzql5d1cq90r8/match/view/cggoto5lxf05zoe10zcz02ln8,0,0,0,0,0,0,0,0,4,0,0,0,0,0,0,0,4,0,0,0,0,1.4,2.0,1.0,2.0,1.2,0.8,0.4,3.0,0.2,0.4666666666666667,130,0.7999999999999999,0.4,0.0,2.0,3.0,0.6,1.4,-0.8,2.0,0.0,0.13333333333333333,16,0.13333333333333333,1
1306,cg7iywnk066kapcer5ampv0no,2023,2023-07-30 16:00:00,2023,7,domingo,16,Botafogo FR,Coritiba FBC,Estádio Nilton Santos,João Vitor Gobi,43.071,43071,30 de julho de 2023 16:00,4,1,home_win,0,https://optaplayerstats.statsperform.com/pt_BR/soccer/brasileir%C3%A3o-s%C3%A9rie-a-2023/czjx4rda7swlzql5d1cq90r8/match/view/cg7iywnk066kapcer5ampv0no,4,1,0,0,0,0,0,1,3,0,0,0,0,0,5,3,4,0,0,0,0,2.6,4.0,1.0,0.0,1.8,0.4,1.4,2.8,0.0,0.8666666666666667,54,1.0,2.0,3.0,1.0,1.0,1.6,1.4,0.2,4.8,0.2,0.6666666666666666,54,0.3333333333333333,1
1307,cia5fbme271gcv6r1n6ntvuok,2023,2023-07-30 16:00:00,2023,7,domingo,16,América FC (Minas Gerais),SE Palmeiras,Estádio Raimundo Sampaio,Braulio da Silva Machado,5.928,5928,30 de julho de 2023 16:00,1,4,away_win,2,https://optaplayerstats.statsperform.com/pt_BR/soccer/brasileir%C3%A3o-s%C3%A9rie-a-2023/czjx4rda7swlzql5d1cq90r8/match/view/cia5fbme271gcv6r1n6ntvuok,1,2,0,0,0,0,0,4,1,0,0,0,0,0,5,-3,3,0,0,0,0,0.4,0.0,2.0,3.0,1.2,2.2,-1.0,2.6,0.2,0.13333333333333333,91,0.4666666666666666,1.2,1.0,3.0,1.0,1.2,1.0,0.2,2.0,0.2,0.4,130,0.39999999999999997,1
1308,cgz25tlfd359wk2ss0pe2702c,2023,2023-07-30 18:30:00,2023,7,domingo,18,Goiás EC,Grêmio FB Porto Alegrense,Estádio Hailé Pinheiro (Serrinha),Paulo Cesar Zanovelli da Silva,12.311,12311,30 de julho de 2023 18:30,1,1,draw,1,https://optaplayerstats.statsperform.com/pt_BR/soccer/brasileir%C3%A3o-s%C3%A9rie-a-2023/czjx4rda7swlzql5d1cq90r8/match/view/cgz25tlfd359wk2ss0pe2702c,1,4,0,0,0,0,0,1,2,0,0,0,0,0,2,0,6,0,0,0,0,0.8,1.0,1.0,3.0,1.0,1.6,-0.6,4.0,0.2,0.26666666666666666,54,0.3333333333333333,2.4,4.0,0.0,1.0,2.2,1.0,1.2,2.0,0.0,0.8,15,0.6,1
1309,cjbf3d05jymg286939u5is9p0,2023,2023-08-05 16:00:00,2023,8,sábado,16,Santos FC Sao Paulo,Club Athletico Paranaense,Vila Belmiro,André Luiz Skettino Policarpo Bento,No data,,5 de agosto de 2023 16:00,1,1,draw,1,https://optaplayerstats.statsperform.com/pt_BR/soccer/brasileir%C3%A3o-s%C3%A9rie-a-2023/czjx4rda7swlzql5d1cq90r8/match/view/cjbf3d05jymg286939u5is9p0,1,3,0,0,0,1,0,1,2,0,0,0,0,0,2,0,5,0,0,1,0,0.8,1.0,1.0,3.0,1.4,2.6,-1.2,4.4,0.4,0.26666666666666666,131,0.3333333333333333,1.6,2.0,2.0,1.0,1.8,1.2,0.6,2.8,0.2,0.5333333333333333,131,0.26666666666666666,1
1310,cjkm3jbfj2rjrvxnv89p88npw,2023,2023-08-05 18:30:00,2023,8,sábado,18,Goiás EC,Fortaleza EC,Estádio Hailé Pinheiro (Serrinha),Leandro Pedro Vuaden,8.384,8384,5 de agosto de 2023 18:30,1,0,home_win,0,https://optaplayerstats.statsperform.com/pt_BR/soccer/brasileir%C3%A3o-s%C3%A9rie-a-2023/czjx4rda7swlzql5d1cq90r8/match/view/cjkm3jbfj2rjrvxnv89p88npw,1,1,0,0,0,0,1,0,3,0,0,0,0,0,1,1,4,0,0,0,1,1.0,1.0,2.0,2.0,1.2,1.4,-0.2,4.4,0.2,0.3333333333333333,55,0.19999999999999998,0.6,1.0,0.0,4.0,0.4,1.8,-1.4,3.4,0.0,0.2,131,0.19999999999999998,1
1311,ck32vrn7fd6qajq4wx0vaoems,2023,2023-08-05 18:30:00,2023,8,sábado,18,SC Internacional,SC Corinthians Paulista,Beira-Rio,Wagner do Nascimento Magalhaes,23.519,23519,5 de agosto de 2023 18:30,2,2,draw,1,https://optaplayerstats.statsperform.com/pt_BR/soccer/brasileir%C3%A3o-s%C3%A9rie-a-2023/czjx4rda7swlzql5d1cq90r8/match/view/ck32vrn7fd6qajq4wx0vaoems,2,4,0,1,1,0,0,2,3,0,0,0,1,0,4,0,7,1,1,1,0,0.6,0.0,3.0,2.0,0.2,0.8,-0.6,3.6,0.2,0.2,131,0.5333333333333333,1.4,2.0,1.0,2.0,0.8,0.6,0.2,2.2,0.0,0.4666666666666667,130,0.4666666666666666,1
1312,cijxptizp0zzagdqvzpmsawb8,2023,2023-08-05 21:00:00,2023,8,sábado,21,Fluminense FC,SE Palmeiras,Estádio Jornalista Mário Filho (Maracanã),Ramon Abatti,31.037,31037,5 de agosto de 2023 21:00,2,1,home_win,0,https://optaplayerstats.statsperform.com/pt_BR/soccer/brasileir%C3%A3o-s%C3%A9rie-a-2023/czjx4rda7swlzql5d1cq90r8/match/view/cijxptizp0zzagdqvzpmsawb8,2,5,0,1,1,1,0,1,2,0,0,0,0,0,3,1,7,1,1,1,0,1.4,2.0,1.0,2.0,0.6,0.6,0.0,3.8,0.2,0.4666666666666667,131,0.7333333333333334,1.8,2.0,3.0,0.0,2.0,1.0,1.0,2.0,0.2,0.6,131,0.5333333333333333,1
1313,cit457jyj8c9ibhp842z0ed5g,2023,2023-08-06 16:00:00,2023,8,domingo,16,CR Vasco da Gama,Grêmio FB Porto Alegrense,São Januário,Luiz Flávio de Oliveira,No data,,6 de agosto de 2023 16:00,1,0,home_win,0,https://optaplayerstats.statsperform.com/pt_BR/soccer/brasileir%C3%A3o-s%C3%A9rie-a-2023/czjx4rda7swlzql5d1cq90r8/match/view/cit457jyj8c9ibhp842z0ed5g,1,1,0,0,0,0,0,0,1,0,0,0,0,0,1,1,2,0,0,0,0,0.6,1.0,0.0,4.0,0.4,1.6,-1.2,3.0,0.0,0.2,16,0.19999999999999998,2.0,3.0,1.0,1.0,1.8,1.0,0.8,2.4,0.0,0.6666666666666666,16,0.4666666666666666,1
1314,cj28zes38v46erqrkyz4bzytw,2023,2023-08-06 16:00:00,2023,8,domingo,16,São Paulo FC,Clube Atlético Mineiro,Morumbi,Rodrigo José Pereira de Lima,53.460,53460,6 de agosto de 2023 16:00,0,2,away_win,2,https://optaplayerstats.statsperform.com/pt_BR/soccer/brasileir%C3%A3o-s%C3%A9rie-a-2023/czjx4rda7swlzql5d1cq90r8/match/view/cj28zes38v46erqrkyz4bzytw,0,6,0,0,0,0,0,2,5,0,0,0,1,0,2,-2,11,0,0,1,0,1.6,2.0,2.0,1.0,1.2,0.6,0.6,2.4,0.2,0.5333333333333333,131,0.6666666666666666,0.4,0.0,2.0,3.0,0.6,1.2,-0.6,3.4,0.6,0.13333333333333333,131,0.3333333333333333,1
1315,cjtshptex738g0u14zdgh7ehg,2023,2023-08-06 18:30:00,2023,8,domingo,18,Cruzeiro EC,Botafogo FR,Mineirão,Raphael Claus,44.759,44759,6 de agosto de 2023 18:30,0,0,draw,1,https://optaplayerstats.statsperform.com/pt_BR/soccer/brasileir%C3%A3o-s%C3%A9rie-a-2023/czjx4rda7swlzql5d1cq90r8/match/view/cjtshptex738g0u14zdgh7ehg,0,1,0,0,0,0,0,0,2,0,0,0,0,0,0,0,3,0,0,0,0,1.2,1.0,3.0,1.0,0.8,0.8,0.0,3.2,0.4,0.4,17,0.26666666666666666,2.6,4.0,1.0,0.0,2.4,0.6,1.8,2.4,0.0,0.8666666666666667,55,0.6666666666666666,1
1316,ckcak67mjuhh3s0uaxasr6zv8,2023,2023-08-06 18:30:00,2023,8,domingo,18,Coritiba FBC,Red Bull Bragantino,Couto Pereira,Yuri Elino Ferreira da Cruz,31.721,31721,6 de agosto de 2023 18:30,0,1,away_win,2,https://optaplayerstats.statsperform.com/pt_BR/soccer/brasileir%C3%A3o-s%C3%A9rie-a-2023/czjx4rda7swlzql5d1cq90r8/match/view/ckcak67mjuhh3s0uaxasr6zv8,0,3,1,0,1,0,0,1,5,0,0,0,0,0,1,-1,8,1,1,0,0,2.0,3.0,1.0,1.0,1.6,1.2,0.4,4.6,0.0,0.6666666666666666,55,0.4666666666666666,1.6,2.0,2.0,1.0,0.8,0.4,0.4,2.2,0.0,0.5333333333333333,131,0.4666666666666666,1
1317,cklhyovn51xwwn6pbx3scp2qc,2023,2023-08-06 18:30:00,2023,8,domingo,18,EC Bahia,América FC (Minas Gerais),Arena Fonte Nova,Matheus Delgado Candançan,33.492,33492,6 de agosto de 2023 18:30,3,1,home_win,0,https://optaplayerstats.statsperform.com/pt_BR/soccer/brasileir%C3%A3o-s%C3%A9rie-a-2023/czjx4rda7swlzql5d1cq90r8/match/view/cklhyovn51xwwn6pbx3scp2qc,3,4,0,0,0,0,0,1,4,0,1,1,0,0,4,2,8,1,1,0,0,0.6,0.0,3.0,2.0,0.4,1.0,-0.6,2.8,0.0,0.2,17,0.39999999999999997,0.4,0.0,2.0,3.0,1.2,2.4,-1.2,2.6,0.0,0.13333333333333333,92,0.13333333333333333,1
1318,ckup3jjgojv9ub7bzsugf7bpw,2023,2023-08-06 20:00:00,2023,8,domingo,20,Cuiabá EC,CR Flamengo,Arena Pantanal,Anderson Daronco,33.091,33091,6 de agosto de 2023 20:00,3,0,home_win,0,https://optaplayerstats.statsperform.com/pt_BR/soccer/brasileir%C3%A3o-s%C3%A9rie-a-2023/czjx4rda7swlzql5d1cq90r8/match/view/ckup3jjgojv9ub7bzsugf7bpw,3,2,0,0,0,0,0,0,0,0,0,0,0,0,3,3,2,0,0,0,0,2.6,4.0,1.0,0.0,1.8,0.6,1.2,2.2,0.0,0.8666666666666667,93,0.5333333333333333,1.8,2.0,3.0,0.0,1.2,0.6,0.6,3.6,0.2,0.6,131,0.5333333333333333,1
1319,cld0zrv485j5eebbv0iwvc5jo,2023,2023-08-12 21:00:00,2023,8,sábado,21,Botafogo FR,SC Internacional,Estádio Nilton Santos,Flavio Rodrigues De Souza,39.598,39598,12 de agosto de 2023 21:00,3,1,home_win,0,https://optaplayerstats.statsperform.com/pt_BR/soccer/brasileir%C3%A3o-s%C3%A9rie-a-2023/czjx4rda7swlzql5d1cq90r8/match/view/cld0zrv485j5eebbv0iwvc5jo,3,3,0,0,0,0,1,1,3,0,0,0,0,0,4,2,6,0,0,0,1,2.2,3.0,2.0,0.0,2.0,0.6,1.4,2.4,0.0,0.7333333333333333,56,1.0,0.6,0.0,3.0,2.0,0.6,1.2,-0.6,3.0,0.4,0.2,132,0.5333333333333333,1
1320,cmfdiatd6pbxdfn371en935zo,2023,2023-08-13 11:00:00,2023,8,domingo,11,Clube Atlético Mineiro,EC Bahia,Mineirão,Sávio Pereira Sampaio,29.847,29847,13 de agosto de 2023 11:00,1,0,home_win,0,https://optaplayerstats.statsperform.com/pt_BR/soccer/brasileir%C3%A3o-s%C3%A9rie-a-2023/czjx4rda7swlzql5d1cq90r8/match/view/cmfdiatd6pbxdfn371en935zo,1,2,0,0,0,0,0,0,1,1,0,1,0,0,1,1,3,1,1,0,0,0.8,1.0,1.0,3.0,0.6,0.8,-0.2,3.8,0.2,0.26666666666666666,132,0.19999999999999998,1.2,1.0,3.0,1.0,0.8,0.8,0.0,3.0,0.0,0.4,18,0.19999999999999998,1
1321,clve12u5su54hhcizqv4tltlg,2023,2023-08-13 16:00:00,2023,8,domingo,16,SC Corinthians Paulista,Coritiba FBC,Neo Química Arena,Ramon Abatti,41.889,41889,13 de agosto de 2023 16:00,3,1,home_win,0,https://optaplayerstats.statsperform.com/pt_BR/soccer/brasileir%C3%A3o-s%C3%A9rie-a-2023/czjx4rda7swlzql5d1cq90r8/match/view/clve12u5su54hhcizqv4tltlg,3,2,0,0,0,0,0,1,2,0,0,0,0,1,4,2,4,0,0,0,1,1.6,2.0,2.0,1.0,1.2,0.8,0.4,2.4,0.0,0.5333333333333333,131,0.5333333333333333,1.4,2.0,1.0,2.0,1.2,1.2,0.0,3.4,0.2,0.4666666666666667,56,0.26666666666666666,1
1322,cmoj6q842fisz35s73ycyyvis,2023,2023-08-13 16:00:00,2023,8,domingo,16,Grêmio FB Porto Alegrense,Fluminense FC,Arena do Grêmio,Rodrigo José Pereira de Lima,36.695,36695,13 de agosto de 2023 16:00,2,1,home_win,0,https://optaplayerstats.statsperform.com/pt_BR/soccer/brasileir%C3%A3o-s%C3%A9rie-a-2023/czjx4rda7swlzql5d1cq90r8/match/view/cmoj6q842fisz35s73ycyyvis,2,3,0,0,0,0,0,1,5,0,0,0,0,0,3,1,8,0,0,0,0,1.4,2.0,1.0,2.0,0.8,1.0,-0.2,2.2,0.0,0.4666666666666667,17,0.7999999999999999,2.0,3.0,1.0,1.0,1.0,0.6,0.4,4.4,0.2,0.6666666666666666,132,0.06666666666666667,1
1323,cng65z36kr7pmwoujv6wmehhw,2023,2023-08-13 16:00:00,2023,8,domingo,16,América FC (Minas Gerais),Goiás EC,Estádio Raimundo Sampaio,Luiz Flávio de Oliveira,2.888,2888,13 de agosto de 2023 16:00,0,1,away_win,2,https://optaplayerstats.statsperform.com/pt_BR/soccer/brasileir%C3%A3o-s%C3%A9rie-a-2023/czjx4rda7swlzql5d1cq90r8/match/view/cng65z36kr7pmwoujv6wmehhw,0,0,1,0,1,0,0,1,1,0,0,0,0,0,1,-1,1,1,1,0,0,0.4,0.0,2.0,3.0,1.2,2.6,-1.4,3.0,0.2,0.13333333333333333,93,0.4666666666666666,1.6,2.0,2.0,1.0,1.2,1.0,0.2,3.6,0.2,0.5333333333333333,56,0.39999999999999997,1
1324,cl3v0zhgo999eafvj4ayy2sd0,2023,2023-08-13 18:30:00,2023,8,domingo,18,CR Flamengo,São Paulo FC,Estádio Jornalista Mário Filho (Maracanã),Rafael Rodrigo Klein,62.018,62018,13 de agosto de 2023 18:30,1,1,draw,1,https://optaplayerstats.statsperform.com/pt_BR/soccer/brasileir%C3%A3o-s%C3%A9rie-a-2023/czjx4rda7swlzql5d1cq90r8/match/view/cl3v0zhgo999eafvj4ayy2sd0,1,2,0,0,0,1,0,1,7,0,0,0,0,0,2,0,9,0,0,1,0,1.2,1.0,3.0,1.0,0.8,1.2,-0.4,3.2,0.2,0.4,132,0.7333333333333334,1.0,1.0,2.0,2.0,1.0,1.0,0.0,3.2,0.2,0.3333333333333333,132,0.13333333333333333,1
1325,cn6y2lz627vwxct01ys285wyc,2023,2023-08-13 18:30:00,2023,8,domingo,18,Fortaleza EC,Santos FC Sao Paulo,Castelão,Bruno Mota Correia,32.301,32301,13 de agosto de 2023 18:30,4,0,home_win,0,https://optaplayerstats.statsperform.com/pt_BR/soccer/brasileir%C3%A3o-s%C3%A9rie-a-2023/czjx4rda7swlzql5d1cq90r8/match/view/cn6y2lz627vwxct01ys285wyc,4,2,0,0,0,0,1,0,1,0,0,0,0,0,4,4,3,0,0,0,1,0.6,1.0,0.0,4.0,0.4,1.6,-1.2,4.0,0.0,0.2,132,0.4666666666666666,1.0,1.0,2.0,2.0,1.6,2.2,-0.6,4.6,0.4,0.3333333333333333,132,0.06666666666666667,1
1326,clm7s7xzdvbyfllb9y5odn1uc,2023,2023-08-14 19:00:00,2023,8,segunda-feira,19,SE Palmeiras,Cruzeiro EC,Allianz Parque,Wagner do Nascimento Magalhaes,38.555,38555,14 de agosto de 2023 19:00,1,0,home_win,0,https://optaplayerstats.statsperform.com/pt_BR/soccer/brasileir%C3%A3o-s%C3%A9rie-a-2023/czjx4rda7swlzql5d1cq90r8/match/view/clm7s7xzdvbyfllb9y5odn1uc,1,2,0,0,0,0,0,0,3,0,0,0,0,0,1,1,5,0,0,0,0,1.6,2.0,2.0,1.0,1.8,1.0,0.8,2.2,0.0,0.5333333333333333,132,0.5333333333333333,1.2,1.0,3.0,1.0,0.8,0.8,0.0,2.8,0.2,0.4,18,0.4666666666666666,1
1327,cm66y2w534iyha88ra1beirkk,2023,2023-08-14 21:00:00,2023,8,segunda-feira,21,Red Bull Bragantino,CR Vasco da Gama,Nabizão,Anderson Daronco,5.553,5553,14 de agosto de 2023 21:00,1,1,draw,1,https://optaplayerstats.statsperform.com/pt_BR/soccer/brasileir%C3%A3o-s%C3%A9rie-a-2023/czjx4rda7swlzql5d1cq90r8/match/view/cm66y2w534iyha88ra1beirkk,1,3,0,0,0,0,0,1,6,1,0,1,1,0,2,0,9,1,1,1,0,1.6,2.0,2.0,1.0,0.8,0.4,0.4,2.8,0.0,0.5333333333333333,132,0.7333333333333334,0.6,1.0,0.0,4.0,0.4,1.6,-1.2,2.0,0.0,0.2,17,0.0,1
1328,cmxqenmiysf1fpkezfg1zsm50,2023,2023-08-15 20:00:00,2023,8,terça-feira,20,Club Athletico Paranaense,Cuiabá EC,Arena da Baixada,Arthur Gomes Rabelo,17.474,17474,15 de agosto de 2023 20:00,2,0,home_win,0,https://optaplayerstats.statsperform.com/pt_BR/soccer/brasileir%C3%A3o-s%C3%A9rie-a-2023/czjx4rda7swlzql5d1cq90r8/match/view/cmxqenmiysf1fpkezfg1zsm50,2,6,0,0,0,0,0,0,3,0,0,0,0,0,2,2,9,0,0,0,0,1.6,2.0,2.0,1.0,1.6,1.0,0.6,2.4,0.2,0.5333333333333333,132,0.7333333333333334,2.6,4.0,1.0,0.0,1.8,0.6,1.2,2.6,0.0,0.8666666666666667,94,0.6666666666666666,1
1329,co7pj6u9tf6w8bpgvhq8uqk2c,2023,2023-08-19 16:00:00,2023,8,sábado,16,São Paulo FC,Botafogo FR,Morumbi,Ramon Abatti,51.946,51946,19 de agosto de 2023 16:00,0,0,draw,1,https://optaplayerstats.statsperform.com/pt_BR/soccer/brasileir%C3%A3o-s%C3%A9rie-a-2023/czjx4rda7swlzql5d1cq90r8/match/view/co7pj6u9tf6w8bpgvhq8uqk2c,0,4,0,0,0,0,0,0,2,0,0,0,0,0,0,0,6,0,0,0,0,1.0,1.0,2.0,2.0,1.2,1.2,0.0,4.2,0.2,0.3333333333333333,133,0.6666666666666666,2.2,3.0,2.0,0.0,2.2,0.8,1.4,2.0,0.0,0.7333333333333333,57,0.7333333333333334,1
1330,cp91xibb1q3hbz3eneppsfklw,2023,2023-08-19 16:00:00,2023,8,sábado,16,SC Internacional,Fortaleza EC,Beira-Rio,Yuri Elino Ferreira da Cruz,21.645,21645,19 de agosto de 2023 16:00,0,1,away_win,2,https://optaplayerstats.statsperform.com/pt_BR/soccer/brasileir%C3%A3o-s%C3%A9rie-a-2023/czjx4rda7swlzql5d1cq90r8/match/view/cp91xibb1q3hbz3eneppsfklw,0,5,0,0,0,0,0,1,5,0,0,0,1,0,1,-1,10,0,0,1,0,0.6,0.0,3.0,2.0,0.8,1.4,-0.6,3.0,0.4,0.2,133,0.39999999999999997,0.6,1.0,0.0,4.0,1.0,1.6,-0.6,3.8,0.0,0.2,133,0.19999999999999998,1
1331,cnpb1ly6qzx5qvok4ttlj7ggk,2023,2023-08-19 18:30:00,2023,8,sábado,18,Fluminense FC,América FC (Minas Gerais),Estádio Jornalista Mário Filho (Maracanã),Flavio Rodrigues De Souza,35.562,35562,19 de agosto de 2023 18:30,3,1,home_win,0,https://optaplayerstats.statsperform.com/pt_BR/soccer/brasileir%C3%A3o-s%C3%A9rie-a-2023/czjx4rda7swlzql5d1cq90r8/match/view/cnpb1ly6qzx5qvok4ttlj7ggk,3,1,0,0,0,0,0,1,1,0,0,0,0,0,4,2,2,0,0,0,0,1.4,2.0,1.0,2.0,0.8,1.0,-0.2,5.0,0.2,0.4666666666666667,133,0.8666666666666667,0.2,0.0,1.0,4.0,0.8,2.4,-1.6,2.6,0.4,0.06666666666666667,94,0.13333333333333333,1
1332,cq0y017xea3ivelvaquzqvs44,2023,2023-08-19 18:30:00,2023,8,sábado,18,Cuiabá EC,SE Palmeiras,Arena Pantanal,André Luiz Skettino Policarpo Bento,19.115,19115,19 de agosto de 2023 18:30,0,2,away_win,2,https://optaplayerstats.statsperform.com/pt_BR/soccer/brasileir%C3%A3o-s%C3%A9rie-a-2023/czjx4rda7swlzql5d1cq90r8/match/view/cq0y017xea3ivelvaquzqvs44,0,3,0,0,0,0,0,2,6,0,0,0,0,0,2,-2,9,0,0,0,0,2.4,4.0,0.0,1.0,1.6,0.8,0.8,2.8,0.0,0.8,95,0.6666666666666666,2.0,3.0,1.0,1.0,1.8,0.8,1.0,2.2,0.0,0.6666666666666666,133,0.3333333333333333,1
1333,cozufta45bf47icwqs1wholxw,2023,2023-08-19 21:00:00,2023,8,sábado,21,Cruzeiro EC,SC Corinthians Paulista,Mineirão,Rafael Rodrigo Klein,36.202,36202,19 de agosto de 2023 21:00,1,1,draw,1,https://optaplayerstats.statsperform.com/pt_BR/soccer/brasileir%C3%A3o-s%C3%A9rie-a-2023/czjx4rda7swlzql5d1cq90r8/match/view/cozufta45bf47icwqs1wholxw,1,3,0,0,0,0,0,1,3,0,0,0,0,0,2,0,6,0,0,0,0,0.6,0.0,3.0,2.0,0.6,1.0,-0.4,2.8,0.2,0.2,19,0.3333333333333333,2.2,3.0,2.0,0.0,1.8,0.8,1.0,2.2,0.0,0.7333333333333333,132,0.5333333333333333,1
1334,cnyj2labj4u0gqdxh03bnid5g,2023,2023-08-20 11:00:00,2023,8,domingo,11,CR Vasco da Gama,Clube Atlético Mineiro,Estádio Jornalista Mário Filho (Maracanã),Braulio da Silva Machado,53.540,53540,20 de agosto de 2023 11:00,1,0,home_win,0,https://optaplayerstats.statsperform.com/pt_BR/soccer/brasileir%C3%A3o-s%C3%A9rie-a-2023/czjx4rda7swlzql5d1cq90r8/match/view/cnyj2labj4u0gqdxh03bnid5g,1,6,0,0,0,0,0,0,3,0,0,0,0,0,1,1,9,0,0,0,0,0.8,1.0,1.0,3.0,0.6,1.4,-0.8,2.2,0.2,0.26666666666666666,18,0.39999999999999997,1.4,2.0,1.0,2.0,0.8,0.6,0.2,3.6,0.2,0.4666666666666667,133,0.3333333333333333,1
1335,coh2lcvntai9mlt57vz4z36dw,2023,2023-08-20 16:00:00,2023,8,domingo,16,Santos FC Sao Paulo,Grêmio FB Porto Alegrense,Vila Belmiro,Paulo Cesar Zanovelli da Silva,12.933,12933,20 de agosto de 2023 16:00,2,1,home_win,0,https://optaplayerstats.statsperform.com/pt_BR/soccer/brasileir%C3%A3o-s%C3%A9rie-a-2023/czjx4rda7swlzql5d1cq90r8/match/view/coh2lcvntai9mlt57vz4z36dw,2,7,0,0,0,0,0,1,5,1,1,2,0,0,3,1,12,2,1,0,0,0.4,0.0,2.0,3.0,0.8,2.4,-1.6,3.6,0.0,0.13333333333333333,133,0.3333333333333333,1.4,2.0,1.0,2.0,0.8,1.0,-0.2,2.2,0.0,0.4666666666666667,18,0.4666666666666666,1
1336,cpiarliagagbyoyjzycjipbtg,2023,2023-08-20 16:00:00,2023,8,domingo,16,Coritiba FBC,CR Flamengo,Couto Pereira,Raphael Claus,29.527,29527,20 de agosto de 2023 16:00,2,3,away_win,2,https://optaplayerstats.statsperform.com/pt_BR/soccer/brasileir%C3%A3o-s%C3%A9rie-a-2023/czjx4rda7swlzql5d1cq90r8/match/view/cpiarliagagbyoyjzycjipbtg,2,3,0,0,0,1,0,3,3,0,0,0,1,0,5,-1,6,0,0,1,0,0.8,1.0,1.0,3.0,0.8,1.6,-0.8,2.8,0.2,0.26666666666666666,57,0.4666666666666666,1.2,1.0,3.0,1.0,0.8,1.2,-0.4,3.0,0.2,0.4,133,0.5333333333333333,1
1337,cprqbw1hg3bytq2x1hg2krmdw,2023,2023-08-20 16:00:00,2023,8,domingo,16,EC Bahia,Red Bull Bragantino,Arena Fonte Nova,Arthur Gomes Rabelo,37.667,37667,20 de agosto de 2023 16:00,4,0,home_win,0,https://optaplayerstats.statsperform.com/pt_BR/soccer/brasileir%C3%A3o-s%C3%A9rie-a-2023/czjx4rda7swlzql5d1cq90r8/match/view/cprqbw1hg3bytq2x1hg2krmdw,4,2,0,0,0,0,0,0,5,0,0,0,0,0,4,4,7,0,0,0,0,1.0,1.0,2.0,2.0,0.6,0.8,-0.2,2.6,0.2,0.3333333333333333,19,0.5333333333333333,1.6,2.0,2.0,1.0,1.0,0.6,0.4,3.0,0.0,0.5333333333333333,133,0.6666666666666666,1
1338,coqkgq7lk5ydrxle8klqvzjtg,2023,2023-08-21 20:00:00,2023,8,segunda-feira,20,Goiás EC,Club Athletico Paranaense,Estádio Hailé Pinheiro (Serrinha),Marcelo de Lima Henrique,8.325,8325,21 de agosto de 2023 20:00,1,1,draw,1,https://optaplayerstats.statsperform.com/pt_BR/soccer/brasileir%C3%A3o-s%C3%A9rie-a-2023/czjx4rda7swlzql5d1cq90r8/match/view/coqkgq7lk5ydrxle8klqvzjtg,1,3,0,0,0,0,0,1,4,0,0,0,0,0,2,0,7,0,0,0,0,2.2,3.0,2.0,0.0,0.8,0.2,0.6,3.4,0.0,0.7333333333333333,57,0.39999999999999997,2.2,3.0,2.0,0.0,2.0,0.8,1.2,3.0,0.2,0.7333333333333333,133,0.3333333333333333,1
1339,cqai67j9o0dii87cu60zo3vh0,2023,2023-08-26 18:30:00,2023,8,sábado,18,CR Flamengo,SC Internacional,Estádio Jornalista Mário Filho (Maracanã),Edina Alves Batista,58.892,58892,26 de agosto de 2023 18:30,0,0,draw,1,https://optaplayerstats.statsperform.com/pt_BR/soccer/brasileir%C3%A3o-s%C3%A9rie-a-2023/czjx4rda7swlzql5d1cq90r8/match/view/cqai67j9o0dii87cu60zo3vh0,0,2,0,0,0,0,0,0,4,0,0,0,0,0,0,0,6,0,0,0,0,1.6,2.0,2.0,1.0,1.4,1.6,-0.2,2.4,0.0,0.5333333333333333,134,0.6,0.4,0.0,2.0,3.0,0.8,1.6,-0.8,3.6,0.4,0.13333333333333333,134,0.4666666666666666,1
1340,cr4ah310zahqjdrwqz9vqczro,2023,2023-08-26 21:00:00,2023,8,sábado,21,SC Corinthians Paulista,Goiás EC,Neo Química Arena,Paulo Cesar Zanovelli da Silva,37.081,37081,26 de agosto de 2023 21:00,1,1,draw,1,https://optaplayerstats.statsperform.com/pt_BR/soccer/brasileir%C3%A3o-s%C3%A9rie-a-2023/czjx4rda7swlzql5d1cq90r8/match/view/cr4ah310zahqjdrwqz9vqczro,1,3,0,0,0,0,0,1,1,0,0,0,1,0,2,0,4,0,0,1,0,1.8,2.0,3.0,0.0,1.8,1.0,0.8,2.4,0.0,0.6,133,0.6666666666666666,2.2,3.0,2.0,0.0,1.0,0.4,0.6,3.0,0.0,0.7333333333333333,58,0.6,1
1341,crdirktn4598o5ku8jx248npw,2023,2023-08-27 11:00:00,2023,8,domingo,11,Red Bull Bragantino,Cuiabá EC,Nabizão,Bruno Mota Correia,3.632,3632,27 de agosto de 2023 11:00,2,0,home_win,0,https://optaplayerstats.statsperform.com/pt_BR/soccer/brasileir%C3%A3o-s%C3%A9rie-a-2023/czjx4rda7swlzql5d1cq90r8/match/view/crdirktn4598o5ku8jx248npw,2,4,0,0,0,0,0,0,4,0,0,0,0,0,2,2,8,0,0,0,0,1.6,2.0,2.0,1.0,1.0,1.0,0.0,3.8,0.0,0.5333333333333333,134,0.6,1.8,3.0,0.0,2.0,1.4,1.2,0.2,2.4,0.0,0.6,96,0.4666666666666666,1
1342,cqli4c6390nhaa0p0uiibdmhg,2023,2023-08-27 16:00:00,2023,8,domingo,16,Botafogo FR,EC Bahia,Estádio Nilton Santos,Flavio Rodrigues De Souza,39.610,39610,27 de agosto de 2023 16:00,3,0,home_win,0,https://optaplayerstats.statsperform.com/pt_BR/soccer/brasileir%C3%A3o-s%C3%A9rie-a-2023/czjx4rda7swlzql5d1cq90r8/match/view/cqli4c6390nhaa0p0uiibdmhg,3,2,0,0,0,0,0,0,3,0,0,0,0,0,3,3,5,0,0,0,0,1.8,2.0,3.0,0.0,1.8,0.8,1.0,2.2,0.0,0.6,58,1.0,1.6,2.0,2.0,1.0,1.4,0.4,1.0,2.8,0.2,0.5333333333333333,20,0.13333333333333333,1
1343,crmq1epr31q07rel1ya8sky6s,2023,2023-08-27 16:00:00,2023,8,domingo,16,Clube Atlético Mineiro,Santos FC Sao Paulo,Arena MRV,Rafael Rodrigo Klein,29.782,29782,27 de agosto de 2023 16:00,2,0,home_win,0,https://optaplayerstats.statsperform.com/pt_BR/soccer/brasileir%C3%A3o-s%C3%A9rie-a-2023/czjx4rda7swlzql5d1cq90r8/match/view/crmq1epr31q07rel1ya8sky6s,2,5,0,0,0,0,0,0,2,0,0,0,0,0,2,2,7,0,0,0,0,1.2,2.0,0.0,3.0,0.8,0.8,0.0,3.4,0.0,0.4,134,0.3333333333333333,1.0,1.0,2.0,2.0,1.0,1.8,-0.8,4.0,0.0,0.3333333333333333,134,0.06666666666666667,1
1344,csnq94usiwy6aoegdj0y0h72s,2023,2023-08-27 16:00:00,2023,8,domingo,16,América FC (Minas Gerais),São Paulo FC,Estádio Raimundo Sampaio,Rodrigo José Pereira de Lima,5.105,5105,27 de agosto de 2023 16:00,2,1,home_win,0,https://optaplayerstats.statsperform.com/pt_BR/soccer/brasileir%C3%A3o-s%C3%A9rie-a-2023/czjx4rda7swlzql5d1cq90r8/match/view/csnq94usiwy6aoegdj0y0h72s,2,5,2,0,2,0,0,1,1,1,0,1,0,0,3,1,6,3,1,0,0,0.2,0.0,1.0,4.0,0.8,2.4,-1.6,2.2,0.4,0.06666666666666667,95,0.26666666666666666,0.6,0.0,3.0,2.0,0.4,1.0,-0.6,4.4,0.2,0.2,134,0.13333333333333333,1
1345,cquxzqrpt2759a3tz9jl1r1n8,2023,2023-08-27 18:30:00,2023,8,domingo,18,SE Palmeiras,CR Vasco da Gama,Allianz Parque,Wilton Pereira Sampaio,40.292,40292,27 de agosto de 2023 18:30,1,0,home_win,0,https://optaplayerstats.statsperform.com/pt_BR/soccer/brasileir%C3%A3o-s%C3%A9rie-a-2023/czjx4rda7swlzql5d1cq90r8/match/view/cquxzqrpt2759a3tz9jl1r1n8,1,2,0,0,0,0,0,0,3,0,0,0,0,0,1,1,5,0,0,0,0,2.4,4.0,0.0,1.0,2.2,0.8,1.4,2.8,0.0,0.8,134,0.6666666666666666,1.4,2.0,1.0,2.0,0.8,1.2,-0.4,3.0,0.2,0.4666666666666667,19,0.06666666666666667,1
1346,cs58sglcinnu1wmivq3450j6c,2023,2023-08-27 18:30:00,2023,8,domingo,18,Club Athletico Paranaense,Fluminense FC,Arena da Baixada,Raphael Claus,22.377,22377,27 de agosto de 2023 18:30,2,2,draw,1,https://optaplayerstats.statsperform.com/pt_BR/soccer/brasileir%C3%A3o-s%C3%A9rie-a-2023/czjx4rda7swlzql5d1cq90r8/match/view/cs58sglcinnu1wmivq3450j6c,2,3,1,0,1,0,0,2,3,0,0,0,0,0,4,0,6,1,1,0,0,1.8,2.0,3.0,0.0,1.8,1.0,0.8,3.4,0.2,0.6,134,0.7333333333333334,1.8,3.0,0.0,2.0,1.4,1.2,0.2,3.6,0.2,0.6,134,0.06666666666666667,1
1347,csekmps0716l3a0ybkiuz3eac,2023,2023-08-27 18:30:00,2023,8,domingo,18,Fortaleza EC,Coritiba FBC,PV,Matheus Delgado Candançan,12.467,12467,27 de agosto de 2023 18:30,3,1,home_win,0,https://optaplayerstats.statsperform.com/pt_BR/soccer/brasileir%C3%A3o-s%C3%A9rie-a-2023/czjx4rda7swlzql5d1cq90r8/match/view/csekmps0716l3a0ybkiuz3eac,3,3,0,0,0,1,0,1,6,0,0,0,0,0,4,2,9,0,0,1,0,1.2,2.0,0.0,3.0,1.2,1.4,-0.2,3.8,0.0,0.4,134,0.6,0.6,1.0,0.0,4.0,1.2,2.2,-1.0,2.6,0.2,0.2,58,0.26666666666666666,1
1348,crvymwqjauas58g7jdottsduc,2023,2023-08-27 19:00:00,2023,8,domingo,19,Grêmio FB Porto Alegrense,Cruzeiro EC,Arena do Grêmio,Marcelo de Lima Henrique,23.009,23009,27 de agosto de 2023 19:00,3,0,home_win,0,https://optaplayerstats.statsperform.com/pt_BR/soccer/brasileir%C3%A3o-s%C3%A9rie-a-2023/czjx4rda7swlzql5d1cq90r8/match/view/crvymwqjauas58g7jdottsduc,3,4,0,0,0,0,0,0,3,0,0,0,0,0,3,3,7,0,0,0,0,1.4,2.0,1.0,2.0,1.0,1.0,0.0,2.8,0.4,0.4666666666666667,19,0.7999999999999999,0.6,0.0,3.0,2.0,0.8,1.2,-0.4,3.2,0.2,0.2,20,0.39999999999999997,1
1349,ctxvyzlcyrcqzomsef6s292c4,2023,2023-09-02 16:00:00,2023,9,sábado,16,Goiás EC,SC Internacional,Estádio Hailé Pinheiro (Serrinha),Braulio da Silva Machado,11.038,11038,2 de setembro de 2023 16:00,0,0,draw,1,https://optaplayerstats.statsperform.com/pt_BR/soccer/brasileir%C3%A3o-s%C3%A9rie-a-2023/czjx4rda7swlzql5d1cq90r8/match/view/ctxvyzlcyrcqzomsef6s292c4,0,2,1,1,2,0,0,0,3,1,0,1,0,0,0,0,5,3,1,0,0,1.8,2.0,3.0,0.0,1.0,0.6,0.4,2.0,0.0,0.6,59,0.39999999999999997,0.4,0.0,2.0,3.0,0.8,1.6,-0.8,4.0,0.4,0.13333333333333333,135,0.3333333333333333,1
1350,cupfuz349j3r60m81xocte6ms,2023,2023-09-02 16:00:00,2023,9,sábado,16,Club Athletico Paranaense,Clube Atlético Mineiro,Arena da Baixada,Flavio Rodrigues De Souza,17.125,17125,2 de setembro de 2023 16:00,1,1,draw,1,https://optaplayerstats.statsperform.com/pt_BR/soccer/brasileir%C3%A3o-s%C3%A9rie-a-2023/czjx4rda7swlzql5d1cq90r8/match/view/cupfuz349j3r60m81xocte6ms,1,2,0,1,1,0,0,1,3,0,0,0,0,0,2,0,5,1,1,0,0,1.4,1.0,4.0,0.0,1.8,1.4,0.4,3.2,0.2,0.4666666666666667,135,0.6,1.8,3.0,0.0,2.0,1.2,0.6,0.6,3.6,0.0,0.6,135,0.26666666666666666,1
1351,ct6a7e71lmx9x817tgwdeos2c,2023,2023-09-02 21:00:00,2023,9,sábado,21,Botafogo FR,CR Flamengo,Estádio Nilton Santos,Raphael Claus,40.769,40769,2 de setembro de 2023 21:00,1,2,away_win,2,https://optaplayerstats.statsperform.com/pt_BR/soccer/brasileir%C3%A3o-s%C3%A9rie-a-2023/czjx4rda7swlzql5d1cq90r8/match/view/ct6a7e71lmx9x817tgwdeos2c,1,3,1,0,1,0,0,2,3,0,0,0,0,1,3,-1,6,1,1,0,1,2.2,3.0,2.0,0.0,2.0,0.4,1.6,2.0,0.0,0.7333333333333333,59,1.0,1.6,2.0,2.0,1.0,1.2,1.4,-0.2,2.4,0.0,0.5333333333333333,135,0.5333333333333333,1
1352,cug889bv8zo0t8aguxxmyffh0,2023,2023-09-03 11:00:00,2023,9,domingo,11,Grêmio FB Porto Alegrense,Cuiabá EC,Arena do Grêmio,Yuri Elino Ferreira da Cruz,37.304,37304,3 de setembro de 2023 11:00,2,0,home_win,0,https://optaplayerstats.statsperform.com/pt_BR/soccer/brasileir%C3%A3o-s%C3%A9rie-a-2023/czjx4rda7swlzql5d1cq90r8/match/view/cug889bv8zo0t8aguxxmyffh0,2,2,0,0,0,0,1,0,1,0,0,0,0,0,2,2,3,0,0,0,1,1.4,2.0,1.0,2.0,1.4,1.0,0.4,3.0,0.4,0.4666666666666667,20,0.7999999999999999,1.2,2.0,0.0,3.0,1.0,1.4,-0.4,2.8,0.0,0.4,97,0.39999999999999997,1
1353,cswvu9f21998pl033fco5yrro,2023,2023-09-03 16:00:00,2023,9,domingo,16,Fluminense FC,Fortaleza EC,Estádio Municipal General Raulino de Oliveira,André Luiz Skettino Policarpo Bento,10.035,10035,3 de setembro de 2023 16:00,1,0,home_win,0,https://optaplayerstats.statsperform.com/pt_BR/soccer/brasileir%C3%A3o-s%C3%A9rie-a-2023/czjx4rda7swlzql5d1cq90r8/match/view/cswvu9f21998pl033fco5yrro,1,5,0,0,0,0,0,0,3,0,0,0,0,0,1,1,8,0,0,0,0,2.0,3.0,1.0,1.0,1.8,1.2,0.6,4.0,0.2,0.6666666666666666,135,0.8666666666666667,1.8,3.0,0.0,2.0,1.6,1.0,0.6,3.0,0.0,0.6,135,0.39999999999999997,1
1354,ctom1sl6e894lu7hlmhfjymms,2023,2023-09-03 16:00:00,2023,9,domingo,16,SC Corinthians Paulista,SE Palmeiras,Neo Química Arena,Anderson Daronco,43.997,43997,3 de setembro de 2023 16:00,0,0,draw,1,https://optaplayerstats.statsperform.com/pt_BR/soccer/brasileir%C3%A3o-s%C3%A9rie-a-2023/czjx4rda7swlzql5d1cq90r8/match/view/ctom1sl6e894lu7hlmhfjymms,0,1,1,0,1,0,0,0,3,0,1,1,0,0,0,0,4,2,1,0,0,1.8,2.0,3.0,0.0,2.0,1.2,0.8,2.6,0.0,0.6,134,0.5333333333333333,2.4,4.0,0.0,1.0,1.8,0.6,1.2,2.6,0.0,0.8,135,0.5333333333333333,1
1355,cu73g69yki65mawod899cb3f8,2023,2023-09-03 18:30:00,2023,9,domingo,18,Cruzeiro EC,Red Bull Bragantino,Mineirão,Wagner do Nascimento Magalhaes,29.417,29417,3 de setembro de 2023 18:30,0,0,draw,1,https://optaplayerstats.statsperform.com/pt_BR/soccer/brasileir%C3%A3o-s%C3%A9rie-a-2023/czjx4rda7swlzql5d1cq90r8/match/view/cu73g69yki65mawod899cb3f8,0,1,0,0,0,0,0,0,5,0,0,0,0,0,0,0,6,0,0,0,0,0.6,0.0,3.0,2.0,0.8,1.6,-0.8,3.0,0.2,0.2,21,0.39999999999999997,2.0,3.0,1.0,1.0,1.4,1.0,0.4,4.0,0.0,0.6666666666666666,135,0.6,1
1356,cv080cew2q732uuy61odbxedw,2023,2023-09-03 18:30:00,2023,9,domingo,18,EC Bahia,CR Vasco da Gama,Arena Fonte Nova,Ramon Abatti,45.789,45789,3 de setembro de 2023 18:30,1,1,draw,1,https://optaplayerstats.statsperform.com/pt_BR/soccer/brasileir%C3%A3o-s%C3%A9rie-a-2023/czjx4rda7swlzql5d1cq90r8/match/view/cv080cew2q732uuy61odbxedw,1,2,0,0,0,0,0,1,3,1,0,1,1,0,2,0,5,1,1,1,0,1.4,2.0,1.0,2.0,1.4,1.0,0.4,2.8,0.2,0.4666666666666667,21,0.6666666666666666,1.4,2.0,1.0,2.0,0.8,1.0,-0.2,3.2,0.2,0.4666666666666667,20,0.06666666666666667,1
1357,cv9d05ww3kmygv9m6m7vf96vo,2023,2023-09-03 18:30:00,2023,9,domingo,18,América FC (Minas Gerais),Santos FC Sao Paulo,Estádio Raimundo Sampaio,Leandro Pedro Vuaden,3.654,3654,3 de setembro de 2023 18:30,2,0,home_win,0,https://optaplayerstats.statsperform.com/pt_BR/soccer/brasileir%C3%A3o-s%C3%A9rie-a-2023/czjx4rda7swlzql5d1cq90r8/match/view/cv9d05ww3kmygv9m6m7vf96vo,2,1,0,0,0,0,0,0,4,1,0,1,0,0,2,2,5,1,1,0,0,0.6,1.0,0.0,4.0,1.0,2.4,-1.4,2.4,0.8,0.2,96,0.26666666666666666,0.8,1.0,1.0,3.0,0.6,1.8,-1.2,3.8,0.0,0.26666666666666666,135,0.0,1
1358,cvim3310abhy0i3p1iqxatt04,2023,2023-09-13 21:30:00,2023,9,quarta-feira,21,CR Flamengo,Club Athletico Paranaense,Estádio Kleber José de Andrade,Rafael Rodrigo Klein,20.670,20670,13 de setembro de 2023 21:30,0,3,away_win,2,https://optaplayerstats.statsperform.com/pt_BR/soccer/brasileir%C3%A3o-s%C3%A9rie-a-2023/czjx4rda7swlzql5d1cq90r8/match/view/cvim3310abhy0i3p1iqxatt04,0,3,1,0,1,0,0,3,2,0,0,0,1,0,3,-3,5,1,1,1,0,1.6,2.0,2.0,1.0,1.2,1.4,-0.2,2.0,0.0,0.5333333333333333,136,0.6,1.4,1.0,4.0,0.0,1.4,1.0,0.4,3.4,0.4,0.4666666666666667,136,0.3333333333333333,1
1359,cx1vpwucrc4t3xyarh8qyb7ro,2023,2023-09-13 21:30:00,2023,9,quarta-feira,21,SC Internacional,São Paulo FC,Beira-Rio,Paulo Cesar Zanovelli da Silva,20.154,20154,13 de setembro de 2023 21:30,2,1,home_win,0,https://optaplayerstats.statsperform.com/pt_BR/soccer/brasileir%C3%A3o-s%C3%A9rie-a-2023/czjx4rda7swlzql5d1cq90r8/match/view/cx1vpwucrc4t3xyarh8qyb7ro,2,5,0,0,0,0,0,1,4,0,0,0,1,0,3,1,9,0,0,1,0,0.6,0.0,3.0,2.0,0.6,1.2,-0.6,3.8,0.4,0.2,136,0.19999999999999998,0.6,0.0,3.0,2.0,0.4,1.0,-0.6,3.6,0.2,0.2,135,0.13333333333333333,1
1360,cwa5y0jhtzws3dx7udnsc99uc,2023,2023-09-14 19:00:00,2023,9,quinta-feira,19,Santos FC Sao Paulo,Cruzeiro EC,Vila Belmiro,Braulio da Silva Machado,12.244,12244,14 de setembro de 2023 19:00,0,3,away_win,2,https://optaplayerstats.statsperform.com/pt_BR/soccer/brasileir%C3%A3o-s%C3%A9rie-a-2023/czjx4rda7swlzql5d1cq90r8/match/view/cwa5y0jhtzws3dx7udnsc99uc,0,3,0,0,0,0,0,3,2,0,0,0,0,0,3,-3,5,0,0,0,0,0.8,1.0,1.0,3.0,0.6,2.0,-1.4,3.4,0.2,0.26666666666666666,136,0.5333333333333333,0.6,0.0,3.0,2.0,0.2,1.0,-0.8,2.2,0.0,0.2,22,0.3333333333333333,1
1361,cxkadoa16acu8fggk6z5kr47o,2023,2023-09-14 19:00:00,2023,9,quinta-feira,19,Fortaleza EC,SC Corinthians Paulista,Castelão,Rodrigo José Pereira de Lima,32.690,32690,14 de setembro de 2023 19:00,2,1,home_win,0,https://optaplayerstats.statsperform.com/pt_BR/soccer/brasileir%C3%A3o-s%C3%A9rie-a-2023/czjx4rda7swlzql5d1cq90r8/match/view/cxkadoa16acu8fggk6z5kr47o,2,1,0,0,0,0,0,1,2,0,0,0,0,0,3,1,3,0,0,0,0,1.8,3.0,0.0,2.0,1.6,0.6,1.0,3.2,0.0,0.6,136,0.6,1.4,1.0,4.0,0.0,1.4,1.0,0.4,2.4,0.2,0.4666666666666667,135,0.39999999999999997,1
1362,cxb46ecrdyjxbpy44dmrpctn8,2023,2023-09-14 20:00:00,2023,9,quinta-feira,20,Coritiba FBC,EC Bahia,Couto Pereira,Wagner do Nascimento Magalhaes,20.775,20775,14 de setembro de 2023 20:00,2,4,away_win,2,https://optaplayerstats.statsperform.com/pt_BR/soccer/brasileir%C3%A3o-s%C3%A9rie-a-2023/czjx4rda7swlzql5d1cq90r8/match/view/cxb46ecrdyjxbpy44dmrpctn8,2,3,0,0,0,0,0,4,1,0,0,0,0,0,6,-2,4,0,0,0,0,0.0,0.0,0.0,5.0,1.0,2.8,-1.8,3.4,0.2,0.0,59,0.39999999999999997,1.4,2.0,1.0,2.0,1.6,1.2,0.4,2.4,0.2,0.4666666666666667,22,0.13333333333333333,1
1363,cwjjao13k7z1r9q2x4y2j4sus,2023,2023-09-14 21:30:00,2023,9,quinta-feira,21,Red Bull Bragantino,Grêmio FB Porto Alegrense,Nabizão,André Luiz Skettino Policarpo Bento,5.088,5088,14 de setembro de 2023 21:30,2,0,home_win,0,https://optaplayerstats.statsperform.com/pt_BR/soccer/brasileir%C3%A3o-s%C3%A9rie-a-2023/czjx4rda7swlzql5d1cq90r8/match/view/cwjjao13k7z1r9q2x4y2j4sus,2,4,0,0,0,0,1,0,2,0,0,0,0,0,2,2,6,0,0,0,1,1.6,2.0,2.0,1.0,0.8,1.0,-0.2,4.4,0.0,0.5333333333333333,136,0.6,1.8,3.0,0.0,2.0,1.6,0.8,0.8,3.0,0.4,0.6,21,0.26666666666666666,1
1364,cxtjno5m8p85jncky95gxh5as,2023,2023-09-15 20:00:00,2023,9,sexta-feira,20,Cuiabá EC,América FC (Minas Gerais),Arena Pantanal,Bruno Arleu de Araújo,8.509,8509,15 de setembro de 2023 20:00,2,2,draw,1,https://optaplayerstats.statsperform.com/pt_BR/soccer/brasileir%C3%A3o-s%C3%A9rie-a-2023/czjx4rda7swlzql5d1cq90r8/match/view/cxtjno5m8p85jncky95gxh5as,2,2,0,0,0,1,0,2,4,1,0,1,0,0,4,0,6,1,1,1,0,0.6,1.0,0.0,4.0,0.6,1.6,-1.0,2.6,0.0,0.2,98,0.6666666666666666,1.2,2.0,0.0,3.0,1.2,1.6,-0.4,2.2,0.8,0.4,97,0.13333333333333333,1
1365,cw0wxwcmrwa29wmhnhw2khses,2023,2023-09-15 21:30:00,2023,9,sexta-feira,21,SE Palmeiras,Goiás EC,Allianz Parque,Sávio Pereira Sampaio,38.146,38146,15 de setembro de 2023 21:30,1,0,home_win,0,https://optaplayerstats.statsperform.com/pt_BR/soccer/brasileir%C3%A3o-s%C3%A9rie-a-2023/czjx4rda7swlzql5d1cq90r8/match/view/cw0wxwcmrwa29wmhnhw2khses,1,3,0,0,0,0,0,0,2,0,1,1,0,0,1,1,5,1,1,0,0,2.0,3.0,1.0,1.0,1.0,0.4,0.6,3.0,0.2,0.6666666666666666,136,0.6666666666666666,1.8,2.0,3.0,0.0,0.8,0.4,0.4,1.6,0.4,0.6,60,0.4666666666666666,1
1366,cvrp6gjdza8ek3px9wbi41gk4,2023,2023-09-16 16:00:00,2023,9,sábado,16,CR Vasco da Gama,Fluminense FC,Estádio Nilton Santos,Raphael Claus,35.850,35850,16 de setembro de 2023 16:00,4,2,home_win,0,https://optaplayerstats.statsperform.com/pt_BR/soccer/brasileir%C3%A3o-s%C3%A9rie-a-2023/czjx4rda7swlzql5d1cq90r8/match/view/cvrp6gjdza8ek3px9wbi41gk4,4,4,0,0,0,0,0,2,1,0,0,0,0,0,6,2,5,0,0,0,0,1.6,2.0,2.0,1.0,0.8,0.6,0.2,3.8,0.4,0.5333333333333333,21,0.6,2.0,3.0,1.0,1.0,1.8,1.2,0.6,3.8,0.2,0.6666666666666666,136,0.13333333333333333,1
1367,cwsr1w5te8b6uj6hgo6cxmexg,2023,2023-09-16 21:00:00,2023,9,sábado,21,Clube Atlético Mineiro,Botafogo FR,Arena MRV,Ramon Abatti,31.720,31720,16 de setembro de 2023 21:00,1,0,home_win,0,https://optaplayerstats.statsperform.com/pt_BR/soccer/brasileir%C3%A3o-s%C3%A9rie-a-2023/czjx4rda7swlzql5d1cq90r8/match/view/cwsr1w5te8b6uj6hgo6cxmexg,1,2,0,0,0,0,0,0,1,0,0,0,0,0,1,1,3,0,0,0,0,2.0,3.0,1.0,1.0,1.2,0.4,0.8,3.6,0.0,0.6666666666666666,136,0.4666666666666666,1.6,2.0,2.0,1.0,1.4,0.6,0.8,2.4,0.2,0.5333333333333333,60,0.6,1
1368,d05ziipmu37kq6kx89qqvkpp0,2023,2023-09-18 20:00:00,2023,9,segunda-feira,20,EC Bahia,Santos FC Sao Paulo,Arena Fonte Nova,Ramon Abatti,41.006,41006,18 de setembro de 2023 20:00,1,2,away_win,2,https://optaplayerstats.statsperform.com/pt_BR/soccer/brasileir%C3%A3o-s%C3%A9rie-a-2023/czjx4rda7swlzql5d1cq90r8/match/view/d05ziipmu37kq6kx89qqvkpp0,1,1,0,0,0,0,0,2,2,0,0,0,0,0,3,-1,3,0,0,0,0,1.4,2.0,1.0,2.0,1.8,1.4,0.4,1.8,0.2,0.4666666666666667,23,0.5333333333333333,0.6,1.0,0.0,4.0,0.4,2.4,-2.0,3.4,0.2,0.2,137,0.0,1
1369,cbk5nefmno9vm51u13eybagpg,2023,2023-09-18 21:00:00,2023,9,segunda-feira,21,SC Corinthians Paulista,Grêmio FB Porto Alegrense,Neo Química Arena,Wilton Pereira Sampaio,35.796,35796,18 de setembro de 2023 21:00,4,4,draw,1,https://optaplayerstats.statsperform.com/pt_BR/soccer/brasileir%C3%A3o-s%C3%A9rie-a-2023/czjx4rda7swlzql5d1cq90r8/match/view/cbk5nefmno9vm51u13eybagpg,4,1,0,0,0,1,0,4,1,0,0,0,0,0,8,0,2,0,0,1,0,1.2,1.0,3.0,1.0,1.2,1.0,0.2,2.2,0.2,0.4,136,0.5333333333333333,1.8,3.0,0.0,2.0,1.6,1.0,0.6,3.2,0.4,0.6,22,0.26666666666666666,1
1370,d0f7jndss975dosimbmzz8qac,2023,2023-09-19 21:30:00,2023,9,terça-feira,21,América FC (Minas Gerais),Red Bull Bragantino,Estádio Raimundo Sampaio,Marcelo de Lima Henrique,2.247,2247,19 de setembro de 2023 21:30,0,2,away_win,2,https://optaplayerstats.statsperform.com/pt_BR/soccer/brasileir%C3%A3o-s%C3%A9rie-a-2023/czjx4rda7swlzql5d1cq90r8/match/view/d0f7jndss975dosimbmzz8qac,0,1,0,0,0,0,0,2,2,0,0,0,0,0,2,-2,3,0,0,0,0,1.4,2.0,1.0,2.0,1.4,1.4,0.0,2.2,0.8,0.4666666666666667,98,0.39999999999999997,1.6,2.0,2.0,1.0,1.0,1.0,0.0,4.2,0.0,0.5333333333333333,137,0.4666666666666666,1
1371,cz3qciu8uehafvqy3nbg7getw,2023,2023-09-20 19:00:00,2023,9,quarta-feira,19,Goiás EC,CR Flamengo,Estádio Hailé Pinheiro (Serrinha),Raphael Claus,13.799,13799,20 de setembro de 2023 19:00,0,0,draw,1,https://optaplayerstats.statsperform.com/pt_BR/soccer/brasileir%C3%A3o-s%C3%A9rie-a-2023/czjx4rda7swlzql5d1cq90r8/match/view/cz3qciu8uehafvqy3nbg7getw,0,1,0,0,0,0,0,0,3,0,0,0,0,0,0,0,4,0,0,0,0,1.2,1.0,3.0,1.0,0.6,0.6,0.0,1.8,0.6,0.4,61,0.4666666666666666,1.6,2.0,2.0,1.0,1.2,1.4,-0.2,2.6,0.2,0.5333333333333333,137,0.6666666666666666,1
1372,cy2twg31zemswxf4gwxb6dw5w,2023,2023-09-20 21:30:00,2023,9,quarta-feira,21,Fluminense FC,Cruzeiro EC,Estádio Jornalista Mário Filho (Maracanã),Matheus Delgado Candançan,28.985,28985,20 de setembro de 2023 21:30,1,0,home_win,0,https://optaplayerstats.statsperform.com/pt_BR/soccer/brasileir%C3%A3o-s%C3%A9rie-a-2023/czjx4rda7swlzql5d1cq90r8/match/view/cy2twg31zemswxf4gwxb6dw5w,1,6,0,0,0,0,0,0,1,0,0,0,0,0,1,1,7,0,0,0,0,1.4,2.0,1.0,2.0,1.8,1.8,0.0,3.0,0.0,0.4666666666666667,137,0.8666666666666667,1.0,1.0,2.0,2.0,0.8,1.0,-0.2,2.4,0.0,0.3333333333333333,23,0.4666666666666666,1
1373,cylfp2b3zo1t9hoan2vlji61g,2023,2023-09-20 21:30:00,2023,9,quarta-feira,21,São Paulo FC,Fortaleza EC,Morumbi,Yuri Elino Ferreira da Cruz,24.777,24777,20 de setembro de 2023 21:30,1,2,away_win,2,https://optaplayerstats.statsperform.com/pt_BR/soccer/brasileir%C3%A3o-s%C3%A9rie-a-2023/czjx4rda7swlzql5d1cq90r8/match/view/cylfp2b3zo1t9hoan2vlji61g,1,3,0,0,0,0,0,2,6,0,0,0,1,0,3,-1,9,0,0,1,0,0.4,0.0,2.0,3.0,0.6,1.4,-0.8,4.4,0.2,0.13333333333333333,136,0.5333333333333333,2.4,4.0,0.0,1.0,2.0,0.6,1.4,2.8,0.0,0.8,137,0.19999999999999998,1
1374,cybzyd4fmtay3mjmdrhckgff8,2023,2023-09-21 19:00:00,2023,9,quinta-feira,19,CR Vasco da Gama,Coritiba FBC,São Januário,Flavio Rodrigues De Souza,20.231,20231,21 de setembro de 2023 19:00,5,1,home_win,0,https://optaplayerstats.statsperform.com/pt_BR/soccer/brasileir%C3%A3o-s%C3%A9rie-a-2023/czjx4rda7swlzql5d1cq90r8/match/view/cybzyd4fmtay3mjmdrhckgff8,5,1,0,0,0,0,0,1,3,0,0,0,0,0,6,4,4,0,0,0,0,1.6,2.0,2.0,1.0,1.4,1.0,0.4,4.4,0.4,0.5333333333333333,22,0.6,0.0,0.0,0.0,5.0,1.2,2.8,-1.6,3.4,0.2,0.0,60,0.26666666666666666,1
1375,czwwkyilu21gqsy405ys1w2l0,2023,2023-09-21 19:30:00,2023,9,quinta-feira,19,Club Athletico Paranaense,SC Internacional,Arena da Baixada,Wagner do Nascimento Magalhaes,24.871,24871,21 de setembro de 2023 19:30,2,1,home_win,0,https://optaplayerstats.statsperform.com/pt_BR/soccer/brasileir%C3%A3o-s%C3%A9rie-a-2023/czjx4rda7swlzql5d1cq90r8/match/view/czwwkyilu21gqsy405ys1w2l0,2,3,0,0,0,0,0,1,5,0,0,0,0,0,3,1,8,0,0,0,0,1.8,2.0,3.0,0.0,1.8,0.8,1.0,3.4,0.4,0.6,137,0.6,1.0,1.0,2.0,2.0,0.6,1.0,-0.4,4.0,0.2,0.3333333333333333,137,0.19999999999999998,1
1376,cznosiuwjyoq3ta4e9gwo9qfo,2023,2023-09-21 21:30:00,2023,9,quinta-feira,21,Grêmio FB Porto Alegrense,SE Palmeiras,Arena do Grêmio,Bruno Arleu de Araújo,27.060,27060,21 de setembro de 2023 21:30,1,0,home_win,0,https://optaplayerstats.statsperform.com/pt_BR/soccer/brasileir%C3%A3o-s%C3%A9rie-a-2023/czjx4rda7swlzql5d1cq90r8/match/view/cznosiuwjyoq3ta4e9gwo9qfo,1,4,0,1,1,0,0,0,3,0,0,0,0,0,1,1,7,1,1,0,0,1.4,2.0,1.0,2.0,2.0,1.6,0.4,2.8,0.4,0.4666666666666667,23,0.7999999999999999,2.6,4.0,1.0,0.0,1.0,0.0,1.0,3.2,0.2,0.8666666666666667,137,0.5333333333333333,1
1377,cyukedi66bbybe7z9y4cg36z8,2023,2023-09-22 20:00:00,2023,9,sexta-feira,20,SC Corinthians Paulista,Botafogo FR,Neo Química Arena,Paulo Cesar Zanovelli da Silva,37.237,37237,22 de setembro de 2023 20:00,1,0,home_win,0,https://optaplayerstats.statsperform.com/pt_BR/soccer/brasileir%C3%A3o-s%C3%A9rie-a-2023/czjx4rda7swlzql5d1cq90r8/match/view/cyukedi66bbybe7z9y4cg36z8,1,4,0,0,0,0,0,0,4,1,0,1,0,0,1,1,8,1,1,0,0,0.8,0.0,4.0,1.0,1.4,1.6,-0.2,2.0,0.2,0.26666666666666666,137,0.6,1.4,2.0,1.0,2.0,1.4,0.8,0.6,2.2,0.2,0.4666666666666667,61,0.39999999999999997,1
1378,czekgkdt0w0jqjwwxyqn0mcr8,2023,2023-09-23 21:00:00,2023,9,sábado,21,Clube Atlético Mineiro,Cuiabá EC,Arena MRV,Rodrigo José Pereira de Lima,36.104,36104,23 de setembro de 2023 21:00,1,0,home_win,0,https://optaplayerstats.statsperform.com/pt_BR/soccer/brasileir%C3%A3o-s%C3%A9rie-a-2023/czjx4rda7swlzql5d1cq90r8/match/view/czekgkdt0w0jqjwwxyqn0mcr8,1,3,0,0,0,0,0,0,3,0,0,0,0,0,1,1,6,0,0,0,0,2.0,3.0,1.0,1.0,1.0,0.4,0.6,3.0,0.0,0.6666666666666666,137,0.6,0.2,0.0,1.0,4.0,0.4,2.0,-1.6,2.6,0.0,0.06666666666666667,99,0.39999999999999997,1
1379,cd3lyc9osmkbavg688f2pb02c,2023,2023-09-25 20:00:00,2023,9,segunda-feira,20,América FC (Minas Gerais),CR Vasco da Gama,Estádio Raimundo Sampaio,Ramon Abatti,8.498,8498,25 de setembro de 2023 20:00,0,1,away_win,2,https://optaplayerstats.statsperform.com/pt_BR/soccer/brasileir%C3%A3o-s%C3%A9rie-a-2023/czjx4rda7swlzql5d1cq90r8/match/view/cd3lyc9osmkbavg688f2pb02c,0,3,2,0,2,0,0,1,2,0,0,0,0,0,1,-1,5,2,1,0,0,1.4,2.0,1.0,2.0,1.4,1.6,-0.2,2.4,0.6,0.4666666666666667,99,0.39999999999999997,2.0,3.0,1.0,1.0,2.2,1.0,1.2,3.4,0.2,0.6666666666666666,23,0.13333333333333333,1
1380,ctfds23roeocp7k0uy5wx2ec4,2023,2023-09-27 19:00:00,2023,9,quarta-feira,19,São Paulo FC,Coritiba FBC,Morumbi,Sávio Pereira Sampaio,31.720,31720,27 de setembro de 2023 19:00,2,1,home_win,0,https://optaplayerstats.statsperform.com/pt_BR/soccer/brasileir%C3%A3o-s%C3%A9rie-a-2023/czjx4rda7swlzql5d1cq90r8/match/view/ctfds23roeocp7k0uy5wx2ec4,2,2,0,0,0,1,0,1,3,0,0,0,0,0,3,1,5,0,0,1,0,0.4,0.0,2.0,3.0,0.8,1.4,-0.6,3.8,0.2,0.13333333333333333,137,0.3333333333333333,0.0,0.0,0.0,5.0,1.4,3.6,-2.2,3.4,0.0,0.0,61,0.06666666666666667,1
1381,d0of4obvourva15bmaui8nndg,2023,2023-09-30 16:00:00,2023,9,sábado,16,CR Flamengo,EC Bahia,Estádio Jornalista Mário Filho (Maracanã),Sávio Pereira Sampaio,46.472,46472,30 de setembro de 2023 16:00,1,0,home_win,0,https://optaplayerstats.statsperform.com/pt_BR/soccer/brasileir%C3%A3o-s%C3%A9rie-a-2023/czjx4rda7swlzql5d1cq90r8/match/view/d0of4obvourva15bmaui8nndg,1,1,0,0,0,1,0,0,2,1,0,1,0,0,1,1,3,1,1,1,0,1.6,2.0,2.0,1.0,1.0,1.2,-0.2,2.8,0.2,0.5333333333333333,138,0.39999999999999997,1.4,2.0,1.0,2.0,2.0,1.6,0.4,1.8,0.0,0.4666666666666667,24,0.26666666666666666,1
1382,d2qk5fhc8bj3iao6vi0y69fro,2023,2023-09-30 16:00:00,2023,9,sábado,16,Fortaleza EC,Grêmio FB Porto Alegrense,Castelão,Raphael Claus,23.749,23749,30 de setembro de 2023 16:00,1,1,draw,1,https://optaplayerstats.statsperform.com/pt_BR/soccer/brasileir%C3%A3o-s%C3%A9rie-a-2023/czjx4rda7swlzql5d1cq90r8/match/view/d2qk5fhc8bj3iao6vi0y69fro,1,1,0,0,0,1,0,1,2,0,0,0,0,0,2,0,3,0,0,1,0,2.4,4.0,0.0,1.0,1.6,0.8,0.8,3.6,0.0,0.8,138,0.6,2.0,3.0,1.0,1.0,2.0,1.2,0.8,2.6,0.2,0.6666666666666666,24,0.13333333333333333,1
1383,d1702oacrkz4s2h8g4uprw650,2023,2023-09-30 18:30:00,2023,9,sábado,18,São Paulo FC,SC Corinthians Paulista,Morumbi,Flavio Rodrigues De Souza,56.735,56735,30 de setembro de 2023 18:30,2,1,home_win,0,https://optaplayerstats.statsperform.com/pt_BR/soccer/brasileir%C3%A3o-s%C3%A9rie-a-2023/czjx4rda7swlzql5d1cq90r8/match/view/d1702oacrkz4s2h8g4uprw650,2,5,0,0,0,0,0,1,2,0,0,0,0,0,3,1,7,0,0,0,0,0.8,1.0,1.0,3.0,1.0,1.4,-0.4,2.8,0.2,0.26666666666666666,138,0.3333333333333333,1.2,1.0,3.0,1.0,1.4,1.4,0.0,2.2,0.2,0.4,138,0.39999999999999997,1
1384,d2zwno67gnhffkgia5n3b5yqc,2023,2023-09-30 18:30:00,2023,9,sábado,18,Cuiabá EC,Fluminense FC,Arena Pantanal,Paulo Cesar Zanovelli da Silva,8.358,8358,30 de setembro de 2023 18:30,3,0,home_win,0,https://optaplayerstats.statsperform.com/pt_BR/soccer/brasileir%C3%A3o-s%C3%A9rie-a-2023/czjx4rda7swlzql5d1cq90r8/match/view/d2zwno67gnhffkgia5n3b5yqc,3,3,0,0,0,0,0,0,3,0,1,1,0,0,3,3,6,1,1,0,0,0.2,0.0,1.0,4.0,0.4,1.8,-1.4,2.6,0.0,0.06666666666666667,100,0.5333333333333333,2.0,3.0,1.0,1.0,1.8,1.4,0.4,3.2,0.0,0.6666666666666666,138,0.06666666666666667,1
1385,d27y42yqe7v01gmpy6a8erp5g,2023,2023-09-30 21:00:00,2023,9,sábado,21,SC Internacional,Clube Atlético Mineiro,Beira-Rio,Ramon Abatti,24.835,24835,30 de setembro de 2023 21:00,0,2,away_win,2,https://optaplayerstats.statsperform.com/pt_BR/soccer/brasileir%C3%A3o-s%C3%A9rie-a-2023/czjx4rda7swlzql5d1cq90r8/match/view/d27y42yqe7v01gmpy6a8erp5g,0,1,1,0,1,0,0,2,1,0,0,0,0,0,2,-2,2,1,1,0,0,1.0,1.0,2.0,2.0,0.6,0.8,-0.2,4.4,0.2,0.3333333333333333,138,0.3333333333333333,2.0,3.0,1.0,1.0,1.0,0.4,0.6,3.2,0.0,0.6666666666666666,138,0.3333333333333333,1
1386,d1gb23ql2s6bv01ovf2g06j2s,2023,2023-10-01 16:00:00,2023,10,domingo,16,Santos FC Sao Paulo,CR Vasco da Gama,Vila Belmiro,Anderson Daronco,13.545,13545,1 de outubro de 2023 16:00,4,1,home_win,0,https://optaplayerstats.statsperform.com/pt_BR/soccer/brasileir%C3%A3o-s%C3%A9rie-a-2023/czjx4rda7swlzql5d1cq90r8/match/view/d1gb23ql2s6bv01ovf2g06j2s,4,5,2,0,2,1,0,1,1,1,0,1,0,0,5,3,6,3,1,1,0,1.2,2.0,0.0,3.0,0.8,1.8,-1.0,3.6,0.2,0.4,138,0.5333333333333333,2.0,3.0,1.0,1.0,2.2,1.0,1.2,2.6,0.2,0.6666666666666666,24,0.3333333333333333,1
1387,d1ylu3pldsirczy8hpbklxgd0,2023,2023-10-01 16:00:00,2023,10,domingo,16,Cruzeiro EC,América FC (Minas Gerais),Mineirão,Leandro Pedro Vuaden,44.279,44279,1 de outubro de 2023 16:00,1,1,draw,1,https://optaplayerstats.statsperform.com/pt_BR/soccer/brasileir%C3%A3o-s%C3%A9rie-a-2023/czjx4rda7swlzql5d1cq90r8/match/view/d1ylu3pldsirczy8hpbklxgd0,1,3,1,0,1,0,0,1,3,0,0,0,0,0,2,0,6,1,1,0,0,1.0,1.0,2.0,2.0,0.8,1.0,-0.2,2.0,0.0,0.3333333333333333,24,0.26666666666666666,1.4,2.0,1.0,2.0,1.2,1.2,0.0,2.8,1.0,0.4666666666666667,100,0.13333333333333333,1
1388,d2h93ga5ft13y4sor3ujuiexg,2023,2023-10-01 16:00:00,2023,10,domingo,16,Coritiba FBC,Club Athletico Paranaense,Couto Pereira,Bruno Arleu de Araújo,18.817,18817,1 de outubro de 2023 16:00,2,0,home_win,0,https://optaplayerstats.statsperform.com/pt_BR/soccer/brasileir%C3%A3o-s%C3%A9rie-a-2023/czjx4rda7swlzql5d1cq90r8/match/view/d2h93ga5ft13y4sor3ujuiexg,2,2,0,0,0,0,0,0,4,0,0,0,0,0,2,2,6,0,0,0,0,0.0,0.0,0.0,5.0,1.4,3.4,-2.0,3.6,0.0,0.0,62,0.39999999999999997,1.8,2.0,3.0,0.0,1.8,1.0,0.8,2.8,0.4,0.6,138,0.5333333333333333,1
1389,d1pgygf85mlw7rvml2k750jys,2023,2023-10-01 18:30:00,2023,10,domingo,18,Red Bull Bragantino,SE Palmeiras,Nabizão,Wagner do Nascimento Magalhaes,9.093,9093,1 de outubro de 2023 18:30,2,1,home_win,0,https://optaplayerstats.statsperform.com/pt_BR/soccer/brasileir%C3%A3o-s%C3%A9rie-a-2023/czjx4rda7swlzql5d1cq90r8/match/view/d1pgygf85mlw7rvml2k750jys,2,4,0,0,0,1,0,1,2,0,0,0,0,0,3,1,6,0,0,1,0,2.0,3.0,1.0,1.0,1.2,0.8,0.4,4.0,0.0,0.6666666666666666,138,0.6,2.0,3.0,1.0,1.0,0.8,0.2,0.6,3.4,0.2,0.6666666666666666,138,0.4666666666666666,1
1390,d0xpnq8oq9tlt00c73dss6jv8,2023,2023-10-02 20:00:00,2023,10,segunda-feira,20,Botafogo FR,Goiás EC,Estádio Nilton Santos,Braulio da Silva Machado,34.294,34294,2 de outubro de 2023 20:00,1,1,draw,1,https://optaplayerstats.statsperform.com/pt_BR/soccer/brasileir%C3%A3o-s%C3%A9rie-a-2023/czjx4rda7swlzql5d1cq90r8/match/view/d0xpnq8oq9tlt00c73dss6jv8,1,5,0,0,0,0,0,1,4,0,0,0,0,0,2,0,9,0,0,0,0,0.8,1.0,1.0,3.0,0.8,0.8,0.0,2.4,0.4,0.26666666666666666,62,0.7999999999999999,0.8,0.0,4.0,1.0,0.4,0.6,-0.2,1.8,0.6,0.26666666666666666,62,0.4666666666666666,1
1391,d4bxd9gseb1x7iapjff58172s,2023,2023-10-07 16:00:00,2023,10,sábado,16,Goiás EC,EC Bahia,Estádio Hailé Pinheiro (Serrinha),Raphael Claus,9.001,9001,7 de outubro de 2023 16:00,4,6,away_win,2,https://optaplayerstats.statsperform.com/pt_BR/soccer/brasileir%C3%A3o-s%C3%A9rie-a-2023/czjx4rda7swlzql5d1cq90r8/match/view/d4bxd9gseb1x7iapjff58172s,4,2,0,0,0,1,0,6,2,0,0,0,0,0,10,-2,4,0,0,1,0,0.8,0.0,4.0,1.0,0.4,0.6,-0.2,2.0,0.6,0.26666666666666666,63,0.4666666666666666,0.8,1.0,1.0,3.0,1.2,1.8,-0.6,1.8,0.2,0.26666666666666666,25,0.26666666666666666,1
1392,d3iieqhrh2wq8361zik0hzl04,2023,2023-10-07 18:30:00,2023,10,sábado,18,CR Vasco da Gama,São Paulo FC,São Januário,Braulio da Silva Machado,20.690,20690,7 de outubro de 2023 18:30,0,0,draw,1,https://optaplayerstats.statsperform.com/pt_BR/soccer/brasileir%C3%A3o-s%C3%A9rie-a-2023/czjx4rda7swlzql5d1cq90r8/match/view/d3iieqhrh2wq8361zik0hzl04,0,5,0,0,0,0,0,0,1,0,0,0,0,0,0,0,6,0,0,0,0,2.0,3.0,1.0,1.0,2.4,1.6,0.8,2.2,0.4,0.6666666666666666,25,0.7999999999999999,1.2,2.0,0.0,3.0,1.4,1.6,-0.2,3.0,0.2,0.4,139,0.13333333333333333,1
1393,d42pyi1u7ovf6yzfv6y66akus,2023,2023-10-07 21:00:00,2023,10,sábado,21,SC Corinthians Paulista,CR Flamengo,Neo Química Arena,Anderson Daronco,40.537,40537,7 de outubro de 2023 21:00,1,1,draw,1,https://optaplayerstats.statsperform.com/pt_BR/soccer/brasileir%C3%A3o-s%C3%A9rie-a-2023/czjx4rda7swlzql5d1cq90r8/match/view/d42pyi1u7ovf6yzfv6y66akus,1,3,0,0,0,1,0,1,3,0,0,0,0,0,2,0,6,0,0,1,0,1.0,1.0,2.0,2.0,1.4,1.6,-0.2,2.0,0.2,0.3333333333333333,139,0.6,1.6,2.0,2.0,1.0,0.6,0.8,-0.2,2.4,0.2,0.5333333333333333,139,0.6666666666666666,1
1394,d398x8x0nptgxgegpu6k4amtw,2023,2023-10-08 16:00:00,2023,10,domingo,16,Fluminense FC,Botafogo FR,Estádio Jornalista Mário Filho (Maracanã),Leandro Pedro Vuaden,45.193,45193,8 de outubro de 2023 16:00,0,2,away_win,2,https://optaplayerstats.statsperform.com/pt_BR/soccer/brasileir%C3%A3o-s%C3%A9rie-a-2023/czjx4rda7swlzql5d1cq90r8/match/view/d398x8x0nptgxgegpu6k4amtw,0,3,0,0,0,0,0,2,2,0,0,0,0,0,2,-2,5,0,0,0,0,1.4,2.0,1.0,2.0,1.2,1.8,-0.6,3.6,0.2,0.4666666666666667,139,1.0,0.8,1.0,1.0,3.0,1.0,1.0,0.0,3.0,0.4,0.26666666666666666,63,0.19999999999999998,1
1395,d3tk8ib8a7hf00u82n8eq0aac,2023,2023-10-08 16:00:00,2023,10,domingo,16,SE Palmeiras,Santos FC Sao Paulo,Arena Barueri,Flavio Rodrigues De Souza,17.049,17049,8 de outubro de 2023 16:00,1,2,away_win,2,https://optaplayerstats.statsperform.com/pt_BR/soccer/brasileir%C3%A3o-s%C3%A9rie-a-2023/czjx4rda7swlzql5d1cq90r8/match/view/d3tk8ib8a7hf00u82n8eq0aac,1,2,0,0,0,0,0,2,3,0,0,0,0,0,3,-1,5,0,0,0,0,1.4,2.0,1.0,2.0,0.6,0.6,0.0,2.6,0.2,0.4666666666666667,139,0.8666666666666667,1.2,2.0,0.0,3.0,1.2,1.8,-0.6,3.2,0.6,0.4,139,0.19999999999999998,1
1396,d4uc4o4gqe4vj21z0r5bm15w4,2023,2023-10-08 16:00:00,2023,10,domingo,16,SC Internacional,Grêmio FB Porto Alegrense,Beira-Rio,Paulo Cesar Zanovelli da Silva,41.667,41667,8 de outubro de 2023 16:00,3,2,home_win,0,https://optaplayerstats.statsperform.com/pt_BR/soccer/brasileir%C3%A3o-s%C3%A9rie-a-2023/czjx4rda7swlzql5d1cq90r8/match/view/d4uc4o4gqe4vj21z0r5bm15w4,3,6,0,0,0,0,0,2,4,0,0,0,0,0,5,1,10,0,0,0,0,1.0,1.0,2.0,2.0,0.6,1.0,-0.4,3.6,0.4,0.3333333333333333,139,0.26666666666666666,1.6,2.0,2.0,1.0,1.6,1.4,0.2,2.2,0.2,0.5333333333333333,25,0.13333333333333333,1
1397,d4l79hox45v09antx3iw7fg2c,2023,2023-10-08 18:30:00,2023,10,domingo,18,Clube Atlético Mineiro,Coritiba FBC,Arena MRV,Marcelo de Lima Henrique,38.358,38358,8 de outubro de 2023 18:30,1,2,away_win,2,https://optaplayerstats.statsperform.com/pt_BR/soccer/brasileir%C3%A3o-s%C3%A9rie-a-2023/czjx4rda7swlzql5d1cq90r8/match/view/d4l79hox45v09antx3iw7fg2c,1,2,0,0,0,0,0,2,2,0,0,0,0,0,3,-1,4,0,0,0,0,2.6,4.0,1.0,0.0,1.4,0.2,1.2,2.8,0.0,0.8666666666666667,139,0.7999999999999999,0.6,1.0,0.0,4.0,1.4,2.8,-1.4,3.4,0.0,0.2,63,0.0,1
1398,d53jo1r57s2jlc7yyka089zx0,2023,2023-10-08 18:30:00,2023,10,domingo,18,Club Athletico Paranaense,Red Bull Bragantino,Arena da Baixada,Yuri Elino Ferreira da Cruz,14.490,14490,8 de outubro de 2023 18:30,1,1,draw,1,https://optaplayerstats.statsperform.com/pt_BR/soccer/brasileir%C3%A3o-s%C3%A9rie-a-2023/czjx4rda7swlzql5d1cq90r8/match/view/d53jo1r57s2jlc7yyka089zx0,1,2,0,0,0,0,0,1,5,0,0,0,0,0,2,0,7,0,0,0,0,1.6,2.0,2.0,1.0,1.6,1.2,0.4,2.8,0.4,0.5333333333333333,139,0.6,2.6,4.0,1.0,0.0,1.6,0.2,1.4,3.8,0.0,0.8666666666666667,139,0.6666666666666666,1
1399,d5cup0oigw217295izef2r310,2023,2023-10-08 18:30:00,2023,10,domingo,18,Fortaleza EC,América FC (Minas Gerais),Castelão,Bruno Arleu de Araújo,23.830,23830,8 de outubro de 2023 18:30,3,2,home_win,0,https://optaplayerstats.statsperform.com/pt_BR/soccer/brasileir%C3%A3o-s%C3%A9rie-a-2023/czjx4rda7swlzql5d1cq90r8/match/view/d5cup0oigw217295izef2r310,3,2,0,0,0,0,0,2,1,0,0,0,1,0,5,1,3,0,0,1,0,2.0,3.0,1.0,1.0,1.6,1.0,0.6,2.8,0.0,0.6666666666666666,139,0.6666666666666666,1.0,1.0,2.0,2.0,1.0,1.2,-0.2,2.4,0.6,0.3333333333333333,101,0.19999999999999998,1
1400,d5mbc99iepeaubcjn7t9dd0r8,2023,2023-10-14 21:00:00,2023,10,sábado,21,Cuiabá EC,Cruzeiro EC,Arena Pantanal,Rodrigo José Pereira de Lima,12.100,12100,14 de outubro de 2023 21:00,0,0,draw,1,https://optaplayerstats.statsperform.com/pt_BR/soccer/brasileir%C3%A3o-s%C3%A9rie-a-2023/czjx4rda7swlzql5d1cq90r8/match/view/d5mbc99iepeaubcjn7t9dd0r8,0,1,0,0,0,0,0,0,3,0,0,0,0,0,0,0,4,0,0,0,0,0.8,1.0,1.0,3.0,1.0,1.4,-0.4,2.6,0.0,0.26666666666666666,101,0.6666666666666666,1.0,1.0,2.0,2.0,0.8,1.0,-0.2,2.0,0.2,0.3333333333333333,25,0.26666666666666666,1
1401,d7eu3thg8lf1szcltmqid44r8,2023,2023-10-18 19:00:00,2023,10,quarta-feira,19,Grêmio FB Porto Alegrense,Club Athletico Paranaense,Arena do Grêmio,Luiz Flávio de Oliveira,22.965,22965,18 de outubro de 2023 19:00,1,2,away_win,2,https://optaplayerstats.statsperform.com/pt_BR/soccer/brasileir%C3%A3o-s%C3%A9rie-a-2023/czjx4rda7swlzql5d1cq90r8/match/view/d7eu3thg8lf1szcltmqid44r8,1,2,1,0,1,0,0,2,6,0,0,0,0,0,3,-1,8,1,1,0,0,1.0,1.0,2.0,2.0,1.6,2.0,-0.4,2.6,0.2,0.3333333333333333,26,1.0,1.6,2.0,2.0,1.0,1.4,1.0,0.4,2.6,0.2,0.5333333333333333,140,0.5333333333333333,1
1402,d7o19ynslmsxj553tknjbiluc,2023,2023-10-18 20:00:00,2023,10,quarta-feira,20,Coritiba FBC,Cuiabá EC,Couto Pereira,Denis Ribeiro Serafim,18.742,18742,18 de outubro de 2023 20:00,0,3,away_win,2,https://optaplayerstats.statsperform.com/pt_BR/soccer/brasileir%C3%A3o-s%C3%A9rie-a-2023/czjx4rda7swlzql5d1cq90r8/match/view/d7o19ynslmsxj553tknjbiluc,0,0,0,0,0,0,0,3,2,0,0,0,0,0,3,-3,2,0,0,0,0,1.2,2.0,0.0,3.0,1.6,2.4,-0.8,2.6,0.0,0.4,64,0.39999999999999997,1.0,1.0,2.0,2.0,1.0,1.0,0.0,2.0,0.0,0.3333333333333333,102,0.19999999999999998,1
1403,d87xjyb7vy0xa3x8q2vjq5ct0,2023,2023-10-18 20:00:00,2023,10,quarta-feira,20,América FC (Minas Gerais),Botafogo FR,Estádio Raimundo Sampaio,Anderson Daronco,6.230,6230,18 de outubro de 2023 20:00,1,2,away_win,2,https://optaplayerstats.statsperform.com/pt_BR/soccer/brasileir%C3%A3o-s%C3%A9rie-a-2023/czjx4rda7swlzql5d1cq90r8/match/view/d87xjyb7vy0xa3x8q2vjq5ct0,1,1,0,0,0,0,0,2,1,0,0,0,0,0,3,-1,2,0,0,0,0,0.4,0.0,2.0,3.0,1.0,1.8,-0.8,2.4,0.6,0.13333333333333333,102,0.39999999999999997,0.8,1.0,1.0,3.0,0.8,1.0,-0.2,3.0,0.4,0.26666666666666666,64,0.3333333333333333,1
1404,d64qd8q5w2yp9o5b24mn3jcpg,2023,2023-10-18 21:30:00,2023,10,quarta-feira,21,CR Vasco da Gama,Fortaleza EC,São Januário,Leandro Pedro Vuaden,20.255,20255,18 de outubro de 2023 21:30,1,0,home_win,0,https://optaplayerstats.statsperform.com/pt_BR/soccer/brasileir%C3%A3o-s%C3%A9rie-a-2023/czjx4rda7swlzql5d1cq90r8/match/view/d64qd8q5w2yp9o5b24mn3jcpg,1,3,0,0,0,0,0,0,2,0,0,0,0,0,1,1,5,0,0,0,0,2.0,3.0,1.0,1.0,2.2,1.4,0.8,2.6,0.2,0.6666666666666666,26,0.8666666666666667,2.0,3.0,1.0,1.0,1.6,1.2,0.4,2.6,0.0,0.6666666666666666,140,0.39999999999999997,1
1405,d6whcy966kqauhp04kwy8xno4,2023,2023-10-18 21:30:00,2023,10,quarta-feira,21,Goiás EC,São Paulo FC,Estádio Hailé Pinheiro (Serrinha),Rodrigo José Pereira de Lima,12.685,12685,18 de outubro de 2023 21:30,2,0,home_win,0,https://optaplayerstats.statsperform.com/pt_BR/soccer/brasileir%C3%A3o-s%C3%A9rie-a-2023/czjx4rda7swlzql5d1cq90r8/match/view/d6whcy966kqauhp04kwy8xno4,2,4,0,0,0,0,0,0,4,0,0,0,0,0,2,2,8,0,0,0,0,0.6,0.0,3.0,2.0,1.0,1.6,-0.6,2.2,0.6,0.2,64,0.39999999999999997,1.4,2.0,1.0,2.0,1.2,1.2,0.0,3.0,0.0,0.4666666666666667,140,0.13333333333333333,1
1406,d7x8bpim5gqvcq2hjubh1fjmc,2023,2023-10-18 21:30:00,2023,10,quarta-feira,21,EC Bahia,SC Internacional,Arena Fonte Nova,Marcelo de Lima Henrique,30.960,30960,18 de outubro de 2023 21:30,1,0,home_win,0,https://optaplayerstats.statsperform.com/pt_BR/soccer/brasileir%C3%A3o-s%C3%A9rie-a-2023/czjx4rda7swlzql5d1cq90r8/match/view/d7x8bpim5gqvcq2hjubh1fjmc,1,1,0,0,0,0,0,0,1,1,0,1,0,0,1,1,2,1,1,0,0,1.4,2.0,1.0,2.0,2.4,2.0,0.4,1.6,0.2,0.4666666666666667,26,0.5333333333333333,1.4,2.0,1.0,2.0,1.2,1.4,-0.2,4.0,0.4,0.4666666666666667,140,0.19999999999999998,1
1407,d6dwmoj3x8vc0wuinrpiwumms,2023,2023-10-19 19:00:00,2023,10,quinta-feira,19,SE Palmeiras,Clube Atlético Mineiro,Allianz Parque,Bruno Arleu de Araújo,27.718,27718,19 de outubro de 2023 19:00,0,2,away_win,2,https://optaplayerstats.statsperform.com/pt_BR/soccer/brasileir%C3%A3o-s%C3%A9rie-a-2023/czjx4rda7swlzql5d1cq90r8/match/view/d6dwmoj3x8vc0wuinrpiwumms,0,6,0,0,0,0,0,2,3,0,0,0,0,0,2,-2,9,0,0,0,0,0.8,1.0,1.0,3.0,0.6,1.0,-0.4,2.6,0.2,0.26666666666666666,140,0.7999999999999999,2.0,3.0,1.0,1.0,1.2,0.6,0.6,2.2,0.0,0.6666666666666666,140,0.4666666666666666,1
1408,d75lcfl50c1f3ru6dwr7zq42c,2023,2023-10-19 19:00:00,2023,10,quinta-feira,19,Cruzeiro EC,CR Flamengo,Mineirão,Rafael Rodrigo Klein,37.073,37073,19 de outubro de 2023 19:00,0,2,away_win,2,https://optaplayerstats.statsperform.com/pt_BR/soccer/brasileir%C3%A3o-s%C3%A9rie-a-2023/czjx4rda7swlzql5d1cq90r8/match/view/d75lcfl50c1f3ru6dwr7zq42c,0,3,0,0,0,0,0,2,2,0,0,0,1,0,2,-2,5,0,0,1,0,1.2,1.0,3.0,1.0,0.8,0.4,0.4,2.0,0.2,0.4,26,0.26666666666666666,1.6,2.0,2.0,1.0,0.8,1.0,-0.2,2.6,0.2,0.5333333333333333,140,0.5333333333333333,1
1409,d6n8hay097s153qs5e6f2ba50,2023,2023-10-19 20:00:00,2023,10,quinta-feira,20,Santos FC Sao Paulo,Red Bull Bragantino,Vila Belmiro,Raphael Claus,12.850,12850,19 de outubro de 2023 20:00,1,3,away_win,2,https://optaplayerstats.statsperform.com/pt_BR/soccer/brasileir%C3%A3o-s%C3%A9rie-a-2023/czjx4rda7swlzql5d1cq90r8/match/view/d6n8hay097s153qs5e6f2ba50,1,4,0,0,0,0,1,3,1,0,0,0,1,0,4,-2,5,0,0,1,1,1.8,3.0,0.0,2.0,1.6,1.6,0.0,3.4,0.6,0.6,140,0.5333333333333333,2.2,3.0,2.0,0.0,1.4,0.4,1.0,4.0,0.0,0.7333333333333333,140,0.5333333333333333,1
1410,d5vhivxis9gycryyf02gst79w,2023,2023-10-19 21:30:00,2023,10,quinta-feira,21,Fluminense FC,SC Corinthians Paulista,Estádio Jornalista Mário Filho (Maracanã),Paulo Cesar Zanovelli da Silva,36.916,36916,19 de outubro de 2023 21:30,3,3,draw,1,https://optaplayerstats.statsperform.com/pt_BR/soccer/brasileir%C3%A3o-s%C3%A9rie-a-2023/czjx4rda7swlzql5d1cq90r8/match/view/d5vhivxis9gycryyf02gst79w,3,6,0,2,2,0,0,3,3,0,0,0,1,0,6,0,9,2,1,1,0,1.2,2.0,0.0,3.0,0.8,1.8,-1.0,3.6,0.2,0.4,140,0.7999999999999999,1.0,1.0,2.0,2.0,1.6,1.8,-0.2,2.4,0.0,0.3333333333333333,140,0.19999999999999998,1
1411,d8zgbg2crtxamsxgzx2sci51w,2023,2023-10-21 18:30:00,2023,10,sábado,18,São Paulo FC,Grêmio FB Porto Alegrense,Morumbi,André Luiz Skettino Policarpo Bento,47.132,47132,21 de outubro de 2023 18:30,3,0,home_win,0,https://optaplayerstats.statsperform.com/pt_BR/soccer/brasileir%C3%A3o-s%C3%A9rie-a-2023/czjx4rda7swlzql5d1cq90r8/match/view/d8zgbg2crtxamsxgzx2sci51w,3,1,0,0,0,0,0,0,3,0,0,0,0,0,3,3,4,0,0,0,0,1.4,2.0,1.0,2.0,1.0,1.2,-0.2,3.0,0.0,0.4666666666666667,141,0.4666666666666666,1.0,1.0,2.0,2.0,1.8,2.0,-0.2,2.6,0.4,0.3333333333333333,27,0.13333333333333333,1
1412,daioxp6ezbb1wgwmh89qh9n2s,2023,2023-10-21 18:30:00,2023,10,sábado,18,EC Bahia,Fortaleza EC,Arena Fonte Nova,Rodrigo José Pereira de Lima,43.991,43991,21 de outubro de 2023 18:30,2,0,home_win,0,https://optaplayerstats.statsperform.com/pt_BR/soccer/brasileir%C3%A3o-s%C3%A9rie-a-2023/czjx4rda7swlzql5d1cq90r8/match/view/daioxp6ezbb1wgwmh89qh9n2s,2,7,0,0,0,0,0,0,4,0,0,0,0,0,2,2,11,0,0,0,0,1.8,3.0,0.0,2.0,2.4,1.8,0.6,1.4,0.2,0.6,27,0.6666666666666666,2.0,3.0,1.0,1.0,1.6,1.2,0.4,2.4,0.0,0.6666666666666666,141,0.39999999999999997,1
1413,darutr6zq3l6dxq434ifndg5w,2023,2023-10-21 18:30:00,2023,10,sábado,18,Cuiabá EC,Goiás EC,Arena Pantanal,Anderson Daronco,14.956,14956,21 de outubro de 2023 18:30,1,1,draw,1,https://optaplayerstats.statsperform.com/pt_BR/soccer/brasileir%C3%A3o-s%C3%A9rie-a-2023/czjx4rda7swlzql5d1cq90r8/match/view/darutr6zq3l6dxq434ifndg5w,1,1,0,0,0,0,0,1,3,0,0,0,1,0,2,0,4,0,0,1,0,1.6,2.0,2.0,1.0,1.6,0.6,1.0,2.2,0.0,0.5333333333333333,103,0.5333333333333333,1.0,1.0,2.0,2.0,1.4,1.6,-0.2,2.6,0.2,0.3333333333333333,65,0.5333333333333333,1
1414,d8q6hm1guaqklytq3n8u75hck,2023,2023-10-22 15:00:00,2023,10,domingo,15,Botafogo FR,Club Athletico Paranaense,Estádio Nilton Santos,Matheus Delgado Candançan,No data,,22 de outubro de 2023 15:00,1,1,draw,1,https://optaplayerstats.statsperform.com/pt_BR/soccer/brasileir%C3%A3o-s%C3%A9rie-a-2023/czjx4rda7swlzql5d1cq90r8/match/view/d8q6hm1guaqklytq3n8u75hck,1,2,0,0,0,0,0,1,1,0,0,0,0,0,2,0,3,0,0,0,0,1.4,2.0,1.0,2.0,1.0,0.8,0.2,2.6,0.2,0.4666666666666667,65,0.6666666666666666,2.0,3.0,1.0,1.0,1.6,1.0,0.6,3.4,0.0,0.6666666666666666,141,0.5333333333333333,1
1415,d8h1tgnxw1ncys618gqy19gr8,2023,2023-10-22 16:00:00,2023,10,domingo,16,CR Flamengo,CR Vasco da Gama,Estádio Jornalista Mário Filho (Maracanã),Raphael Claus,69.473,69473,22 de outubro de 2023 16:00,1,0,home_win,0,https://optaplayerstats.statsperform.com/pt_BR/soccer/brasileir%C3%A3o-s%C3%A9rie-a-2023/czjx4rda7swlzql5d1cq90r8/match/view/d8h1tgnxw1ncys618gqy19gr8,1,1,0,0,0,0,0,0,2,0,0,0,0,0,1,1,3,0,0,0,0,1.6,2.0,2.0,1.0,0.8,0.8,0.0,2.4,0.2,0.5333333333333333,141,0.39999999999999997,2.0,3.0,1.0,1.0,1.6,1.0,0.6,2.4,0.2,0.6666666666666666,27,0.3333333333333333,1
1416,d9r0p4ogsqatqq3gn5qv2krh0,2023,2023-10-22 16:00:00,2023,10,domingo,16,Clube Atlético Mineiro,Cruzeiro EC,Arena MRV,Ramon Abatti,42.058,42058,22 de outubro de 2023 16:00,0,1,away_win,2,https://optaplayerstats.statsperform.com/pt_BR/soccer/brasileir%C3%A3o-s%C3%A9rie-a-2023/czjx4rda7swlzql5d1cq90r8/match/view/d9r0p4ogsqatqq3gn5qv2krh0,0,3,0,0,0,0,0,1,3,0,0,0,0,1,1,-1,6,0,0,0,1,2.4,4.0,0.0,1.0,1.4,0.4,1.0,2.2,0.0,0.8,141,0.7999999999999999,1.0,1.0,2.0,2.0,0.8,0.8,0.0,2.4,0.2,0.3333333333333333,27,0.26666666666666666,1
1417,da0bsw3q4kb61cl3jxhxgr1uc,2023,2023-10-22 16:00:00,2023,10,domingo,16,SC Internacional,Santos FC Sao Paulo,Beira-Rio,Paulo Cesar Zanovelli da Silva,36.584,36584,22 de outubro de 2023 16:00,7,1,home_win,0,https://optaplayerstats.statsperform.com/pt_BR/soccer/brasileir%C3%A3o-s%C3%A9rie-a-2023/czjx4rda7swlzql5d1cq90r8/match/view/da0bsw3q4kb61cl3jxhxgr1uc,7,1,0,0,0,0,1,1,1,0,0,0,0,0,8,6,2,0,0,0,1,1.2,2.0,0.0,3.0,1.2,1.6,-0.4,3.6,0.4,0.4,141,0.4666666666666666,1.8,3.0,0.0,2.0,1.8,1.8,0.0,3.4,0.4,0.6,141,0.39999999999999997,1
1418,d98o33k4j1ogz5a77kzmux6ok,2023,2023-10-22 18:30:00,2023,10,domingo,18,SC Corinthians Paulista,América FC (Minas Gerais),Neo Química Arena,Yuri Elino Ferreira da Cruz,37.954,37954,22 de outubro de 2023 18:30,1,1,draw,1,https://optaplayerstats.statsperform.com/pt_BR/soccer/brasileir%C3%A3o-s%C3%A9rie-a-2023/czjx4rda7swlzql5d1cq90r8/match/view/d98o33k4j1ogz5a77kzmux6ok,1,2,0,0,0,0,0,1,3,0,0,0,0,0,2,0,5,0,0,0,0,1.2,1.0,3.0,1.0,2.0,2.0,0.0,2.6,0.0,0.4,141,0.4666666666666666,0.2,0.0,1.0,4.0,0.8,1.8,-1.0,1.8,0.4,0.06666666666666667,103,0.13333333333333333,1
1419,d9htsmv9wimwbvtuitp4t0844,2023,2023-10-22 18:30:00,2023,10,domingo,18,Red Bull Bragantino,Fluminense FC,Nabizão,Wilton Pereira Sampaio,6.703,6703,22 de outubro de 2023 18:30,1,0,home_win,0,https://optaplayerstats.statsperform.com/pt_BR/soccer/brasileir%C3%A3o-s%C3%A9rie-a-2023/czjx4rda7swlzql5d1cq90r8/match/view/d9htsmv9wimwbvtuitp4t0844,1,3,0,0,0,1,0,0,2,0,0,0,0,0,1,1,5,0,0,1,0,2.6,4.0,1.0,0.0,2.0,0.6,1.4,3.2,0.0,0.8666666666666667,141,0.7333333333333334,0.8,1.0,1.0,3.0,1.2,2.4,-1.2,3.8,0.6,0.26666666666666666,141,0.06666666666666667,1
1420,da9jeurg915vomau5uzbusc2c,2023,2023-10-22 18:30:00,2023,10,domingo,18,Coritiba FBC,SE Palmeiras,Couto Pereira,Rafael Rodrigo Klein,19.387,19387,22 de outubro de 2023 18:30,0,2,away_win,2,https://optaplayerstats.statsperform.com/pt_BR/soccer/brasileir%C3%A3o-s%C3%A9rie-a-2023/czjx4rda7swlzql5d1cq90r8/match/view/da9jeurg915vomau5uzbusc2c,0,1,0,0,0,0,0,2,1,0,0,0,0,0,2,-2,2,0,0,0,0,1.2,2.0,0.0,3.0,1.2,2.2,-1.0,2.0,0.0,0.4,65,0.19999999999999998,0.6,1.0,0.0,4.0,0.6,1.4,-0.8,3.2,0.0,0.2,141,0.26666666666666666,1
1421,db1amimrdg6plov0r2jdterys,2023,2023-10-25 19:00:00,2023,10,quarta-feira,19,Fluminense FC,Goiás EC,Estádio Municipal General Raulino de Oliveira,Leandro Pedro Vuaden,4.793,4793,25 de outubro de 2023 19:00,5,3,home_win,0,https://optaplayerstats.statsperform.com/pt_BR/soccer/brasileir%C3%A3o-s%C3%A9rie-a-2023/czjx4rda7swlzql5d1cq90r8/match/view/db1amimrdg6plov0r2jdterys,5,4,0,0,0,1,0,3,2,0,0,0,0,0,8,2,6,0,0,1,0,0.8,1.0,1.0,3.0,0.8,1.8,-1.0,4.0,0.6,0.26666666666666666,142,0.6666666666666666,1.2,1.0,3.0,1.0,1.6,1.6,0.0,2.8,0.0,0.4,66,0.39999999999999997,1
1422,dc2mbmn8jsfp8gkl64y6x1h5g,2023,2023-10-25 19:00:00,2023,10,quarta-feira,19,Red Bull Bragantino,Clube Atlético Mineiro,Nabizão,Marcelo de Lima Henrique,5.880,5880,25 de outubro de 2023 19:00,1,2,away_win,2,https://optaplayerstats.statsperform.com/pt_BR/soccer/brasileir%C3%A3o-s%C3%A9rie-a-2023/czjx4rda7swlzql5d1cq90r8/match/view/dc2mbmn8jsfp8gkl64y6x1h5g,1,2,0,0,0,0,0,2,4,0,0,0,1,0,3,-1,6,0,0,1,0,2.6,4.0,1.0,0.0,1.8,0.6,1.2,3.0,0.0,0.8666666666666667,142,0.8666666666666667,1.8,3.0,0.0,2.0,1.2,0.6,0.6,2.4,0.0,0.6,142,0.6666666666666666,1
1423,dcvnp9f3kx1r3a7ymvnpk70gk,2023,2023-10-25 19:00:00,2023,10,quarta-feira,19,Club Athletico Paranaense,América FC (Minas Gerais),Arena da Baixada,Anderson Daronco,19.773,19773,25 de outubro de 2023 19:00,3,2,home_win,0,https://optaplayerstats.statsperform.com/pt_BR/soccer/brasileir%C3%A3o-s%C3%A9rie-a-2023/czjx4rda7swlzql5d1cq90r8/match/view/dcvnp9f3kx1r3a7ymvnpk70gk,3,0,0,0,0,0,0,2,1,0,0,0,0,0,5,1,1,0,0,0,0,1.6,2.0,2.0,1.0,1.2,1.2,0.0,3.2,0.0,0.5333333333333333,142,0.6,0.4,0.0,2.0,3.0,1.0,1.6,-0.6,2.2,0.4,0.13333333333333333,104,0.19999999999999998,1
1424,dbk41gfz5nwkxhz8yucr00bh0,2023,2023-10-25 20:00:00,2023,10,quarta-feira,20,SE Palmeiras,São Paulo FC,Allianz Parque,Raphael Claus,32.618,32618,25 de outubro de 2023 20:00,5,0,home_win,0,https://optaplayerstats.statsperform.com/pt_BR/soccer/brasileir%C3%A3o-s%C3%A9rie-a-2023/czjx4rda7swlzql5d1cq90r8/match/view/dbk41gfz5nwkxhz8yucr00bh0,5,3,0,0,0,1,0,0,3,0,1,1,0,0,5,5,6,1,1,1,0,0.6,1.0,0.0,4.0,0.8,1.4,-0.6,2.8,0.0,0.2,142,0.6,2.0,3.0,1.0,1.0,1.4,0.8,0.6,2.6,0.0,0.6666666666666666,142,0.13333333333333333,1
1425,dcbr00cc1j1k22ascvzdz23o4,2023,2023-10-25 20:00:00,2023,10,quarta-feira,20,Cruzeiro EC,EC Bahia,Mineirão,Flavio Rodrigues De Souza,36.104,36104,25 de outubro de 2023 20:00,3,0,home_win,0,https://optaplayerstats.statsperform.com/pt_BR/soccer/brasileir%C3%A3o-s%C3%A9rie-a-2023/czjx4rda7swlzql5d1cq90r8/match/view/dcbr00cc1j1k22ascvzdz23o4,3,2,0,0,0,0,1,0,2,0,0,0,0,0,3,3,4,0,0,0,1,1.0,1.0,2.0,2.0,0.4,0.8,-0.4,2.6,0.2,0.3333333333333333,28,0.26666666666666666,1.8,3.0,0.0,2.0,2.0,1.4,0.6,2.6,0.2,0.6,28,0.39999999999999997,1
1426,dcmlw17artg4ymz8ewevbto2c,2023,2023-10-25 21:30:00,2023,10,quarta-feira,21,Grêmio FB Porto Alegrense,CR Flamengo,Arena do Grêmio,Rodrigo José Pereira de Lima,20.206,20206,25 de outubro de 2023 21:30,3,2,home_win,0,https://optaplayerstats.statsperform.com/pt_BR/soccer/brasileir%C3%A3o-s%C3%A9rie-a-2023/czjx4rda7swlzql5d1cq90r8/match/view/dcmlw17artg4ymz8ewevbto2c,3,3,0,0,0,0,0,2,4,0,0,0,0,0,5,1,7,0,0,0,0,0.8,1.0,1.0,3.0,1.0,1.8,-0.8,3.0,0.4,0.26666666666666666,28,0.7999999999999999,2.2,3.0,2.0,0.0,1.0,0.2,0.8,2.0,0.0,0.7333333333333333,142,0.7333333333333334,1
1427,dde5dojzzghike3nz7lcgz28k,2023,2023-10-25 21:30:00,2023,10,quarta-feira,21,Cuiabá EC,SC Corinthians Paulista,Arena Pantanal,André Luiz Skettino Policarpo Bento,36.620,36620,25 de outubro de 2023 21:30,0,1,away_win,2,https://optaplayerstats.statsperform.com/pt_BR/soccer/brasileir%C3%A3o-s%C3%A9rie-a-2023/czjx4rda7swlzql5d1cq90r8/match/view/dde5dojzzghike3nz7lcgz28k,0,1,0,0,0,0,0,1,3,0,0,0,0,0,1,-1,4,0,0,0,0,1.6,2.0,2.0,1.0,1.4,0.4,1.0,2.0,0.0,0.5333333333333333,104,0.39999999999999997,1.2,1.0,3.0,1.0,1.4,1.4,0.0,2.8,0.0,0.4,142,0.19999999999999998,1
1428,dbaox13m4zbg4l3ptzcbm0jro,2023,2023-10-26 19:00:00,2023,10,quinta-feira,19,CR Vasco da Gama,SC Internacional,São Januário,Luiz Flávio de Oliveira,20.098,20098,26 de outubro de 2023 19:00,1,2,away_win,2,https://optaplayerstats.statsperform.com/pt_BR/soccer/brasileir%C3%A3o-s%C3%A9rie-a-2023/czjx4rda7swlzql5d1cq90r8/match/view/dbaox13m4zbg4l3ptzcbm0jro,1,3,0,2,2,0,0,2,4,0,0,0,0,0,3,-1,7,2,1,0,0,1.4,2.0,1.0,2.0,0.6,1.0,-0.4,2.6,0.2,0.4666666666666667,28,0.8666666666666667,1.2,2.0,0.0,3.0,2.2,1.6,0.6,2.8,0.4,0.4,142,0.13333333333333333,1
1429,dbtewel5a77wv34aurem31n2s,2023,2023-10-26 21:30:00,2023,10,quinta-feira,21,Santos FC Sao Paulo,Coritiba FBC,Vila Belmiro,Wagner do Nascimento Magalhaes,12.205,12205,26 de outubro de 2023 21:30,2,1,home_win,0,https://optaplayerstats.statsperform.com/pt_BR/soccer/brasileir%C3%A3o-s%C3%A9rie-a-2023/czjx4rda7swlzql5d1cq90r8/match/view/dbtewel5a77wv34aurem31n2s,2,2,0,0,0,0,1,1,4,0,1,1,1,0,3,1,6,1,1,1,1,1.8,3.0,0.0,2.0,2.0,2.6,-0.6,3.0,0.4,0.6,142,0.4666666666666666,1.2,2.0,0.0,3.0,1.0,1.6,-0.6,1.6,0.0,0.4,66,0.19999999999999998,1
1430,de5ullsvxkityxhsnw0tv572s,2023,2023-10-28 19:00:00,2023,10,sábado,19,SE Palmeiras,EC Bahia,Allianz Parque,Rodrigo José Pereira de Lima,33.747,33747,28 de outubro de 2023 19:00,1,0,home_win,0,https://optaplayerstats.statsperform.com/pt_BR/soccer/brasileir%C3%A3o-s%C3%A9rie-a-2023/czjx4rda7swlzql5d1cq90r8/match/view/de5ullsvxkityxhsnw0tv572s,1,1,0,0,0,0,0,0,3,0,1,1,0,0,1,1,4,1,1,0,0,1.2,2.0,0.0,3.0,1.8,1.2,0.6,2.8,0.0,0.4,143,0.6,1.8,3.0,0.0,2.0,1.8,1.6,0.2,2.8,0.2,0.6,29,0.39999999999999997,1
1431,dfyt02co11f07wior12k732fo,2023,2023-10-28 19:00:00,2023,10,sábado,19,América FC (Minas Gerais),Grêmio FB Porto Alegrense,Estádio Raimundo Sampaio,Matheus Delgado Candançan,3.008,3008,28 de outubro de 2023 19:00,3,4,away_win,2,https://optaplayerstats.statsperform.com/pt_BR/soccer/brasileir%C3%A3o-s%C3%A9rie-a-2023/czjx4rda7swlzql5d1cq90r8/match/view/dfyt02co11f07wior12k732fo,3,0,0,0,0,0,0,4,2,0,0,0,1,0,7,-1,2,0,0,1,0,0.4,0.0,2.0,3.0,1.4,2.0,-0.6,1.8,0.0,0.13333333333333333,105,0.39999999999999997,0.8,1.0,1.0,3.0,1.4,2.2,-0.8,2.8,0.2,0.26666666666666666,29,0.13333333333333333,1
1432,dexwftliwbn7yse966ymtnmdw,2023,2023-10-28 22:00:00,2023,10,sábado,22,Clube Atlético Mineiro,Fluminense FC,Arena MRV,Raphael Claus,23.003,23003,28 de outubro de 2023 22:00,2,0,home_win,0,https://optaplayerstats.statsperform.com/pt_BR/soccer/brasileir%C3%A3o-s%C3%A9rie-a-2023/czjx4rda7swlzql5d1cq90r8/match/view/dexwftliwbn7yse966ymtnmdw,2,2,0,0,0,0,0,0,2,0,0,0,0,0,2,2,4,0,0,0,0,1.8,3.0,0.0,2.0,1.4,0.8,0.6,2.6,0.0,0.6,143,0.6,0.8,1.0,1.0,3.0,1.6,2.4,-0.8,3.6,0.6,0.26666666666666666,143,0.06666666666666667,1
1433,deombguc2o3cklcmkjp8xg9p0,2023,2023-10-29 16:00:00,2023,10,domingo,16,Goiás EC,CR Vasco da Gama,Estádio Hailé Pinheiro (Serrinha),Flavio Rodrigues De Souza,12.904,12904,29 de outubro de 2023 16:00,1,1,draw,1,https://optaplayerstats.statsperform.com/pt_BR/soccer/brasileir%C3%A3o-s%C3%A9rie-a-2023/czjx4rda7swlzql5d1cq90r8/match/view/deombguc2o3cklcmkjp8xg9p0,1,2,0,0,0,0,0,1,4,0,1,1,0,0,2,0,6,1,1,0,0,1.0,1.0,2.0,2.0,2.2,2.6,-0.4,3.0,0.0,0.3333333333333333,67,0.39999999999999997,0.8,1.0,1.0,3.0,0.6,1.4,-0.8,2.8,0.6,0.26666666666666666,29,0.26666666666666666,1
1434,dfg6dkbiefk56gbxc38hmum8k,2023,2023-10-29 16:00:00,2023,10,domingo,16,Club Athletico Paranaense,São Paulo FC,Arena da Baixada,Rafael Rodrigo Klein,26.579,26579,29 de outubro de 2023 16:00,1,1,draw,1,https://optaplayerstats.statsperform.com/pt_BR/soccer/brasileir%C3%A3o-s%C3%A9rie-a-2023/czjx4rda7swlzql5d1cq90r8/match/view/dfg6dkbiefk56gbxc38hmum8k,1,1,0,0,0,0,0,1,5,0,0,0,0,0,2,0,6,0,0,0,0,1.6,2.0,2.0,1.0,1.4,1.4,0.0,2.6,0.0,0.5333333333333333,143,0.6,1.4,2.0,1.0,2.0,1.0,1.6,-0.6,2.8,0.2,0.4666666666666667,143,0.06666666666666667,1
1435,def7wmegai5gu06r05cyyykgk,2023,2023-10-29 18:30:00,2023,10,domingo,18,SC Corinthians Paulista,Santos FC Sao Paulo,Neo Química Arena,Anderson Daronco,41.950,41950,29 de outubro de 2023 18:30,1,1,draw,1,https://optaplayerstats.statsperform.com/pt_BR/soccer/brasileir%C3%A3o-s%C3%A9rie-a-2023/czjx4rda7swlzql5d1cq90r8/match/view/def7wmegai5gu06r05cyyykgk,1,6,0,0,0,0,1,1,2,0,0,0,1,0,2,0,8,0,0,1,1,1.2,1.0,3.0,1.0,1.4,1.4,0.0,2.6,0.0,0.4,143,0.4666666666666666,1.8,3.0,0.0,2.0,2.0,2.6,-0.6,3.0,0.4,0.6,143,0.39999999999999997,1
1436,df72eq8szfzabf2oqshec09w4,2023,2023-10-29 18:30:00,2023,10,domingo,18,SC Internacional,Coritiba FBC,Beira-Rio,André Luiz Skettino Policarpo Bento,36.272,36272,29 de outubro de 2023 18:30,3,4,away_win,2,https://optaplayerstats.statsperform.com/pt_BR/soccer/brasileir%C3%A3o-s%C3%A9rie-a-2023/czjx4rda7swlzql5d1cq90r8/match/view/df72eq8szfzabf2oqshec09w4,3,7,1,0,1,1,0,4,5,0,0,0,2,0,7,-1,12,1,1,1,0,1.8,3.0,0.0,2.0,2.4,1.4,1.0,2.6,0.4,0.6,143,0.6,1.2,2.0,0.0,3.0,1.0,1.6,-0.6,1.8,0.2,0.4,67,0.19999999999999998,1
1437,ddwnwr0vyc5kh5lvh1srlwopg,2023,2023-10-29 20:00:00,2023,10,domingo,20,Botafogo FR,Cuiabá EC,Estádio Nilton Santos,Wilton Pereira Sampaio,30.659,30659,29 de outubro de 2023 20:00,0,1,away_win,2,https://optaplayerstats.statsperform.com/pt_BR/soccer/brasileir%C3%A3o-s%C3%A9rie-a-2023/czjx4rda7swlzql5d1cq90r8/match/view/ddwnwr0vyc5kh5lvh1srlwopg,0,1,0,0,0,0,0,1,6,0,0,0,0,0,1,-1,7,0,0,0,0,1.6,2.0,2.0,1.0,1.2,0.8,0.4,2.8,0.2,0.5333333333333333,66,0.5333333333333333,1.6,2.0,2.0,1.0,1.4,0.4,1.0,1.6,0.0,0.5333333333333333,105,0.19999999999999998,1
1438,diav7ofeonoawivewzthqqn84,2023,2023-10-31 19:00:00,2023,10,terça-feira,19,EC Bahia,Fluminense FC,Arena Fonte Nova,Edina Alves Batista,33.936,33936,31 de outubro de 2023 19:00,1,0,home_win,0,https://optaplayerstats.statsperform.com/pt_BR/soccer/brasileir%C3%A3o-s%C3%A9rie-a-2023/czjx4rda7swlzql5d1cq90r8/match/view/diav7ofeonoawivewzthqqn84,1,2,0,0,0,0,0,0,4,0,0,0,0,0,1,1,6,0,0,0,0,1.8,3.0,0.0,2.0,1.8,1.6,0.2,3.0,0.2,0.6,30,0.6666666666666666,0.8,1.0,1.0,3.0,1.6,2.2,-0.6,3.4,0.4,0.26666666666666666,144,0.06666666666666667,1
1439,dh12ysmzgllmtmh5oergvqgpg,2023,2023-11-01 19:00:00,2023,11,quarta-feira,19,SC Corinthians Paulista,Club Athletico Paranaense,Neo Química Arena,Leandro Pedro Vuaden,29.612,29612,1 de novembro de 2023 19:00,1,0,home_win,0,https://optaplayerstats.statsperform.com/pt_BR/soccer/brasileir%C3%A3o-s%C3%A9rie-a-2023/czjx4rda7swlzql5d1cq90r8/match/view/dh12ysmzgllmtmh5oergvqgpg,1,1,0,0,0,0,0,0,2,0,0,0,0,0,1,1,3,0,0,0,0,1.4,1.0,4.0,0.0,1.4,1.2,0.2,3.4,0.0,0.4666666666666667,144,0.4666666666666666,1.8,2.0,3.0,0.0,1.6,1.2,0.4,2.0,0.0,0.6,144,0.5333333333333333,1
1440,dhskqlwpm3axh36q6phc5lyc4,2023,2023-11-01 19:00:00,2023,11,quarta-feira,19,SC Internacional,América FC (Minas Gerais),Beira-Rio,Flavio Rodrigues De Souza,15.441,15441,1 de novembro de 2023 19:00,1,1,draw,1,https://optaplayerstats.statsperform.com/pt_BR/soccer/brasileir%C3%A3o-s%C3%A9rie-a-2023/czjx4rda7swlzql5d1cq90r8/match/view/dhskqlwpm3axh36q6phc5lyc4,1,0,0,0,0,0,0,1,2,0,0,0,0,0,2,0,2,0,0,0,0,1.8,3.0,0.0,2.0,3.0,1.8,1.2,3.8,0.4,0.6,144,0.6,0.2,0.0,1.0,4.0,1.8,2.6,-0.8,1.2,0.0,0.06666666666666667,106,0.19999999999999998,1
1441,dg7wakbytczgo3ijt8t4pvuok,2023,2023-11-01 20:00:00,2023,11,quarta-feira,20,CR Flamengo,Santos FC Sao Paulo,Estádio Nacional,Rafael Rodrigo Klein,64.708,64708,1 de novembro de 2023 20:00,1,2,away_win,2,https://optaplayerstats.statsperform.com/pt_BR/soccer/brasileir%C3%A3o-s%C3%A9rie-a-2023/czjx4rda7swlzql5d1cq90r8/match/view/dg7wakbytczgo3ijt8t4pvuok,1,2,2,0,2,0,0,2,2,0,1,1,0,0,3,-1,4,3,1,0,0,2.0,3.0,1.0,1.0,1.4,0.8,0.6,2.2,0.0,0.6666666666666666,143,0.5333333333333333,1.4,2.0,1.0,2.0,1.4,2.6,-1.2,2.4,0.0,0.4666666666666667,144,0.4666666666666666,1
1442,di1o2y8w7cetu077nnfzjdn9w,2023,2023-11-01 20:00:00,2023,11,quarta-feira,20,Coritiba FBC,Grêmio FB Porto Alegrense,Couto Pereira,Marcelo de Lima Henrique,21.767,21767,1 de novembro de 2023 20:00,1,2,away_win,2,https://optaplayerstats.statsperform.com/pt_BR/soccer/brasileir%C3%A3o-s%C3%A9rie-a-2023/czjx4rda7swlzql5d1cq90r8/match/view/di1o2y8w7cetu077nnfzjdn9w,1,2,0,1,1,1,0,2,2,0,0,0,0,0,3,-1,4,1,1,1,0,1.2,2.0,0.0,3.0,1.4,2.2,-0.8,2.4,0.2,0.4,68,0.19999999999999998,1.2,2.0,0.0,3.0,2.0,2.6,-0.6,2.8,0.2,0.4,30,0.3333333333333333,1
1443,dgh020z50mejw8parmnwkuk9g,2023,2023-11-01 21:30:00,2023,11,quarta-feira,21,Botafogo FR,SE Palmeiras,Estádio Nilton Santos,Braulio da Silva Machado,34.913,34913,1 de novembro de 2023 21:30,3,4,away_win,2,https://optaplayerstats.statsperform.com/pt_BR/soccer/brasileir%C3%A3o-s%C3%A9rie-a-2023/czjx4rda7swlzql5d1cq90r8/match/view/dgh020z50mejw8parmnwkuk9g,3,7,1,0,1,0,0,4,5,0,0,0,0,0,7,-1,12,1,1,0,0,1.6,2.0,2.0,1.0,1.2,0.8,0.4,2.2,0.0,0.5333333333333333,67,0.3333333333333333,1.8,3.0,0.0,2.0,1.8,0.8,1.0,2.6,0.0,0.6,144,0.4666666666666666,1
1444,dhjhfkq3f9gogjkgjbw2hwdn8,2023,2023-11-01 21:30:00,2023,11,quarta-feira,21,Clube Atlético Mineiro,Fortaleza EC,Arena MRV,Matheus Delgado Candançan,28.898,28898,1 de novembro de 2023 21:30,3,1,home_win,0,https://optaplayerstats.statsperform.com/pt_BR/soccer/brasileir%C3%A3o-s%C3%A9rie-a-2023/czjx4rda7swlzql5d1cq90r8/match/view/dhjhfkq3f9gogjkgjbw2hwdn8,3,0,0,0,0,1,0,1,2,0,0,0,0,0,4,2,2,0,0,1,0,1.8,3.0,0.0,2.0,1.4,0.8,0.6,2.8,0.0,0.6,144,0.6,1.4,2.0,1.0,2.0,1.2,1.4,-0.2,3.0,0.0,0.4666666666666667,142,0.39999999999999997,1
1445,dik3oibbv12j4m79obzaoy6ms,2023,2023-11-02 17:00:00,2023,11,quinta-feira,17,Cuiabá EC,CR Vasco da Gama,Arena Pantanal,Ramon Abatti,27.604,27604,2 de novembro de 2023 17:00,0,2,away_win,2,https://optaplayerstats.statsperform.com/pt_BR/soccer/brasileir%C3%A3o-s%C3%A9rie-a-2023/czjx4rda7swlzql5d1cq90r8/match/view/dik3oibbv12j4m79obzaoy6ms,0,2,0,0,0,0,0,2,1,0,0,0,0,0,2,-2,3,0,0,0,0,1.6,2.0,2.0,1.0,1.0,0.4,0.6,2.2,0.0,0.5333333333333333,106,0.39999999999999997,1.0,1.0,2.0,2.0,0.6,0.8,-0.2,3.4,0.6,0.3333333333333333,30,0.3333333333333333,1
1446,dha7qtk2vh2euaggjrsfpb5lg,2023,2023-11-02 18:00:00,2023,11,quinta-feira,18,Goiás EC,Red Bull Bragantino,Estádio Hailé Pinheiro (Serrinha),Rodrigo José Pereira de Lima,10.182,10182,2 de novembro de 2023 18:00,0,2,away_win,2,https://optaplayerstats.statsperform.com/pt_BR/soccer/brasileir%C3%A3o-s%C3%A9rie-a-2023/czjx4rda7swlzql5d1cq90r8/match/view/dha7qtk2vh2euaggjrsfpb5lg,0,3,0,0,0,0,0,2,3,0,0,0,0,0,2,-2,6,0,0,0,0,1.0,1.0,2.0,2.0,2.2,2.6,-0.4,2.6,0.0,0.3333333333333333,68,0.39999999999999997,2.0,3.0,1.0,1.0,1.6,1.0,0.6,3.0,0.0,0.6666666666666666,143,0.5333333333333333,1
1447,dgq385x05i5bjm2qj6jfjhlhw,2023,2023-11-02 20:00:00,2023,11,quinta-feira,20,São Paulo FC,Cruzeiro EC,Morumbi,Wilton Pereira Sampaio,50.570,50570,2 de novembro de 2023 20:00,1,0,home_win,0,https://optaplayerstats.statsperform.com/pt_BR/soccer/brasileir%C3%A3o-s%C3%A9rie-a-2023/czjx4rda7swlzql5d1cq90r8/match/view/dgq385x05i5bjm2qj6jfjhlhw,1,1,0,0,0,0,0,0,3,1,0,1,0,0,1,1,4,1,1,0,0,1.0,1.0,2.0,2.0,0.8,1.6,-0.8,2.8,0.2,0.3333333333333333,144,0.6666666666666666,1.6,2.0,2.0,1.0,1.0,0.6,0.4,2.8,0.2,0.5333333333333333,29,0.4666666666666666,1
1448,dkc7vf2u7xiujbejw6f4mmdxw,2023,2023-11-04 19:30:00,2023,11,sábado,19,Grêmio FB Porto Alegrense,EC Bahia,Arena do Grêmio,Braulio da Silva Machado,37.797,37797,4 de novembro de 2023 19:30,1,0,home_win,0,https://optaplayerstats.statsperform.com/pt_BR/soccer/brasileir%C3%A3o-s%C3%A9rie-a-2023/czjx4rda7swlzql5d1cq90r8/match/view/dkc7vf2u7xiujbejw6f4mmdxw,1,2,0,0,0,0,0,0,4,0,0,0,0,0,1,1,6,0,0,0,0,1.8,3.0,0.0,2.0,2.0,2.2,-0.2,2.4,0.2,0.6,31,0.7999999999999999,1.8,3.0,0.0,2.0,0.8,0.8,0.0,3.0,0.2,0.6,31,0.39999999999999997,1
1449,dl3w0b2pbm1we8px2mk6lfevo,2023,2023-11-04 19:30:00,2023,11,sábado,19,América FC (Minas Gerais),Clube Atlético Mineiro,Estádio Municipal João Havelange,Rodrigo José Pereira de Lima,5.706,5706,4 de novembro de 2023 19:30,1,1,draw,1,https://optaplayerstats.statsperform.com/pt_BR/soccer/brasileir%C3%A3o-s%C3%A9rie-a-2023/czjx4rda7swlzql5d1cq90r8/match/view/dl3w0b2pbm1we8px2mk6lfevo,1,2,0,1,1,0,0,1,2,1,0,1,0,0,2,0,4,2,1,0,0,0.4,0.0,2.0,3.0,1.6,2.2,-0.6,1.4,0.0,0.13333333333333333,107,0.19999999999999998,2.4,4.0,0.0,1.0,1.8,0.6,1.2,2.4,0.0,0.8,145,0.6666666666666666,1
1450,djbmknka7gcbmtax6r8ak4yz8,2023,2023-11-04 21:30:00,2023,11,sábado,21,SE Palmeiras,Club Athletico Paranaense,Arena Barueri,Wilton Pereira Sampaio,17.301,17301,4 de novembro de 2023 21:30,1,0,home_win,0,https://optaplayerstats.statsperform.com/pt_BR/soccer/brasileir%C3%A3o-s%C3%A9rie-a-2023/czjx4rda7swlzql5d1cq90r8/match/view/djbmknka7gcbmtax6r8ak4yz8,1,3,0,0,0,0,0,0,4,0,0,0,0,0,1,1,7,0,0,0,0,2.4,4.0,0.0,1.0,2.4,1.0,1.4,3.2,0.0,0.8,145,0.6,1.6,2.0,2.0,1.0,1.4,1.2,0.2,2.0,0.0,0.5333333333333333,145,0.4666666666666666,1
1451,djtx4vlfhdisbceg5c5wqaot0,2023,2023-11-05 16:00:00,2023,11,domingo,16,Red Bull Bragantino,SC Corinthians Paulista,Nabizão,Raphael Claus,10.631,10631,5 de novembro de 2023 16:00,1,0,home_win,0,https://optaplayerstats.statsperform.com/pt_BR/soccer/brasileir%C3%A3o-s%C3%A9rie-a-2023/czjx4rda7swlzql5d1cq90r8/match/view/djtx4vlfhdisbceg5c5wqaot0,1,1,0,0,0,0,0,0,2,0,0,0,0,0,1,1,3,0,0,0,0,2.0,3.0,1.0,1.0,1.6,0.8,0.8,2.8,0.0,0.6666666666666666,144,0.7999999999999999,1.8,2.0,3.0,0.0,1.4,1.0,0.4,3.0,0.0,0.6,145,0.3333333333333333,1
1452,dk33n9stcwlfunf0nvi6k22ok,2023,2023-11-05 16:00:00,2023,11,domingo,16,Cruzeiro EC,SC Internacional,Mineirão,Matheus Delgado Candançan,36.801,36801,5 de novembro de 2023 16:00,1,2,away_win,2,https://optaplayerstats.statsperform.com/pt_BR/soccer/brasileir%C3%A3o-s%C3%A9rie-a-2023/czjx4rda7swlzql5d1cq90r8/match/view/dk33n9stcwlfunf0nvi6k22ok,1,2,0,0,0,1,0,2,1,0,0,0,0,0,3,-1,3,0,0,1,0,1.4,2.0,1.0,2.0,0.8,0.6,0.2,2.8,0.2,0.4666666666666667,30,0.39999999999999997,1.4,2.0,1.0,2.0,2.6,1.6,1.0,2.6,0.4,0.4666666666666667,145,0.3333333333333333,1
1453,dkupwezga4kpx1ox6ock76r6c,2023,2023-11-05 16:00:00,2023,11,domingo,16,Fortaleza EC,CR Flamengo,Castelão,Anderson Daronco,49.324,49324,5 de novembro de 2023 16:00,0,2,away_win,2,https://optaplayerstats.statsperform.com/pt_BR/soccer/brasileir%C3%A3o-s%C3%A9rie-a-2023/czjx4rda7swlzql5d1cq90r8/match/view/dkupwezga4kpx1ox6ock76r6c,0,1,0,0,0,0,0,2,3,0,0,0,0,0,2,-2,4,0,0,0,0,0.8,1.0,1.0,3.0,1.0,1.8,-0.8,2.2,0.0,0.26666666666666666,143,0.8666666666666667,1.4,2.0,1.0,2.0,1.4,1.2,0.2,2.4,0.4,0.4666666666666667,144,0.5333333333333333,1
1454,dklioqz0k27o7z21j3pvgrg2c,2023,2023-11-05 18:30:00,2023,11,domingo,18,Coritiba FBC,Goiás EC,Couto Pereira,Rafael Rodrigo Klein,11.269,11269,5 de novembro de 2023 18:30,0,1,away_win,2,https://optaplayerstats.statsperform.com/pt_BR/soccer/brasileir%C3%A3o-s%C3%A9rie-a-2023/czjx4rda7swlzql5d1cq90r8/match/view/dklioqz0k27o7z21j3pvgrg2c,0,4,0,1,1,0,0,1,3,0,0,0,0,0,1,-1,7,1,1,0,0,0.6,1.0,0.0,4.0,1.2,2.4,-1.2,2.4,0.4,0.2,69,0.19999999999999998,1.0,1.0,2.0,2.0,1.4,1.8,-0.4,2.8,0.0,0.3333333333333333,69,0.19999999999999998,1
1455,dj2hk6dnpwyrtaxf6hgxgr504,2023,2023-11-06 19:00:00,2023,11,segunda-feira,19,CR Vasco da Gama,Botafogo FR,São Januário,Leandro Pedro Vuaden,21.043,21043,6 de novembro de 2023 19:00,1,0,home_win,0,https://optaplayerstats.statsperform.com/pt_BR/soccer/brasileir%C3%A3o-s%C3%A9rie-a-2023/czjx4rda7swlzql5d1cq90r8/match/view/dj2hk6dnpwyrtaxf6hgxgr504,1,2,0,0,0,0,0,0,4,0,0,0,0,0,1,1,6,0,0,0,0,1.4,2.0,1.0,2.0,1.0,0.8,0.2,2.6,0.6,0.4666666666666667,31,0.6666666666666666,1.4,2.0,1.0,2.0,1.6,1.4,0.2,2.6,0.2,0.4666666666666667,68,0.4666666666666666,1
1456,djkra686tqq9smrbhuqz8mqz8,2023,2023-11-06 21:00:00,2023,11,segunda-feira,21,Santos FC Sao Paulo,Cuiabá EC,Vila Belmiro,Sávio Pereira Sampaio,12.923,12923,6 de novembro de 2023 21:00,0,0,draw,1,https://optaplayerstats.statsperform.com/pt_BR/soccer/brasileir%C3%A3o-s%C3%A9rie-a-2023/czjx4rda7swlzql5d1cq90r8/match/view/djkra686tqq9smrbhuqz8mqz8,0,1,0,0,0,0,0,0,2,0,0,0,0,0,0,0,3,0,0,0,0,1.4,2.0,1.0,2.0,1.4,2.6,-1.2,2.2,0.2,0.4666666666666667,145,0.6,1.4,2.0,1.0,2.0,1.0,0.8,0.2,2.4,0.0,0.4666666666666667,107,0.39999999999999997,1
1457,dmxga11twp8qt7vivpgex3xn8,2023,2023-11-08 19:00:00,2023,11,quarta-feira,19,SC Internacional,Fluminense FC,Beira-Rio,Caio Max Augusto Vieira,19.385,19385,8 de novembro de 2023 19:00,0,0,draw,1,https://optaplayerstats.statsperform.com/pt_BR/soccer/brasileir%C3%A3o-s%C3%A9rie-a-2023/czjx4rda7swlzql5d1cq90r8/match/view/dmxga11twp8qt7vivpgex3xn8,0,2,0,0,0,0,0,0,3,0,0,0,0,0,0,0,5,0,0,0,0,2.0,3.0,1.0,1.0,3.0,1.6,1.4,2.6,0.2,0.6666666666666666,146,0.4666666666666666,0.8,1.0,1.0,3.0,1.6,2.0,-0.4,3.6,0.4,0.26666666666666666,145,0.0,1
1458,dnousake0t730vu4pofeysrv8,2023,2023-11-08 19:00:00,2023,11,quarta-feira,19,América FC (Minas Gerais),Coritiba FBC,Estádio Raimundo Sampaio,Marcelo de Lima Henrique,1.943,1943,8 de novembro de 2023 19:00,0,3,away_win,2,https://optaplayerstats.statsperform.com/pt_BR/soccer/brasileir%C3%A3o-s%C3%A9rie-a-2023/czjx4rda7swlzql5d1cq90r8/match/view/dnousake0t730vu4pofeysrv8,0,0,0,0,0,0,0,3,1,0,0,0,0,0,3,-3,1,0,0,0,0,0.6,0.0,3.0,2.0,1.6,2.0,-0.4,1.6,0.2,0.2,108,0.06666666666666667,0.6,1.0,0.0,4.0,1.2,2.0,-0.8,3.2,0.6,0.2,70,0.39999999999999997,1
1459,dlx0xlm0xx65d0s5qfygxur6c,2023,2023-11-08 20:00:00,2023,11,quarta-feira,20,São Paulo FC,Red Bull Bragantino,Vila Belmiro,Flavio Rodrigues De Souza,11.948,11948,8 de novembro de 2023 20:00,1,0,home_win,0,https://optaplayerstats.statsperform.com/pt_BR/soccer/brasileir%C3%A3o-s%C3%A9rie-a-2023/czjx4rda7swlzql5d1cq90r8/match/view/dlx0xlm0xx65d0s5qfygxur6c,1,2,0,0,0,1,0,0,2,0,0,0,0,0,1,1,4,0,0,1,0,1.4,2.0,1.0,2.0,1.0,1.6,-0.6,2.8,0.2,0.4666666666666667,145,0.7999999999999999,2.4,4.0,0.0,1.0,1.6,0.6,1.0,2.0,0.0,0.8,145,0.7333333333333334,1
1460,dn6m746yaqg7bmp4ox0gopjbo,2023,2023-11-08 20:00:00,2023,11,quarta-feira,20,Club Athletico Paranaense,Fortaleza EC,Arena da Baixada,Raphael Claus,18.904,18904,8 de novembro de 2023 20:00,1,1,draw,1,https://optaplayerstats.statsperform.com/pt_BR/soccer/brasileir%C3%A3o-s%C3%A9rie-a-2023/czjx4rda7swlzql5d1cq90r8/match/view/dn6m746yaqg7bmp4ox0gopjbo,1,1,0,0,0,0,0,1,0,0,0,0,0,0,2,0,1,0,0,0,0,1.0,1.0,2.0,2.0,1.0,1.2,-0.2,1.6,0.0,0.3333333333333333,146,0.6,0.6,1.0,0.0,4.0,0.8,2.0,-1.2,2.2,0.0,0.2,144,0.19999999999999998,1
1461,dlese8yffw5l0m1fmwkkokj6c,2023,2023-11-08 21:30:00,2023,11,quarta-feira,21,CR Flamengo,SE Palmeiras,Estádio Jornalista Mário Filho (Maracanã),Rodrigo José Pereira de Lima,64.590,64590,8 de novembro de 2023 21:30,3,0,home_win,0,https://optaplayerstats.statsperform.com/pt_BR/soccer/brasileir%C3%A3o-s%C3%A9rie-a-2023/czjx4rda7swlzql5d1cq90r8/match/view/dlese8yffw5l0m1fmwkkokj6c,3,1,0,0,0,0,0,0,1,1,0,1,0,0,3,3,2,1,1,0,0,1.8,3.0,0.0,2.0,1.6,1.0,0.6,2.4,0.4,0.6,145,0.4666666666666666,3.0,5.0,0.0,0.0,2.6,0.6,2.0,2.6,0.0,1.0,146,0.4666666666666666,1
1462,dm64guix4ysthd6o1bohp6wb8,2023,2023-11-09 19:00:00,2023,11,quinta-feira,19,SC Corinthians Paulista,Clube Atlético Mineiro,Neo Química Arena,Braulio da Silva Machado,30.115,30115,9 de novembro de 2023 19:00,1,1,draw,1,https://optaplayerstats.statsperform.com/pt_BR/soccer/brasileir%C3%A3o-s%C3%A9rie-a-2023/czjx4rda7swlzql5d1cq90r8/match/view/dm64guix4ysthd6o1bohp6wb8,1,1,0,0,0,0,0,1,4,0,0,0,0,0,2,0,5,0,0,0,0,1.6,2.0,2.0,1.0,0.8,0.6,0.2,2.8,0.0,0.5333333333333333,146,0.6,2.0,3.0,1.0,1.0,1.6,0.8,0.8,2.2,0.2,0.6666666666666666,146,0.7333333333333334,1
1463,dmf8rkeml5fuprn1m2tgzfqc4,2023,2023-11-09 19:00:00,2023,11,quinta-feira,19,Goiás EC,Santos FC Sao Paulo,Estádio Hailé Pinheiro (Serrinha),Paulo Cesar Zanovelli da Silva,11.836,11836,9 de novembro de 2023 19:00,0,1,away_win,2,https://optaplayerstats.statsperform.com/pt_BR/soccer/brasileir%C3%A3o-s%C3%A9rie-a-2023/czjx4rda7swlzql5d1cq90r8/match/view/dmf8rkeml5fuprn1m2tgzfqc4,0,2,0,0,0,0,0,1,1,0,0,0,0,0,1,-1,3,0,0,0,0,1.0,1.0,2.0,2.0,1.2,1.8,-0.6,2.6,0.0,0.3333333333333333,70,0.3333333333333333,1.6,2.0,2.0,1.0,1.2,2.0,-0.8,1.6,0.2,0.5333333333333333,146,0.6666666666666666,1
1464,dlnz9m869h8u4hnqyk9hvruhg,2023,2023-11-09 20:00:00,2023,11,quinta-feira,20,Botafogo FR,Grêmio FB Porto Alegrense,São Januário,Ramon Abatti,17.708,17708,9 de novembro de 2023 20:00,3,4,away_win,2,https://optaplayerstats.statsperform.com/pt_BR/soccer/brasileir%C3%A3o-s%C3%A9rie-a-2023/czjx4rda7swlzql5d1cq90r8/match/view/dlnz9m869h8u4hnqyk9hvruhg,3,0,0,0,0,0,0,4,2,0,0,0,0,0,7,-1,2,0,0,0,0,0.8,1.0,1.0,3.0,1.2,1.6,-0.4,3.0,0.2,0.26666666666666666,69,0.13333333333333333,2.4,4.0,0.0,1.0,2.0,1.8,0.2,2.4,0.0,0.8,32,0.4666666666666666,1
1465,dnfsi2tzoxc01s8py6t0a1n9w,2023,2023-11-09 20:00:00,2023,11,quinta-feira,20,EC Bahia,Cuiabá EC,Arena Fonte Nova,Felipe Fernandes de Lima,33.266,33266,9 de novembro de 2023 20:00,0,3,away_win,2,https://optaplayerstats.statsperform.com/pt_BR/soccer/brasileir%C3%A3o-s%C3%A9rie-a-2023/czjx4rda7swlzql5d1cq90r8/match/view/dnfsi2tzoxc01s8py6t0a1n9w,0,1,1,0,1,0,0,3,3,0,0,0,1,0,3,-3,4,1,1,1,0,1.2,2.0,0.0,3.0,0.6,1.0,-0.4,3.6,0.2,0.4,32,0.6666666666666666,1.0,1.0,2.0,2.0,0.4,0.8,-0.4,2.4,0.0,0.3333333333333333,108,0.4666666666666666,1
1466,dpsaw1il8rl23mppzt3vsyxhw,2023,2023-11-11 16:00:00,2023,11,sábado,16,Coritiba FBC,Cruzeiro EC,Estádio Durival de Britto e Silva,Braulio da Silva Machado,6.137,6137,11 de novembro de 2023 16:00,1,0,home_win,0,https://optaplayerstats.statsperform.com/pt_BR/soccer/brasileir%C3%A3o-s%C3%A9rie-a-2023/czjx4rda7swlzql5d1cq90r8/match/view/dpsaw1il8rl23mppzt3vsyxhw,1,4,0,0,0,0,0,0,4,0,0,0,0,0,1,1,8,0,0,0,0,1.2,2.0,0.0,3.0,1.8,1.6,0.2,3.2,0.6,0.4,71,0.19999999999999998,1.2,2.0,0.0,3.0,1.0,1.0,0.0,2.6,0.2,0.4,31,0.4666666666666666,1
1467,dny2zki25qip7oaa6rrdp1t04,2023,2023-11-11 18:30:00,2023,11,sábado,18,CR Flamengo,Fluminense FC,Estádio Jornalista Mário Filho (Maracanã),Wilton Pereira Sampaio,64.399,64399,11 de novembro de 2023 18:30,1,1,draw,1,https://optaplayerstats.statsperform.com/pt_BR/soccer/brasileir%C3%A3o-s%C3%A9rie-a-2023/czjx4rda7swlzql5d1cq90r8/match/view/dny2zki25qip7oaa6rrdp1t04,1,1,1,0,1,0,0,1,4,1,0,1,0,0,2,0,5,2,1,0,0,1.8,3.0,0.0,2.0,1.8,1.0,0.8,2.2,0.4,0.6,146,0.6,0.8,1.0,1.0,3.0,1.0,1.4,-0.4,3.0,0.0,0.26666666666666666,146,0.06666666666666667,1
1468,dogjmx0g201teewtoaxhmixw4,2023,2023-11-11 21:00:00,2023,11,sábado,21,SE Palmeiras,SC Internacional,Arena Barueri,Paulo Cesar Zanovelli da Silva,19.358,19358,11 de novembro de 2023 21:00,3,0,home_win,0,https://optaplayerstats.statsperform.com/pt_BR/soccer/brasileir%C3%A3o-s%C3%A9rie-a-2023/czjx4rda7swlzql5d1cq90r8/match/view/dogjmx0g201teewtoaxhmixw4,3,1,0,0,0,0,0,0,2,0,0,0,0,0,3,3,3,0,0,0,0,2.4,4.0,0.0,1.0,2.2,1.2,1.0,2.6,0.2,0.8,147,0.6,1.6,2.0,2.0,1.0,1.6,1.4,0.2,2.8,0.2,0.5333333333333333,147,0.4666666666666666,1
1469,doyyp3d1ektotmato2tfho3ro,2023,2023-11-12 16:00:00,2023,11,domingo,16,Red Bull Bragantino,Botafogo FR,Nabizão,Anderson Daronco,9.869,9869,12 de novembro de 2023 16:00,2,2,draw,1,https://optaplayerstats.statsperform.com/pt_BR/soccer/brasileir%C3%A3o-s%C3%A9rie-a-2023/czjx4rda7swlzql5d1cq90r8/match/view/doyyp3d1ektotmato2tfho3ro,2,2,0,0,0,0,0,2,1,0,0,0,0,0,4,0,3,0,0,0,0,1.8,3.0,0.0,2.0,1.0,0.6,0.4,2.2,0.0,0.6,146,0.7999999999999999,0.2,0.0,1.0,4.0,1.4,2.2,-0.8,2.8,0.2,0.06666666666666667,70,0.39999999999999997,1
1470,dphdpijyun3r3hrxongeontp0,2023,2023-11-12 16:00:00,2023,11,domingo,16,Grêmio FB Porto Alegrense,SC Corinthians Paulista,Arena do Grêmio,Rodrigo José Pereira de Lima,49.459,49459,12 de novembro de 2023 16:00,0,1,away_win,2,https://optaplayerstats.statsperform.com/pt_BR/soccer/brasileir%C3%A3o-s%C3%A9rie-a-2023/czjx4rda7swlzql5d1cq90r8/match/view/dphdpijyun3r3hrxongeontp0,0,2,1,0,1,0,0,1,7,1,0,1,0,0,1,-1,9,2,1,0,0,3.0,5.0,0.0,0.0,2.8,1.8,1.0,2.2,0.0,1.0,33,0.7999999999999999,1.6,2.0,2.0,1.0,0.8,0.6,0.2,2.6,0.0,0.5333333333333333,147,0.26666666666666666,1
1471,do7c1026580rw5iod1ytgxdec,2023,2023-11-12 18:30:00,2023,11,domingo,18,CR Vasco da Gama,América FC (Minas Gerais),São Januário,Sávio Pereira Sampaio,19.478,19478,12 de novembro de 2023 18:30,2,1,home_win,0,https://optaplayerstats.statsperform.com/pt_BR/soccer/brasileir%C3%A3o-s%C3%A9rie-a-2023/czjx4rda7swlzql5d1cq90r8/match/view/do7c1026580rw5iod1ytgxdec,2,1,0,0,0,0,0,1,1,0,0,0,0,0,3,1,2,0,0,0,0,1.4,2.0,1.0,2.0,1.0,0.8,0.2,2.4,0.6,0.4666666666666667,32,0.6666666666666666,0.4,0.0,2.0,3.0,1.4,2.4,-1.0,1.0,0.2,0.13333333333333333,109,0.19999999999999998,1
1472,dopoocjrcaihiq9ls15rop15g,2023,2023-11-12 18:30:00,2023,11,domingo,18,Santos FC Sao Paulo,São Paulo FC,Vila Belmiro,Raphael Claus,13.442,13442,12 de novembro de 2023 18:30,0,0,draw,1,https://optaplayerstats.statsperform.com/pt_BR/soccer/brasileir%C3%A3o-s%C3%A9rie-a-2023/czjx4rda7swlzql5d1cq90r8/match/view/dopoocjrcaihiq9ls15rop15g,0,0,0,0,0,0,0,0,2,0,0,0,0,0,0,0,2,0,0,0,0,2.2,3.0,2.0,0.0,1.2,0.6,0.6,1.6,0.2,0.7333333333333333,147,0.4666666666666666,2.0,3.0,1.0,1.0,1.2,1.2,0.0,2.4,0.2,0.6666666666666666,146,0.13333333333333333,1
1473,dp89bjylaolzulszg2qumkhzo,2023,2023-11-12 18:30:00,2023,11,domingo,18,Clube Atlético Mineiro,Goiás EC,Arena MRV,Marcelo de Lima Henrique,29.173,29173,12 de novembro de 2023 18:30,2,1,home_win,0,https://optaplayerstats.statsperform.com/pt_BR/soccer/brasileir%C3%A3o-s%C3%A9rie-a-2023/czjx4rda7swlzql5d1cq90r8/match/view/dp89bjylaolzulszg2qumkhzo,2,1,1,0,1,1,0,1,2,0,0,0,0,0,3,1,3,1,1,1,0,2.2,3.0,2.0,0.0,1.8,0.8,1.0,2.4,0.2,0.7333333333333333,147,0.6,0.8,1.0,1.0,3.0,1.0,1.8,-0.8,2.4,0.0,0.26666666666666666,71,0.3333333333333333,1
1474,dq1ez0y7cla34y581pdqm0b2s,2023,2023-11-12 18:30:00,2023,11,domingo,18,EC Bahia,Club Athletico Paranaense,Arena Fonte Nova,Rafael Rodrigo Klein,33.214,33214,12 de novembro de 2023 18:30,1,1,draw,1,https://optaplayerstats.statsperform.com/pt_BR/soccer/brasileir%C3%A3o-s%C3%A9rie-a-2023/czjx4rda7swlzql5d1cq90r8/match/view/dq1ez0y7cla34y581pdqm0b2s,1,3,0,0,0,1,0,1,4,0,0,0,0,0,2,0,7,0,0,1,0,0.6,1.0,0.0,4.0,0.2,1.6,-1.4,2.4,0.4,0.2,33,0.6,1.0,1.0,2.0,2.0,1.0,1.2,-0.2,1.6,0.0,0.3333333333333333,147,0.26666666666666666,1
1475,dqaj14laz74i2z2ty5yrswzys,2023,2023-11-12 18:30:00,2023,11,domingo,18,Cuiabá EC,Fortaleza EC,Arena Pantanal,Caio Max Augusto Vieira,14.728,14728,12 de novembro de 2023 18:30,2,1,home_win,0,https://optaplayerstats.statsperform.com/pt_BR/soccer/brasileir%C3%A3o-s%C3%A9rie-a-2023/czjx4rda7swlzql5d1cq90r8/match/view/dqaj14laz74i2z2ty5yrswzys,2,2,0,0,0,1,0,1,2,0,0,0,0,0,3,1,4,0,0,1,0,1.4,2.0,1.0,2.0,0.8,0.6,0.2,2.8,0.0,0.4666666666666667,109,0.3333333333333333,0.2,0.0,1.0,4.0,0.4,1.8,-1.4,1.8,0.0,0.06666666666666667,145,0.26666666666666666,1
1476,dfpkc771nq8eulwxldpvq3v2s,2023,2023-11-18 18:30:00,2023,11,sábado,18,Fortaleza EC,Cruzeiro EC,Castelão,Sávio Pereira Sampaio,30.804,30804,18 de novembro de 2023 18:30,0,1,away_win,2,https://optaplayerstats.statsperform.com/pt_BR/soccer/brasileir%C3%A3o-s%C3%A9rie-a-2023/czjx4rda7swlzql5d1cq90r8/match/view/dfpkc771nq8eulwxldpvq3v2s,0,1,0,0,0,0,0,1,2,0,0,0,0,0,1,-1,3,0,0,0,0,0.2,0.0,1.0,4.0,0.6,2.0,-1.4,1.8,0.0,0.06666666666666667,146,0.6666666666666666,1.2,2.0,0.0,3.0,1.0,0.8,0.2,2.8,0.2,0.4,32,0.26666666666666666,1
1477,dmodflxw23ob1oknk8584ce1g,2023,2023-11-22 19:00:00,2023,11,quarta-feira,19,Cruzeiro EC,CR Vasco da Gama,Mineirão,Leandro Pedro Vuaden,No data,,22 de novembro de 2023 19:00,2,2,draw,1,https://optaplayerstats.statsperform.com/pt_BR/soccer/brasileir%C3%A3o-s%C3%A9rie-a-2023/czjx4rda7swlzql5d1cq90r8/match/view/dmodflxw23ob1oknk8584ce1g,2,1,0,0,0,1,0,2,0,1,0,1,0,0,4,0,1,1,1,1,0,1.2,2.0,0.0,3.0,1.0,0.8,0.2,2.6,0.2,0.4,33,0.3333333333333333,2.0,3.0,1.0,1.0,1.4,0.8,0.6,2.2,0.6,0.6666666666666666,33,0.4666666666666666,1
1478,ditanw1b9cenidkiqdp4z3cpg,2023,2023-11-22 21:30:00,2023,11,quarta-feira,21,Fluminense FC,São Paulo FC,Estádio Jornalista Mário Filho (Maracanã),André Luiz Skettino Policarpo Bento,44.694,44694,22 de novembro de 2023 21:30,1,0,home_win,0,https://optaplayerstats.statsperform.com/pt_BR/soccer/brasileir%C3%A3o-s%C3%A9rie-a-2023/czjx4rda7swlzql5d1cq90r8/match/view/ditanw1b9cenidkiqdp4z3cpg,1,5,0,0,0,0,0,0,5,1,0,1,0,0,1,1,10,1,1,0,0,1.0,1.0,2.0,2.0,1.2,1.4,-0.2,3.4,0.2,0.3333333333333333,147,0.6666666666666666,1.6,2.0,2.0,1.0,0.6,1.2,-0.6,2.6,0.2,0.5333333333333333,147,0.19999999999999998,1
1479,dd4r1mm0a0khipe8r5vq26k9g,2023,2023-11-23 19:00:00,2023,11,quinta-feira,19,Fortaleza EC,Botafogo FR,Castelão,Ramon Abatti,25.828,25828,23 de novembro de 2023 19:00,2,2,draw,1,https://optaplayerstats.statsperform.com/pt_BR/soccer/brasileir%C3%A3o-s%C3%A9rie-a-2023/czjx4rda7swlzql5d1cq90r8/match/view/dd4r1mm0a0khipe8r5vq26k9g,2,2,0,0,0,0,0,2,4,0,0,0,0,1,4,0,6,0,0,0,1,0.2,0.0,1.0,4.0,0.6,1.8,-1.2,1.2,0.0,0.06666666666666667,147,0.4666666666666666,0.2,0.0,1.0,4.0,1.6,2.4,-0.8,2.6,0.2,0.06666666666666667,71,0.4666666666666666,1
1480,ddncuedrz9nxbjp351ivopwr8,2023,2023-11-23 21:30:00,2023,11,quinta-feira,21,CR Flamengo,Red Bull Bragantino,Estádio Jornalista Mário Filho (Maracanã),Braulio da Silva Machado,57.699,57699,23 de novembro de 2023 21:30,1,0,home_win,0,https://optaplayerstats.statsperform.com/pt_BR/soccer/brasileir%C3%A3o-s%C3%A9rie-a-2023/czjx4rda7swlzql5d1cq90r8/match/view/ddncuedrz9nxbjp351ivopwr8,1,4,0,0,0,0,0,0,3,1,0,1,0,0,1,1,7,1,1,0,0,1.4,2.0,1.0,2.0,1.8,1.2,0.6,2.2,0.6,0.4666666666666667,147,0.6666666666666666,1.4,2.0,1.0,2.0,1.2,1.0,0.2,2.0,0.0,0.4666666666666667,147,0.6666666666666666,1
1481,drbdrfec1nnztwea58jpr9990,2023,2023-11-24 21:00:00,2023,11,sexta-feira,21,SC Corinthians Paulista,EC Bahia,Neo Química Arena,Marcelo de Lima Henrique,39.133,39133,24 de novembro de 2023 21:00,1,5,away_win,2,https://optaplayerstats.statsperform.com/pt_BR/soccer/brasileir%C3%A3o-s%C3%A9rie-a-2023/czjx4rda7swlzql5d1cq90r8/match/view/drbdrfec1nnztwea58jpr9990,1,2,0,0,0,0,0,5,3,0,0,0,2,0,6,-4,5,0,0,1,0,1.6,2.0,2.0,1.0,0.8,0.6,0.2,3.4,0.2,0.5333333333333333,148,0.4666666666666666,0.8,1.0,1.0,3.0,0.4,1.2,-0.8,2.6,0.4,0.26666666666666666,34,0.19999999999999998,1
1482,dschvxp86shoizwzivyd18cgk,2023,2023-11-25 19:30:00,2023,11,sábado,19,Club Athletico Paranaense,CR Vasco da Gama,Arena da Baixada,Anderson Daronco,21.053,21053,25 de novembro de 2023 19:30,0,0,draw,1,https://optaplayerstats.statsperform.com/pt_BR/soccer/brasileir%C3%A3o-s%C3%A9rie-a-2023/czjx4rda7swlzql5d1cq90r8/match/view/dschvxp86shoizwzivyd18cgk,0,1,0,0,0,0,0,0,4,0,0,0,0,0,0,0,5,0,0,0,0,0.6,0.0,3.0,2.0,0.6,1.0,-0.4,2.4,0.0,0.2,148,0.6,2.2,3.0,2.0,0.0,1.6,0.8,0.8,1.6,0.4,0.7333333333333333,34,0.3333333333333333,1
1483,dqjpof1fwoamzgc8cj0sbqxas,2023,2023-11-25 21:00:00,2023,11,sábado,21,Fluminense FC,Coritiba FBC,Estádio Jornalista Mário Filho (Maracanã),Matheus Delgado Candançan,19.919,19919,25 de novembro de 2023 21:00,2,1,home_win,0,https://optaplayerstats.statsperform.com/pt_BR/soccer/brasileir%C3%A3o-s%C3%A9rie-a-2023/czjx4rda7swlzql5d1cq90r8/match/view/dqjpof1fwoamzgc8cj0sbqxas,2,2,0,0,0,0,0,1,2,0,0,0,0,0,3,1,4,0,0,0,0,1.0,1.0,2.0,2.0,0.4,0.8,-0.4,3.6,0.2,0.3333333333333333,148,0.6666666666666666,1.8,3.0,0.0,2.0,1.8,1.2,0.6,3.2,0.4,0.6,72,0.6,1
1484,dqswrbxh7v17qdp20bhx2eu50,2023,2023-11-26 16:00:00,2023,11,domingo,16,Botafogo FR,Santos FC Sao Paulo,Estádio Nilton Santos,Wilton Pereira Sampaio,29.387,29387,26 de novembro de 2023 16:00,1,1,draw,1,https://optaplayerstats.statsperform.com/pt_BR/soccer/brasileir%C3%A3o-s%C3%A9rie-a-2023/czjx4rda7swlzql5d1cq90r8/match/view/dqswrbxh7v17qdp20bhx2eu50,1,2,0,0,0,0,0,1,3,0,0,0,0,0,2,0,5,0,0,0,0,0.4,0.0,2.0,3.0,2.0,2.6,-0.6,3.2,0.2,0.13333333333333333,72,0.13333333333333333,1.8,2.0,3.0,0.0,0.8,0.4,0.4,1.2,0.2,0.6,148,0.6666666666666666,1
1485,drtxrwr2mtrwh8medct1vxgr8,2023,2023-11-26 16:00:00,2023,11,domingo,16,Clube Atlético Mineiro,Grêmio FB Porto Alegrense,Arena MRV,Braulio da Silva Machado,39.337,39337,26 de novembro de 2023 16:00,3,0,home_win,0,https://optaplayerstats.statsperform.com/pt_BR/soccer/brasileir%C3%A3o-s%C3%A9rie-a-2023/czjx4rda7swlzql5d1cq90r8/match/view/drtxrwr2mtrwh8medct1vxgr8,3,2,0,0,0,0,0,0,2,0,0,0,0,0,3,3,4,0,0,0,0,2.2,3.0,2.0,0.0,1.8,0.8,1.0,1.8,0.4,0.7333333333333333,148,0.6,2.4,4.0,0.0,1.0,2.2,1.6,0.6,2.0,0.2,0.8,34,0.6,1
1486,dr261txz1z5s0tic6d785ru38,2023,2023-11-26 18:30:00,2023,11,domingo,18,São Paulo FC,Cuiabá EC,Morumbi,Paulo Cesar Zanovelli da Silva,34.252,34252,26 de novembro de 2023 18:30,0,0,draw,1,https://optaplayerstats.statsperform.com/pt_BR/soccer/brasileir%C3%A3o-s%C3%A9rie-a-2023/czjx4rda7swlzql5d1cq90r8/match/view/dr261txz1z5s0tic6d785ru38,0,2,0,0,0,0,0,0,0,0,0,0,0,0,0,0,2,0,0,0,0,1.6,2.0,2.0,1.0,0.6,0.4,0.2,3.0,0.2,0.5333333333333333,148,1.0,2.0,3.0,1.0,1.0,1.2,0.6,0.6,3.0,0.0,0.6666666666666666,110,0.6666666666666666,1
1487,ds38odaz2guzchixl8fw6voyc,2023,2023-11-26 18:30:00,2023,11,domingo,18,SC Internacional,Red Bull Bragantino,Beira-Rio,Felipe Fernandes de Lima,22.471,22471,26 de novembro de 2023 18:30,1,0,home_win,0,https://optaplayerstats.statsperform.com/pt_BR/soccer/brasileir%C3%A3o-s%C3%A9rie-a-2023/czjx4rda7swlzql5d1cq90r8/match/view/ds38odaz2guzchixl8fw6voyc,1,5,0,0,0,1,0,0,5,0,0,0,0,0,1,1,10,0,0,1,0,1.0,1.0,2.0,2.0,1.2,1.8,-0.6,2.4,0.2,0.3333333333333333,148,0.5333333333333333,1.4,2.0,1.0,2.0,1.0,0.8,0.2,2.2,0.2,0.4666666666666667,148,0.4666666666666666,1
1488,dslmzfhmrkt0p7a018tcae0wk,2023,2023-11-26 18:30:00,2023,11,domingo,18,Fortaleza EC,SE Palmeiras,Castelão,André Luiz Skettino Policarpo Bento,40.382,40382,26 de novembro de 2023 18:30,2,2,draw,1,https://optaplayerstats.statsperform.com/pt_BR/soccer/brasileir%C3%A3o-s%C3%A9rie-a-2023/czjx4rda7swlzql5d1cq90r8/match/view/dslmzfhmrkt0p7a018tcae0wk,2,2,0,0,0,0,0,2,3,1,0,1,0,0,4,0,5,1,1,0,0,0.4,0.0,2.0,3.0,0.8,1.6,-0.8,1.2,0.0,0.13333333333333333,148,0.3333333333333333,2.4,4.0,0.0,1.0,1.8,1.2,0.6,2.2,0.2,0.8,148,0.39999999999999997,1
1489,dsuttmxucrpced0bl7reqwbv8,2023,2023-11-26 18:30:00,2023,11,domingo,18,América FC (Minas Gerais),CR Flamengo,Estádio Municipal João Havelange,Rodrigo José Pereira de Lima,39.900,39900,26 de novembro de 2023 18:30,0,3,away_win,2,https://optaplayerstats.statsperform.com/pt_BR/soccer/brasileir%C3%A3o-s%C3%A9rie-a-2023/czjx4rda7swlzql5d1cq90r8/match/view/dsuttmxucrpced0bl7reqwbv8,0,4,0,0,0,0,0,3,4,0,0,0,0,0,3,-3,8,0,0,0,0,0.4,0.0,2.0,3.0,1.2,2.2,-1.0,1.0,0.2,0.13333333333333333,110,0.06666666666666667,2.0,3.0,1.0,1.0,1.6,0.6,1.0,2.2,0.6,0.6666666666666666,148,0.5333333333333333,1
1490,drkn3kav9286x5bh1s75xoetw,2023,2023-11-27 21:00:00,2023,11,segunda-feira,21,Goiás EC,Cruzeiro EC,Estádio Hailé Pinheiro (Serrinha),Ramon Abatti,9.143,9143,27 de novembro de 2023 21:00,0,1,away_win,2,https://optaplayerstats.statsperform.com/pt_BR/soccer/brasileir%C3%A3o-s%C3%A9rie-a-2023/czjx4rda7swlzql5d1cq90r8/match/view/drkn3kav9286x5bh1s75xoetw,0,3,0,0,0,0,0,1,3,0,0,0,0,0,1,-1,6,0,0,0,0,0.8,1.0,1.0,3.0,0.6,1.2,-0.6,2.4,0.0,0.26666666666666666,72,0.26666666666666666,0.8,1.0,1.0,3.0,0.8,1.2,-0.4,2.4,0.2,0.26666666666666666,34,0.4666666666666666,1
1491,dtd98skh6d3iwrjijy2c9jdw4,2023,2023-11-28 21:30:00,2023,11,terça-feira,21,CR Vasco da Gama,SC Corinthians Paulista,São Januário,Sávio Pereira Sampaio,20.577,20577,28 de novembro de 2023 21:30,2,4,away_win,2,https://optaplayerstats.statsperform.com/pt_BR/soccer/brasileir%C3%A3o-s%C3%A9rie-a-2023/czjx4rda7swlzql5d1cq90r8/match/view/dtd98skh6d3iwrjijy2c9jdw4,2,3,0,0,0,0,0,4,2,0,0,0,0,0,6,-2,5,0,0,0,0,2.2,3.0,2.0,0.0,1.4,0.6,0.8,1.6,0.2,0.7333333333333333,35,0.6666666666666666,1.4,2.0,1.0,2.0,0.8,1.4,-0.6,2.6,0.2,0.4666666666666667,149,0.4666666666666666,1
1492,dtvpm71n9qr8wvmq2443jgd90,2023,2023-11-29 19:00:00,2023,11,quarta-feira,19,Santos FC Sao Paulo,Fluminense FC,Vila Belmiro,Anderson Daronco,12.855,12855,29 de novembro de 2023 19:00,0,3,away_win,2,https://optaplayerstats.statsperform.com/pt_BR/soccer/brasileir%C3%A3o-s%C3%A9rie-a-2023/czjx4rda7swlzql5d1cq90r8/match/view/dtvpm71n9qr8wvmq2443jgd90,0,2,0,0,0,0,0,3,3,0,0,0,0,0,3,-3,5,0,0,0,0,1.8,2.0,3.0,0.0,0.8,0.4,0.4,1.4,0.2,0.6,149,0.5333333333333333,1.6,2.0,2.0,1.0,0.8,0.6,0.2,3.6,0.2,0.5333333333333333,149,0.13333333333333333,1
1493,dt3z7yjz7nqouhek8dfk9quj8,2023,2023-11-29 19:30:00,2023,11,quarta-feira,19,CR Flamengo,Clube Atlético Mineiro,Estádio Jornalista Mário Filho (Maracanã),Ramon Abatti,65.305,65305,29 de novembro de 2023 19:30,0,3,away_win,2,https://optaplayerstats.statsperform.com/pt_BR/soccer/brasileir%C3%A3o-s%C3%A9rie-a-2023/czjx4rda7swlzql5d1cq90r8/match/view/dt3z7yjz7nqouhek8dfk9quj8,0,3,0,0,0,0,0,3,2,0,0,0,0,0,3,-3,5,0,0,0,0,2.6,4.0,1.0,0.0,2.0,0.2,1.8,2.6,0.2,0.8666666666666667,149,0.6666666666666666,2.2,3.0,2.0,0.0,2.0,0.8,1.2,1.8,0.4,0.7333333333333333,149,0.7333333333333334,1
1494,dv7lk9fhieulcyoeifwyp7r4k,2023,2023-11-29 20:00:00,2023,11,quarta-feira,20,EC Bahia,São Paulo FC,Arena Fonte Nova,Braulio da Silva Machado,45.756,45756,29 de novembro de 2023 20:00,0,1,away_win,2,https://optaplayerstats.statsperform.com/pt_BR/soccer/brasileir%C3%A3o-s%C3%A9rie-a-2023/czjx4rda7swlzql5d1cq90r8/match/view/dv7lk9fhieulcyoeifwyp7r4k,0,4,0,0,0,0,0,1,3,0,0,0,0,0,1,-1,7,0,0,0,0,1.4,2.0,1.0,2.0,1.4,1.2,0.2,2.6,0.2,0.4666666666666667,35,0.6666666666666666,1.6,2.0,2.0,1.0,0.4,0.2,0.2,2.4,0.2,0.5333333333333333,149,0.13333333333333333,1
1495,dvgxawo8ff4ob12f8oqzg2c5w,2023,2023-11-29 20:00:00,2023,11,quarta-feira,20,Cuiabá EC,SC Internacional,Arena Pantanal,Dyorgines José Padovani Andrade,12.527,12527,29 de novembro de 2023 20:00,0,2,away_win,2,https://optaplayerstats.statsperform.com/pt_BR/soccer/brasileir%C3%A3o-s%C3%A9rie-a-2023/czjx4rda7swlzql5d1cq90r8/match/view/dvgxawo8ff4ob12f8oqzg2c5w,0,4,0,0,0,0,0,2,2,0,0,0,0,0,2,-2,6,0,0,0,0,1.6,2.0,2.0,1.0,1.0,0.6,0.4,1.8,0.0,0.5333333333333333,111,0.3333333333333333,1.6,2.0,2.0,1.0,0.8,1.0,-0.2,2.0,0.0,0.5333333333333333,149,0.39999999999999997,1
1496,dtmjlg95wnhg65h48mflg6rro,2023,2023-11-29 21:30:00,2023,11,quarta-feira,21,SE Palmeiras,América FC (Minas Gerais),Allianz Parque,Wilton Pereira Sampaio,29.717,29717,29 de novembro de 2023 21:30,4,0,home_win,0,https://optaplayerstats.statsperform.com/pt_BR/soccer/brasileir%C3%A3o-s%C3%A9rie-a-2023/czjx4rda7swlzql5d1cq90r8/match/view/dtmjlg95wnhg65h48mflg6rro,4,2,0,0,0,0,1,0,2,0,0,0,0,0,4,4,4,0,0,0,1,2.0,3.0,1.0,1.0,2.0,1.6,0.4,2.6,0.4,0.6666666666666666,149,0.7999999999999999,0.4,0.0,2.0,3.0,0.6,2.0,-1.4,1.8,0.2,0.13333333333333333,111,0.13333333333333333,1
1497,duycvyp4oxn97ymvittdu95hw,2023,2023-11-29 21:30:00,2023,11,quarta-feira,21,Coritiba FBC,Botafogo FR,Couto Pereira,Rodrigo José Pereira de Lima,No data,,29 de novembro de 2023 21:30,1,1,draw,1,https://optaplayerstats.statsperform.com/pt_BR/soccer/brasileir%C3%A3o-s%C3%A9rie-a-2023/czjx4rda7swlzql5d1cq90r8/match/view/duycvyp4oxn97ymvittdu95hw,1,4,1,0,1,0,0,1,1,1,0,1,1,0,2,0,5,2,1,1,0,1.2,2.0,0.0,3.0,1.2,1.0,0.2,2.6,0.4,0.4,73,0.19999999999999998,0.6,0.0,3.0,2.0,1.6,2.0,-0.4,2.2,0.0,0.2,73,0.5333333333333333,1
1498,dup397v2ozo9zyo2hdrdq5u6s,2023,2023-11-30 19:00:00,2023,11,quinta-feira,19,Grêmio FB Porto Alegrense,Goiás EC,Arena do Grêmio,Marcelo de Lima Henrique,36.875,36875,30 de novembro de 2023 19:00,2,1,home_win,0,https://optaplayerstats.statsperform.com/pt_BR/soccer/brasileir%C3%A3o-s%C3%A9rie-a-2023/czjx4rda7swlzql5d1cq90r8/match/view/dup397v2ozo9zyo2hdrdq5u6s,2,3,0,0,0,0,0,1,2,0,0,0,0,0,3,1,5,0,0,0,0,1.8,3.0,0.0,2.0,1.4,1.6,-0.2,2.0,0.2,0.6,35,0.6,0.6,1.0,0.0,4.0,0.4,1.2,-0.8,2.6,0.0,0.2,73,0.3333333333333333,1
1499,duftct8i6arxfe3h8nped4npw,2023,2023-11-30 20:00:00,2023,11,quinta-feira,20,Cruzeiro EC,Club Athletico Paranaense,Mineirão,Leandro Pedro Vuaden,36.696,36696,30 de novembro de 2023 20:00,1,1,draw,1,https://optaplayerstats.statsperform.com/pt_BR/soccer/brasileir%C3%A3o-s%C3%A9rie-a-2023/czjx4rda7swlzql5d1cq90r8/match/view/duftct8i6arxfe3h8nped4npw,1,3,0,0,0,0,0,1,4,0,0,0,0,0,2,0,7,0,0,0,0,1.4,2.0,1.0,2.0,1.0,1.0,0.0,2.4,0.0,0.4666666666666667,35,0.3333333333333333,0.6,0.0,3.0,2.0,0.4,0.8,-0.4,2.4,0.0,0.2,149,0.3333333333333333,1
1500,du6m1db2xyad5hbmc3nfpy2hg,2023,2023-11-30 20:30:00,2023,11,quinta-feira,20,Red Bull Bragantino,Fortaleza EC,Nabizão,Denis Ribeiro Serafim,4.516,4516,30 de novembro de 2023 20:30,1,2,away_win,2,https://optaplayerstats.statsperform.com/pt_BR/soccer/brasileir%C3%A3o-s%C3%A9rie-a-2023/czjx4rda7swlzql5d1cq90r8/match/view/du6m1db2xyad5hbmc3nfpy2hg,1,1,2,0,2,0,0,2,4,0,0,0,0,0,3,-1,5,2,1,0,0,0.8,1.0,1.0,3.0,0.6,1.0,-0.4,2.6,0.2,0.26666666666666666,149,0.6666666666666666,0.6,0.0,3.0,2.0,1.2,1.6,-0.4,1.4,0.0,0.2,149,0.06666666666666667,1
1501,dwh9u4tvzsl8a9f0qxushmi38,2023,2023-12-02 18:00:00,2023,12,sábado,18,SC Corinthians Paulista,SC Internacional,Neo Química Arena,Caio Max Augusto Vieira,40.338,40338,2 de dezembro de 2023 18:00,1,2,away_win,2,https://optaplayerstats.statsperform.com/pt_BR/soccer/brasileir%C3%A3o-s%C3%A9rie-a-2023/czjx4rda7swlzql5d1cq90r8/match/view/dwh9u4tvzsl8a9f0qxushmi38,1,2,1,0,1,0,0,2,2,0,0,0,0,0,3,-1,4,1,1,0,0,1.4,2.0,1.0,2.0,1.4,1.8,-0.4,2.8,0.2,0.4666666666666667,150,0.39999999999999997,2.0,3.0,1.0,1.0,1.0,0.8,0.2,2.4,0.0,0.6666666666666666,150,0.6,1
1502,dwzlwb5vth31sceb6srd2hk44,2023,2023-12-02 21:00:00,2023,12,sábado,21,Clube Atlético Mineiro,São Paulo FC,Mineirão,Sávio Pereira Sampaio,53.856,53856,2 de dezembro de 2023 21:00,2,1,home_win,0,https://optaplayerstats.statsperform.com/pt_BR/soccer/brasileir%C3%A3o-s%C3%A9rie-a-2023/czjx4rda7swlzql5d1cq90r8/match/view/dwzlwb5vth31sceb6srd2hk44,2,4,0,0,0,0,0,1,1,0,0,0,1,0,3,1,5,0,0,1,0,2.2,3.0,2.0,0.0,2.0,0.6,1.4,2.2,0.4,0.7333333333333333,150,0.7999999999999999,1.6,2.0,2.0,1.0,0.4,0.2,0.2,2.8,0.2,0.5333333333333333,150,0.3333333333333333,1
1503,dvq1h8ns4bj6o3qkvfrk1xkb8,2023,2023-12-03 16:00:00,2023,12,domingo,16,CR Flamengo,Cuiabá EC,Estádio Jornalista Mário Filho (Maracanã),Rodrigo José Pereira de Lima,63.148,63148,3 de dezembro de 2023 16:00,2,1,home_win,0,https://optaplayerstats.statsperform.com/pt_BR/soccer/brasileir%C3%A3o-s%C3%A9rie-a-2023/czjx4rda7swlzql5d1cq90r8/match/view/dvq1h8ns4bj6o3qkvfrk1xkb8,2,2,0,0,0,0,0,1,1,0,0,0,1,0,3,1,3,0,0,1,0,2.0,3.0,1.0,1.0,1.6,0.8,0.8,2.6,0.2,0.6666666666666666,150,0.4666666666666666,1.6,2.0,2.0,1.0,1.0,0.6,0.4,2.2,0.0,0.5333333333333333,112,0.7333333333333334,1
1504,dw85y43srdg26ms15bzpup7v8,2023,2023-12-03 16:00:00,2023,12,domingo,16,SE Palmeiras,Fluminense FC,Allianz Parque,Braulio da Silva Machado,29.986,29986,3 de dezembro de 2023 16:00,1,0,home_win,0,https://optaplayerstats.statsperform.com/pt_BR/soccer/brasileir%C3%A3o-s%C3%A9rie-a-2023/czjx4rda7swlzql5d1cq90r8/match/view/dw85y43srdg26ms15bzpup7v8,1,1,0,0,0,0,0,0,2,1,0,1,0,0,1,1,3,1,1,0,0,2.0,3.0,1.0,1.0,2.0,1.0,1.0,2.0,0.4,0.6666666666666666,150,1.0,2.2,3.0,2.0,0.0,1.4,0.4,1.0,3.4,0.2,0.7333333333333333,150,0.3333333333333333,1
1505,dvz2aptzvhp7w079duqxl61hw,2023,2023-12-03 18:30:00,2023,12,domingo,18,Botafogo FR,Cruzeiro EC,Estádio Nilton Santos,Wilton Pereira Sampaio,15.462,15462,3 de dezembro de 2023 18:30,0,0,draw,1,https://optaplayerstats.statsperform.com/pt_BR/soccer/brasileir%C3%A3o-s%C3%A9rie-a-2023/czjx4rda7swlzql5d1cq90r8/match/view/dvz2aptzvhp7w079duqxl61hw,0,4,0,0,0,0,0,0,3,0,0,0,0,0,0,0,7,0,0,0,0,0.8,0.0,4.0,1.0,1.8,2.0,-0.2,1.6,0.2,0.26666666666666666,74,0.13333333333333333,1.6,2.0,2.0,1.0,1.0,0.8,0.2,2.6,0.0,0.5333333333333333,36,0.6,1
1506,dwqgxd8pqvw2yzy35tucb8hlg,2023,2023-12-03 18:30:00,2023,12,domingo,18,Red Bull Bragantino,Coritiba FBC,Nabizão,Dyorgines José Padovani Andrade,3.442,3442,3 de dezembro de 2023 18:30,1,0,home_win,0,https://optaplayerstats.statsperform.com/pt_BR/soccer/brasileir%C3%A3o-s%C3%A9rie-a-2023/czjx4rda7swlzql5d1cq90r8/match/view/dwqgxd8pqvw2yzy35tucb8hlg,1,4,0,0,0,0,0,0,1,0,0,0,0,0,1,1,5,0,0,0,0,0.2,0.0,1.0,4.0,0.6,1.4,-0.8,2.6,0.6,0.06666666666666667,150,0.4666666666666666,1.4,2.0,1.0,2.0,1.2,0.8,0.4,3.0,0.4,0.4666666666666667,74,0.6,1
1507,dx8u45kyioapn8pk82c2lz5zo,2023,2023-12-03 18:30:00,2023,12,domingo,18,Grêmio FB Porto Alegrense,CR Vasco da Gama,Arena do Grêmio,Ramon Abatti,48.106,48106,3 de dezembro de 2023 18:30,1,0,home_win,0,https://optaplayerstats.statsperform.com/pt_BR/soccer/brasileir%C3%A3o-s%C3%A9rie-a-2023/czjx4rda7swlzql5d1cq90r8/match/view/dx8u45kyioapn8pk82c2lz5zo,1,3,0,0,0,0,0,0,1,0,0,0,0,0,1,1,4,0,0,0,0,1.8,3.0,0.0,2.0,1.4,1.6,-0.2,2.2,0.2,0.6,36,0.6,1.6,2.0,2.0,1.0,1.4,1.4,0.0,2.0,0.2,0.5333333333333333,36,0.39999999999999997,1
1508,dxi09aoyoz0gajqab89nxqas4,2023,2023-12-03 18:30:00,2023,12,domingo,18,Club Athletico Paranaense,Santos FC Sao Paulo,Arena da Baixada,Rafael Rodrigo Klein,21.056,21056,3 de dezembro de 2023 18:30,3,0,home_win,0,https://optaplayerstats.statsperform.com/pt_BR/soccer/brasileir%C3%A3o-s%C3%A9rie-a-2023/czjx4rda7swlzql5d1cq90r8/match/view/dxi09aoyoz0gajqab89nxqas4,3,5,0,0,0,0,0,0,4,0,0,0,0,0,3,3,9,0,0,0,0,0.8,0.0,4.0,1.0,0.6,0.8,-0.2,2.8,0.0,0.26666666666666666,150,0.4666666666666666,1.2,1.0,3.0,1.0,0.4,0.8,-0.4,1.4,0.0,0.4,150,0.5333333333333333,1
1509,dxr5daelihzbxch0fqlangzdg,2023,2023-12-03 18:30:00,2023,12,domingo,18,Fortaleza EC,Goiás EC,Castelão,Anderson Daronco,50.317,50317,3 de dezembro de 2023 18:30,1,0,home_win,0,https://optaplayerstats.statsperform.com/pt_BR/soccer/brasileir%C3%A3o-s%C3%A9rie-a-2023/czjx4rda7swlzql5d1cq90r8/match/view/dxr5daelihzbxch0fqlangzdg,1,2,0,0,0,0,0,0,4,0,0,0,0,0,1,1,6,0,0,0,0,1.0,1.0,2.0,2.0,1.4,1.6,-0.2,2.2,0.0,0.3333333333333333,150,0.3333333333333333,0.6,1.0,0.0,4.0,0.6,1.2,-0.6,2.4,0.0,0.2,74,0.26666666666666666,1
1510,dy0cz1t5qabxzbthj9v3jnh90,2023,2023-12-03 18:30:00,2023,12,domingo,18,América FC (Minas Gerais),EC Bahia,Estádio Raimundo Sampaio,Marcelo de Lima Henrique,2.471,2471,3 de dezembro de 2023 18:30,3,2,home_win,0,https://optaplayerstats.statsperform.com/pt_BR/soccer/brasileir%C3%A3o-s%C3%A9rie-a-2023/czjx4rda7swlzql5d1cq90r8/match/view/dy0cz1t5qabxzbthj9v3jnh90,3,2,1,0,1,0,0,2,0,0,0,0,1,0,5,1,2,1,1,1,0,0.2,0.0,1.0,4.0,0.4,2.6,-2.2,1.8,0.2,0.06666666666666667,112,0.06666666666666667,0.8,1.0,1.0,3.0,1.2,1.4,-0.2,3.0,0.2,0.26666666666666666,36,0.39999999999999997,1
1511,dzbrqnbbd7m02mh0cltepmi38,2023,2023-12-06 19:00:00,2023,12,quarta-feira,19,Goiás EC,América FC (Minas Gerais),Estádio Hailé Pinheiro (Serrinha),Davi de Oliveira Lacerda,1.966,1966,6 de dezembro de 2023 19:00,1,0,home_win,0,https://optaplayerstats.statsperform.com/pt_BR/soccer/brasileir%C3%A3o-s%C3%A9rie-a-2023/czjx4rda7swlzql5d1cq90r8/match/view/dzbrqnbbd7m02mh0cltepmi38,1,2,0,0,0,0,0,0,2,0,0,0,0,0,1,1,4,0,0,0,0,0.0,0.0,0.0,5.0,0.4,1.4,-1.0,2.6,0.0,0.0,75,0.26666666666666666,0.6,1.0,0.0,4.0,0.8,2.8,-2.0,1.8,0.2,0.2,113,0.13333333333333333,1
1512,dy9i5ogyxjn8uqyzsf4ijoahg,2023,2023-12-06 21:30:00,2023,12,quarta-feira,21,Fluminense FC,Grêmio FB Porto Alegrense,Estádio Jornalista Mário Filho (Maracanã),Raphael Claus,43.286,43286,6 de dezembro de 2023 21:30,2,3,away_win,2,https://optaplayerstats.statsperform.com/pt_BR/soccer/brasileir%C3%A3o-s%C3%A9rie-a-2023/czjx4rda7swlzql5d1cq90r8/match/view/dy9i5ogyxjn8uqyzsf4ijoahg,2,3,0,0,0,1,0,3,3,0,0,0,1,0,5,-1,6,0,0,1,0,2.0,3.0,1.0,1.0,1.4,0.6,0.8,3.2,0.4,0.6666666666666666,151,0.6666666666666666,1.8,3.0,0.0,2.0,1.4,1.6,-0.2,2.4,0.2,0.6,37,0.6,1
1513,dykfkagvqqndkwt56ph8meqz8,2023,2023-12-06 21:30:00,2023,12,quarta-feira,21,CR Vasco da Gama,Red Bull Bragantino,São Januário,Wilton Pereira Sampaio,20.037,20037,6 de dezembro de 2023 21:30,2,1,home_win,0,https://optaplayerstats.statsperform.com/pt_BR/soccer/brasileir%C3%A3o-s%C3%A9rie-a-2023/czjx4rda7swlzql5d1cq90r8/match/view/dykfkagvqqndkwt56ph8meqz8,2,3,0,0,0,0,0,1,1,1,0,1,0,0,3,1,4,1,1,0,0,1.0,1.0,2.0,2.0,1.2,1.6,-0.4,1.8,0.2,0.3333333333333333,37,0.6,0.8,1.0,1.0,3.0,0.8,1.2,-0.4,3.0,0.6,0.26666666666666666,151,0.39999999999999997,1
1514,dytgvr7u14zo32xdmrttt8zdg,2023,2023-12-06 21:30:00,2023,12,quarta-feira,21,São Paulo FC,CR Flamengo,Morumbi,Caio Max Augusto Vieira,36.618,36618,6 de dezembro de 2023 21:30,1,0,home_win,0,https://optaplayerstats.statsperform.com/pt_BR/soccer/brasileir%C3%A3o-s%C3%A9rie-a-2023/czjx4rda7swlzql5d1cq90r8/match/view/dytgvr7u14zo32xdmrttt8zdg,1,0,0,0,0,0,0,0,3,0,0,0,0,0,1,1,3,0,0,0,0,1.0,1.0,2.0,2.0,0.4,0.6,-0.2,2.6,0.2,0.3333333333333333,151,0.8666666666666667,2.0,3.0,1.0,1.0,1.4,1.0,0.4,2.8,0.2,0.6666666666666666,151,0.6666666666666666,1
1515,dz2opfgxe4djuxi747wzk9v6c,2023,2023-12-06 21:30:00,2023,12,quarta-feira,21,Santos FC Sao Paulo,Fortaleza EC,Vila Belmiro,Leandro Pedro Vuaden,14.130,14130,6 de dezembro de 2023 21:30,1,2,away_win,2,https://optaplayerstats.statsperform.com/pt_BR/soccer/brasileir%C3%A3o-s%C3%A9rie-a-2023/czjx4rda7swlzql5d1cq90r8/match/view/dz2opfgxe4djuxi747wzk9v6c,1,2,0,0,0,0,0,2,3,0,0,0,0,0,3,-1,5,0,0,0,0,1.0,1.0,2.0,2.0,0.4,1.4,-1.0,2.0,0.0,0.3333333333333333,151,0.3333333333333333,1.6,2.0,2.0,1.0,1.4,1.2,0.2,2.2,0.0,0.5333333333333333,151,0.26666666666666666,1
1516,dzl0fck001tje792d0c6kaoes,2023,2023-12-06 21:30:00,2023,12,quarta-feira,21,Cruzeiro EC,SE Palmeiras,Mineirão,Anderson Daronco,44.190,44190,6 de dezembro de 2023 21:30,1,1,draw,1,https://optaplayerstats.statsperform.com/pt_BR/soccer/brasileir%C3%A3o-s%C3%A9rie-a-2023/czjx4rda7swlzql5d1cq90r8/match/view/dzl0fck001tje792d0c6kaoes,1,1,0,0,0,0,0,1,1,0,0,0,0,0,2,0,2,0,0,0,0,1.8,2.0,3.0,0.0,1.0,0.6,0.4,2.4,0.0,0.6,37,0.3333333333333333,2.0,3.0,1.0,1.0,2.0,1.0,1.0,1.6,0.4,0.6666666666666666,151,0.4666666666666666,1
1517,dzu67p0314lxzpvii3vcw8t90,2023,2023-12-06 21:30:00,2023,12,quarta-feira,21,SC Internacional,Botafogo FR,Beira-Rio,Flavio Rodrigues De Souza,27.844,27844,6 de dezembro de 2023 21:30,3,1,home_win,0,https://optaplayerstats.statsperform.com/pt_BR/soccer/brasileir%C3%A3o-s%C3%A9rie-a-2023/czjx4rda7swlzql5d1cq90r8/match/view/dzu67p0314lxzpvii3vcw8t90,3,1,0,0,0,0,0,1,2,0,0,0,0,0,4,2,3,0,0,0,0,2.0,3.0,1.0,1.0,1.0,0.8,0.2,2.6,0.0,0.6666666666666666,151,0.5333333333333333,1.0,0.0,5.0,0.0,1.2,1.2,0.0,2.4,0.2,0.3333333333333333,75,0.39999999999999997,1
1518,e03d0e98u6c89udsvyasew6c4,2023,2023-12-06 21:30:00,2023,12,quarta-feira,21,Coritiba FBC,SC Corinthians Paulista,Couto Pereira,Jonathan Benkenstein Pinheiro,No data,,6 de dezembro de 2023 21:30,0,2,away_win,2,https://optaplayerstats.statsperform.com/pt_BR/soccer/brasileir%C3%A3o-s%C3%A9rie-a-2023/czjx4rda7swlzql5d1cq90r8/match/view/e03d0e98u6c89udsvyasew6c4,0,1,0,0,0,0,0,2,0,0,0,0,0,0,2,-2,1,0,0,0,0,1.4,2.0,1.0,2.0,1.2,0.8,0.4,2.4,0.2,0.4666666666666667,75,0.26666666666666666,1.4,2.0,1.0,2.0,1.6,2.0,-0.4,2.8,0.4,0.4666666666666667,151,0.6666666666666666,1
1519,e0cl3kbryzrmwqfu1akdlbx90,2023,2023-12-06 21:30:00,2023,12,quarta-feira,21,EC Bahia,Clube Atlético Mineiro,Arena Fonte Nova,Ramon Abatti,27.743,27743,6 de dezembro de 2023 21:30,4,1,home_win,0,https://optaplayerstats.statsperform.com/pt_BR/soccer/brasileir%C3%A3o-s%C3%A9rie-a-2023/czjx4rda7swlzql5d1cq90r8/match/view/e0cl3kbryzrmwqfu1akdlbx90,4,2,0,0,0,0,0,1,2,0,0,0,0,0,5,3,4,0,0,0,0,0.8,1.0,1.0,3.0,1.6,1.8,-0.2,2.2,0.2,0.26666666666666666,37,0.4666666666666666,2.6,4.0,1.0,0.0,2.2,0.6,1.6,2.6,0.2,0.8666666666666667,151,0.7333333333333334,1
1520,e0lspoqwbewhiwqp0rsziu8t0,2023,2023-12-06 21:30:00,2023,12,quarta-feira,21,Cuiabá EC,Club Athletico Paranaense,Arena Pantanal,Paulo Belence Alves dos Prazeres Filho,9.689,9689,6 de dezembro de 2023 21:30,3,0,home_win,0,https://optaplayerstats.statsperform.com/pt_BR/soccer/brasileir%C3%A3o-s%C3%A9rie-a-2023/czjx4rda7swlzql5d1cq90r8/match/view/e0lspoqwbewhiwqp0rsziu8t0,3,4,0,1,1,1,0,0,3,0,0,0,0,0,3,3,7,1,1,1,0,1.4,2.0,1.0,2.0,1.2,1.0,0.2,2.0,0.0,0.4666666666666667,113,0.26666666666666666,1.4,1.0,4.0,0.0,1.2,0.6,0.6,3.0,0.0,0.4666666666666667,151,0.19999999999999998,1
